﻿<?xml version="1.0"?>
<Settings>
  <PortalSettings>
    <Port>2244</Port>
    <Secure>False</Secure>
    <WebsitePath>\Website\DaaS</WebsitePath>
    <FQDN>$env:COMPUTERNAME</FQDN>
    <PathToPSFiles>\Scripts\</PathToPSFiles>
    <AllowedPSFiles>Assign-User.ps1, Auth-User.ps1, Bootstrap.ps1, Create-User.ps1, Custom-Desk.ps1, Generic.ps1, Get-AppList.ps1</AllowedPSFiles>
  </PortalSettings>
  <EmailSettings>
    <EmailTemplatePath>\Website\DaaS\emails\ready.html</EmailTemplatePath>
    <SMTPServer>ericom-com.mail.protection.outlook.com</SMTPServer>
    <SMTPPort>25</SMTPPort>
    <SMTPFrom>daas@ericom.com</SMTPFrom>
    <SMTPUsername>daas@ericom.com</SMTPUsername>
    <SMTPPassword>1qaz@Wsx#</SMTPPassword>
    <ListOfCc>
    </ListOfCc>
    <ListOfBcc>david.oprea@ericom.com, erez.pasternak@ericom.com</ListOfBcc>
  </EmailSettings>
  <ADSettings>
    <Domain>daas.local</Domain>
    <Administrator>ericom@daas.local</Administrator>
    <Password>Ericom123$</Password>
    <BaseADGroup>DaaS-RDP</BaseADGroup>
  </ADSettings>
  <ConnectSettings>
    <EC_AdminUser>ericom@daas.local</EC_AdminUser>
    <EC_AdminPass>Ericom123$</EC_AdminPass>
  </ConnectSettings>
</Settings>
