<?xml version="1.0" encoding="utf-8"?>
<TranslatableMessageGroups xmlns:xsi="http://www.w3.org/2001/XMLSchema-instance" xsi:noNamespaceSchemaLocation="..\..\EricomUtilities\GenericUtilities\TranslatableMessages.xsd">
  <TranslatableMessages groupName="AdminWebServiceError" namespace="Ericom.Utilities.Generic" purpose="exception">
    <TranslatableMessage id="AllResponseStructuresMustIncludeADATACaseSensitiveSection" parameters="" md5="02BF8E792FEEBAA7EFFC144D10C0956C">All response structures must include a DATA (case sensitive) section</TranslatableMessage>
    <TranslatableMessage id="AdministrativePrivilegesNeededToStartClientWebServiceAt" parameters="unknown/String" md5="C044C4F7AA3D7ED6355BF10FA1BB3985">Administrative privileges needed to start Client Web Service at {0}</TranslatableMessage>
    <TranslatableMessage id="CommandLineParsingError" parameters="unknown/String" md5="9D8EA78AD552E9A77FCBA91A6837DE3C">Command line parsing error: {0}</TranslatableMessage>
    <TranslatableMessage id="InvalidUrlPortValueMustBe" parameters="unknown/int" md5="CF067B41605B0D3965858D29AE08EA6C">Invalid UrlPort: {0}. Value must be &gt;= 0.</TranslatableMessage>
    <TranslatableMessage id="PortIsInUse" parameters="unknown/int" md5="F0E9E9466B5B84E3FCCA55140B319116">Port {0} is in use</TranslatableMessage>
    <TranslatableMessage id="CannotFindWebPageDirectory" parameters="" md5="DB5C5AF2334E40FD0160BAE7D5CAC238">Cannot find web page directory</TranslatableMessage>
    <TranslatableMessage id="TopLevelWithSectionsAndPropertiesNotSupported" parameters="" md5="273C1969621B1CA2AE752669D3775F7F">Top level with sections and properties not supported</TranslatableMessage>
    <TranslatableMessage id="IncorrectActiveDirectoryId" parameters="unknown/String" md5="F8D3C0B03FA00F13C2FE9FE1C328E3AE">Incorrect activeDirectoryId: {0}</TranslatableMessage>
    <TranslatableMessage id="FixTypes" parameters="unknown/String unknown/String" md5="408AFF4B02AE46D85BCFB247994703BC">FixTypes.  Unable to convert param '{0}' from {1}</TranslatableMessage>
    <TranslatableMessage id="ThisApplicationRequiresAdministrativeRights" parameters="" md5="43C38912AAC720DDA30AFA348ACA465E">This application requires administrative rights</TranslatableMessage>
  </TranslatableMessages>
  <TranslatableMessages groupName="AdminWebServiceException" namespace="Ericom.Utilities.Generic" purpose="exception">
    <TranslatableMessage id="DidNotFindCloudConnectSystemStatusFor" parameters="unknown/String" md5="7C0836507CBD339CB0660F766D1F0B33">Did not find CloudConnectSystemStatus for '{0}'</TranslatableMessage>
    <TranslatableMessage id="TextWas" parameters="unknown/String" md5="E8D2A88428A8BDD6CB24A0E088C57082">text was '{0}'</TranslatableMessage>
    <TranslatableMessage id="CannotParseCommandLine" parameters="" md5="3AA71A16FC4BE6B6A89409BA8EF1896F">Cannot parse command line</TranslatableMessage>
    <TranslatableMessage id="ShouldNotBeAbleToGetHere" parameters="" md5="E4EF43F55CE6181488F91F7DC990926F">Should not be able to get here.</TranslatableMessage>
    <TranslatableMessage id="TheWebServerFolderProvidedInTheCommandLineDoesNotExist" parameters="" md5="D7E5203DDEC44E2537360C01A1377C8F">The Web Server folder provided in the command line does not exist</TranslatableMessage>
    <TranslatableMessage id="WorkerThreadTerminatedAbnormally" parameters="" md5="65C20D0DBB218A9F317EAB0FC6923446">Worker thread terminated abnormally</TranslatableMessage>
    <TranslatableMessage id="UnhandledCaseOptionsMStartModeValue" parameters="unknown/object" md5="05D687F974E9C7172A30C0BE7AB23C8C">Unhandled case '{0}'</TranslatableMessage>
    <TranslatableMessage id="UnknownTypeForStandaloneServerConfig" parameters="unknown/String" md5="D0AF6979BA3A30BAA6BDF32C602BE203">Unknown type for StandaloneServerConfig {0}</TranslatableMessage>
    <TranslatableMessage id="DidNotFindStandaloneServerTypeFor" parameters="unknown/String" md5="6EF43D7D9B4780E88C349574E7E1469C">Did not find StandaloneServerType for '{0}'</TranslatableMessage>
    <TranslatableMessage id="DidNotFindStandaloneServerConfigFor" parameters="unknown/String" md5="88BF1DA3E1BA8F79153D3420BF514D0D">Did not find StandaloneServerConfig for '{0}'</TranslatableMessage>
    <TranslatableMessage id="UnknownTypeForNetworkComponentSaveRequestType" parameters="unknown/object" md5="60EFF6A83CAD5B83B5C07869248B2516">Unknown type for networkComponentSaveRequest.Type '{0}'</TranslatableMessage>
    <TranslatableMessage id="DidNotFindRemoteHostConfigFor" parameters="unknown/String" md5="2CD2A2CB8C5632B86F5C5CF772D5862F">Did not find remoteHostConfig for '{0}'</TranslatableMessage>
    <TranslatableMessage id="MustHaveARemoteHostGroupId" parameters="" md5="B1D7CBE2BB79B2F43850C1A4152EA25B">Must have a remoteHostGroupId</TranslatableMessage>
    <TranslatableMessage id="DidNotFindRemoteHostGroupFor" parameters="unknown/String" md5="002BC900A25EFC654C43B076702F4331">Did not find remoteHostGroup for '{0}'</TranslatableMessage>
    <TranslatableMessage id="CanNotChangeMembershipComputationForRemoteHostGroup" parameters="unknown/String" md5="CFC76A0FF9ED49C7AE8549BA6A08ECB0">Can not change MembershipComputation for remoteHostGroup '{0}'</TranslatableMessage>
    <TranslatableMessage id="RemoteHostGroupAllRemoteHostsCanNotBeUsedToAddToARemoteHostG" parameters="" md5="956A0B90DF3C07C857A0604DB085ABD0">remoteHostGroup.AllRemoteHosts can not be used to add to a RemoteHostGroup</TranslatableMessage>
    <TranslatableMessage id="DidNotFindResourceGroupsFor" parameters="unknown/String" md5="9E8A60393670A8DCBE4B9503BC8D0AB6">Did not find ResourceGroups for '{0}'</TranslatableMessage>
    <TranslatableMessage id="CouldNotFindAnyResourceGroups" parameters="unknown/string" md5="2B5E16861B1808ABDAC3630FB1A1CD59">Could not find any resource groups {0}</TranslatableMessage>
    <TranslatableMessage id="DidNotFindRemoteHostStatusFor" parameters="unknown/object" md5="AF98EEE7F7AD8A04ED01DE47D0868DB5">Did not find RemoteHostStatus for '{0}'</TranslatableMessage>
    <TranslatableMessage id="IllegalApplicationOnlyEXEApplicationsAreAllowed" parameters="unknown/String" md5="1B7501177E8D50787FE024204FF1AE57">Illegal application '{0}'. Only Shortcuts and EXE applications are allowed.</TranslatableMessage>
    <TranslatableMessage id="IllegalApplicationOnlyAbsolutePathsAreAllowed" parameters="unknown/String" md5="3CD0995472A2DC12B9AB3CB1B3B9CEA1">Illegal application '{0}'. Only absolute paths are allowed.</TranslatableMessage>
    <TranslatableMessage id="DidNotFindApplicationOnAnyRemoteServer" parameters="unknown/String" md5="E6697E29F062E785CE22CA9BF447488D">Did not find application on any remote server: '{0}'</TranslatableMessage>
    <TranslatableMessage id="DidNotFindResourceDefinitionFor" parameters="unknown/String" md5="473D7AD8D528770A3275614D62E5E2EE">Did not find ResourceDefinition for '{0}'</TranslatableMessage>
    <TranslatableMessage id="BadInputDataMissingIdColumn" parameters="" md5="33501421AB17EA456D41EB06DC4E8987">Bad input data: missing Id column</TranslatableMessage>
    <TranslatableMessage id="ResourceGroupMemberComputationModeAllResourcesCanNotBeUsedTo" parameters="" md5="3788DAD540CB1C59BF3C0C64FC57BF55">ResourceGroupMemberComputationMode.AllResources can not be used to add to a Resource Group</TranslatableMessage>
    <TranslatableMessage id="DidNotFindBindingGroupFor" parameters="unknown/String" md5="D48192204C60729F2D228256DC8BAC71">Did not find BindingGroup for '{0}'</TranslatableMessage>
    <TranslatableMessage id="SearchStringWasEmpty" parameters="" md5="639C0BF9C26F9125D294DB489E3DCCC5">SearchString was empty</TranslatableMessage>
    <TranslatableMessage id="ActiveDirectoryNameWasEmpty" parameters="" md5="1D6BC9D992E7AC88D673B28F4E76637E">ActiveDirectoryName was empty</TranslatableMessage>
    <TranslatableMessage id="DidNotFindResourceGroupFor" parameters="unknown/String" md5="CED40D4D71763637F3D63F54F32524EA">Did not find ResourceGroup for '{0}'</TranslatableMessage>
  </TranslatableMessages>
</TranslatableMessageGroups>