﻿<?xml version="1.0" encoding="utf-8" ?>
<PropertySetDefinition class="AppDisplayProperties" namespace="Ericom.MegaConnect.Runtime.XapApi" access="public" partial="true"
                       xmlns:xsi="http://www.w3.org/2001/XMLSchema-instance" xsi:noNamespaceSchemaLocation="..\..\EricomUtilities\GenericUtilities\PropertySetDefinition.xsd">

    <CustomTypes>
        <CustomType name="ApplicationClientType" assemblyName="Ericom.MegaConnect.Runtime.XapApi.ApplicationClientType, MegaConnectRuntimeXapApi"/>
    </CustomTypes>
    
    <Section name="" displayName="UI Properties" useSectionNamePrefix="true">
        <PropertyDefinition name="DisplayName" type="string" computationMethods="literal" visibleInUI="false" visibleInCommonUI="false" validation="typeOnly" blankAllowed="false"/>
        <PropertyDefinition name="DisplayPath" type="string" computationMethods="literal" validation="typeOnly" />
        <PropertyDefinition name="Description" type="string" computationMethods="literal" visibleInUI="false" visibleInCommonUI="false" validation="typeOnly"/>
        <PropertyDefinition name="ExternVarNames" type="string" computationMethods="literal" validation="typeOnly"/>
        <PropertyDefinition name="IconString" type="string" computationMethods="literal" visibleInUI="false" visibleInCommonUI="false" validation="icon" />
        <PropertyDefinition name="IconLength" type="int" computationMethods="literal"  visibleInUI="false" visibleInCommonUI="false" validation="typeOnly" minInclusive="0"/>
        <PropertyDefinition name="ClientTypeId" type="ApplicationClientType" default="RemoteView" computationMethods="literal" validation="typeOnly"/>
        <PropertyDefinition name="ShortcutDesktop" type="bool" computationMethods="literal"  default="false" validation="typeOnly" visibleInUI="true" visibleInCommonUI="false" />
        <PropertyDefinition name="ShortcutMenuAccessPad" type="bool" computationMethods="literal"  default="false" validation="typeOnly" visibleInUI="false" visibleInCommonUI="false" />
        <PropertyDefinition name="ShortcutMenuProgram" type="bool" computationMethods="literal"  default="false" validation="typeOnly" visibleInUI="false" visibleInCommonUI="false" />
    </Section>
</PropertySetDefinition>
