﻿<?xml version="1.0" encoding="utf-8" ?>
<PropertySetDefinition class="BindingGroupProperties"
                       namespace="Ericom.MegaConnect.Runtime.XapApi" 
                       access="public" 
                       partial="true" 
                       xmlns:xsi="http://www.w3.org/2001/XMLSchema-instance" 
                       xsi:noNamespaceSchemaLocation="..\..\EricomUtilities\GenericUtilities\PropertySetDefinition.xsd">

    <CustomTypes>
        <CustomType name="BindingGroupType" assemblyName="Ericom.MegaConnect.Runtime.XapApi.BindingGroupType, MegaConnectRuntimeXapApi"/>
    </CustomTypes>
    
    <Section name="System Configuration" displayName="Sections.SystemConfiguration" useSectionNamePrefix="false">
        <PropertyDefinition name="ActiveDirectoryName" type="string" blankAllowed="false" visibleInUI="false" visibleInCommonUI="false" validation="typeOnly"/>
        <PropertyDefinition name="DisplayName" type="string" blankAllowed="false" visibleInUI="false" visibleInCommonUI="false" validation="typeOnly"/>
        <PropertyDefinition name="ActiveDirectoryRule" type="bool" computationMethods="formula inherit" visibleInUI="false" visibleInCommonUI="false" validation="typeOnly" defaultComputation="formula" default="true" />
        <PropertyDefinition name="ConnectionRule" type="bool" computationMethods="formula inherit" visibleInUI="false" visibleInCommonUI="false" validation="typeOnly" defaultComputation="formula" default="true"/>
        <PropertyDefinition name="BindingGroupType" type="BindingGroupType" computationMethods="literal inherit" default="Custom" visibleInUI="false" visibleInCommonUI="false" validation="typeOnly" />
        <PropertyDefinition name="ActiveDirectoryDomain" type="string" computationMethods="literal inherit" visibleInUI="false" visibleInCommonUI="false" validation="typeOnly" blankAllowed="false"/>
    </Section>
</PropertySetDefinition>
