<?xml version="1.0"?>
<doc>
    <assembly>
        <name>ClientWebServiceWindowService</name>
    </assembly>
    <members>
        <member name="T:Ericom.MegaConnect.ClientWebService.CloudConnectEndUserWebService">
            <summary>
            CloudConnectWebService class
            </summary>
        </member>
        <member name="F:Ericom.MegaConnect.ClientWebService.CloudConnectEndUserWebService.m_AbortEvent">
            <summary>Allow us to abort the internal thread</summary>
        </member>
        <member name="F:Ericom.MegaConnect.ClientWebService.CloudConnectEndUserWebService.m_ConfigLock">
            <summary>
            The configuration lock (so that only one configuration at a time occurs)
            </summary>
        </member>
        <member name="M:Ericom.MegaConnect.ClientWebService.CloudConnectEndUserWebService.#ctor">
            <summary>
            Initializes a new instance of the <see cref="T:Ericom.MegaConnect.ClientWebService.CloudConnectEndUserWebService"/> class.
            </summary>
        </member>
        <member name="M:Ericom.MegaConnect.ClientWebService.CloudConnectEndUserWebService.OnStart(System.String[])">
            <summary>
            When implemented in a derived class, executes when a Start command is sent to the service by the
            Service Control Manager (SCM) or when the operating system starts (for a service that starts automatically).
            Specifies actions to take when the service starts.
            </summary>
            <param name="args">Data passed by the start command.</param>
            <exception cref="T:System.ApplicationException">Cannot parse command line</exception>
        </member>
        <member name="M:Ericom.MegaConnect.ClientWebService.CloudConnectEndUserWebService.OnStartAsConsole(System.String[])">
            <summary>
            Entry point for running the Web Server as console application
            </summary>
        </member>
        <member name="M:Ericom.MegaConnect.ClientWebService.CloudConnectEndUserWebService.OnStartAsTest(Ericom.MegaConnect.ClientWebService.EndUserWebServiceOptions,Ericom.CloudConnect.Utilities.XapConnectionOptions,System.Threading.ManualResetEvent)">
            <summary>
            Entry point for running the Web Server under our automatic tests
            </summary>
        </member>
        <member name="M:Ericom.MegaConnect.ClientWebService.CloudConnectEndUserWebService.OnStop">
            <summary>
            Only called by the SCM when stopping the service
            </summary>
        </member>
        <member name="M:Ericom.MegaConnect.ClientWebService.CloudConnectEndUserWebService.OnShutdown">
            <summary>
            Only called by the SCM when the system shuts down
            </summary>
        </member>
        <member name="M:Ericom.MegaConnect.ClientWebService.CloudConnectEndUserWebService.SetConfig(Ericom.CloudConnect.Common.ICloudConnectStandaloneServer,Ericom.CloudConnect.Utilities.SpaceCredentials,System.Boolean)">
            <summary>Sets the configuration.</summary>
            <param name="ccInterface">The interface to ICloudConnectStandaloneServer.</param>
            <param name="userCredentials">The user credentials.</param>
            <param name="initial">if set to true if this is the initial time.</param>
        </member>
        <member name="M:Ericom.MegaConnect.ClientWebService.CloudConnectEndUserWebService.MainThreadOnceConnected(Ericom.CloudConnect.Common.ICloudConnectStandaloneServer)">
            <summary>
            Top level function once cloud connect connection has been established.
            If it returns normally ... we should do a graceful shutdown
            If an exception is thrown, we should attempt to reconnect to XAP
            </summary>
            <param name="ccInterface"></param>
        </member>
        <member name="M:Ericom.MegaConnect.ClientWebService.CloudConnectEndUserWebService.CreateStandAloneServer(Ericom.CloudConnect.Utilities.SpaceCredentials,Ericom.CloudConnect.Common.RegistrationInfo)">
            <summary>
            Creates the standalone server client.
            </summary>
            <param name="userCredentials">The user for finding the XAP space.</param>
            <param name="info">The RegistrationInfo passed to the StandAloneServerUtilities.MainThreadProcessing function</param>
            <returns></returns>
        </member>
        <member name="M:Ericom.MegaConnect.ClientWebService.CloudConnectEndUserWebService.onUnableToConnect(System.Exception)">
            <summary>
            Will be called if we are unable to instantiate client object
            </summary>
            <param name="ex"></param>
        </member>
        <member name="M:Ericom.MegaConnect.ClientWebService.CloudConnectEndUserWebService.onMainThreadOnceConnectedError(System.Exception)">
            <summary>
            Will be called if the mainProccessing function threw an exception
            </summary>
            <param name="ex"></param>
        </member>
        <member name="F:Ericom.MegaConnect.ClientWebService.CloudConnectEndUserWebService.components">
            <summary>
            Required designer variable.
            </summary>
        </member>
        <member name="M:Ericom.MegaConnect.ClientWebService.CloudConnectEndUserWebService.Dispose(System.Boolean)">
            <summary>
            Clean up any resources being used.
            </summary>
            <param name="disposing">true if managed resources should be disposed; otherwise, false.</param>
        </member>
        <member name="M:Ericom.MegaConnect.ClientWebService.CloudConnectEndUserWebService.InitializeComponent">
            <summary>
            Required method for Designer support - do not modify
            the contents of this method with the code editor.
            </summary>
        </member>
        <member name="T:Ericom.MegaConnect.ClientWebService.EndUserWebServiceTestInvoker">
            <summary>
            Helper class to run the WebService under automatic tests
            </summary>
        </member>
        <member name="F:Ericom.MegaConnect.ClientWebService.EndUserWebServiceTestInvoker.StartEndUserWebServiceTimeout">
            <summary>
            How long to wait for the service to start
            </summary>
        </member>
        <member name="F:Ericom.MegaConnect.ClientWebService.EndUserWebServiceTestInvoker.WEBSERVICE_READY_EVENT_NAME">
            <summary>
            Name of the synchronization event to wait for the WebService to start when start mode is StartExternal
            </summary>
        </member>
        <member name="M:Ericom.MegaConnect.ClientWebService.EndUserWebServiceTestInvoker.StartEndUserWebService(System.Threading.ManualResetEvent,System.Threading.ManualResetEvent,Ericom.MegaConnect.ClientWebService.EndUserWebServiceOptions,System.Int32,Ericom.CloudConnect.Utilities.XapConnectionOptions,System.Nullable{Ericom.MegaConnect.ClientWebService.EndUserWebServiceStartMode},Ericom.Utilities.Generic.StandaloneServerUidStorage,System.String,System.Nullable{System.Int32})">
            <summary>
            Start an EndUserWebService according to the options provided
            The service will be stopped when it goes out of scope
            </summary>
            <param name="exitedEvent">The exited event.</param>
            <param name="readyEvent">The ready event.</param>
            <param name="options">The options.</param>
            <param name="waitForServiceSeconds">how long to wait for service in seconds.</param>
            <param name="xapConnection">The xap connection.</param>
            <param name="startMode">The start mode.</param>
            <param name="storage">The storage.</param>
            <param name="serverUid">The server uid.</param>
            <param name="reconnectIntervalSec">The reconnect interval sec.</param>
            <returns></returns>
            <exception cref="T:System.ApplicationException">Unhandled case  + options.m_StartMode.Value</exception>
        </member>
        <member name="M:Ericom.MegaConnect.ClientWebService.EndUserWebServiceTestInvoker.StartInternalWebService(Ericom.MegaConnect.ClientWebService.EndUserWebServiceOptions,Ericom.CloudConnect.Utilities.XapConnectionOptions,System.Int32,System.Threading.ManualResetEvent)">
            <summary>Starts the internal web service.</summary>
            <param name="wsOptions">The options.</param>
            <param name="xapConnection">The xap connection.</param>
            <param name="waitForServiceSeconds">The how long to wait for service seconds.</param>
            <param name="readyEvent">The ready event.</param>
            <returns></returns>
            <exception cref="T:System.Exception">WebService didn't start by the expected time.</exception>
        </member>
        <member name="M:Ericom.MegaConnect.ClientWebService.EndUserWebServiceTestInvoker.StartExternalWebService(Ericom.MegaConnect.ClientWebService.EndUserWebServiceOptions,System.Threading.ManualResetEvent,System.Int32)">
            <summary>
            Starts the external web service.
            </summary>
            <param name="options">The options.</param>
            <param name="exitedEvent">The exited event.</param>
            <param name="waitForServiceSeconds">The how long to wait for service seconds.</param>
            <returns></returns>
            <exception cref="T:System.Exception">WebService didn't start by the expected time.</exception>
        </member>
        <member name="T:Ericom.MegaConnect.ClientWebService.EndUserWebServiceOptions">
            <summary>
            Options for the webservice ... add to the CommandLineOptions
            </summary>
        </member>
        <member name="F:Ericom.MegaConnect.ClientWebService.EndUserWebServiceOptions.DEFAULT_HTTP_URL">
            <summary>
            Default URL for HTTP
            </summary>
        </member>
        <member name="F:Ericom.MegaConnect.ClientWebService.EndUserWebServiceOptions.DEFAULT_HTTPS_URL">
            <summary>
            Default URL for HPPTS
            </summary>
        </member>
        <member name="F:Ericom.MegaConnect.ClientWebService.EndUserWebServiceOptions.DEFAULT_URL">
            <summary>
            Default URL - in general
            </summary>
        </member>
        <member name="F:Ericom.MegaConnect.ClientWebService.EndUserWebServiceOptions.m_StartMode">
            <summary>
            Start mode
            </summary>
        </member>
        <member name="F:Ericom.MegaConnect.ClientWebService.EndUserWebServiceOptions.m_ReconnectIntervalSec">
             <summary>
            
             </summary>
        </member>
        <member name="F:Ericom.MegaConnect.ClientWebService.EndUserWebServiceOptions.m_EnableDiscovery">
            <summary>
            Allow the web service to publish itself for discovery
            </summary>
        </member>
        <member name="F:Ericom.MegaConnect.ClientWebService.EndUserWebServiceOptions.m_DisambiguationId">
            <summary>
            Discriminant for having multiple instances on one machine
            </summary>
        </member>
        <member name="F:Ericom.MegaConnect.ClientWebService.EndUserWebServiceOptions.m_UidStorage">
            <summary>
            How to store the UID
            </summary>
        </member>
        <member name="F:Ericom.MegaConnect.ClientWebService.EndUserWebServiceOptions.m_ServerUidToUse">
            <summary>
            Server id to use
            </summary>
        </member>
        <member name="F:Ericom.MegaConnect.ClientWebService.EndUserWebServiceOptions.m_DebugDestination">
            <summary>
            TODO: ???????????????????
            </summary>
        </member>
        <member name="F:Ericom.MegaConnect.ClientWebService.EndUserWebServiceOptions.m_ActionExpectingValidSessionFunctionException">
            <summary>
            After how many calls to ActionExpectingValidSession with a specific function throw an error
            </summary>
        </member>
        <member name="F:Ericom.MegaConnect.ClientWebService.EndUserWebServiceOptions.m_WebServerFolder">
            <summary>
            WebServer folder
            </summary>
        </member>
        <member name="M:Ericom.MegaConnect.ClientWebService.EndUserWebServiceOptions.GetOptions">
            <summary>
            Return the command line options (to be embedded in another command line parser)
            </summary>
            <returns></returns>
        </member>
        <member name="M:Ericom.MegaConnect.ClientWebService.EndUserWebServiceOptions.#ctor">
            <summary>
            Constructor.  Allow use of command line options w/o command line parser
            </summary>
        </member>
        <member name="T:Ericom.MegaConnect.ClientWebService.EndUserWebServiceStartMode">
            <summary>
            How/where to start the service
            </summary>
        </member>
        <member name="F:Ericom.MegaConnect.ClientWebService.EndUserWebServiceStartMode.StartNone">
            <summary>
            Don't start it (should already be running)
            </summary>
        </member>
        <member name="F:Ericom.MegaConnect.ClientWebService.EndUserWebServiceStartMode.StartInternal">
            <summary>
            Start in-process
            </summary>
        </member>
        <member name="F:Ericom.MegaConnect.ClientWebService.EndUserWebServiceStartMode.StartExternal">
            <summary>
            Start out of process
            </summary>
        </member>
        <member name="M:Ericom.MegaConnect.ClientWebService.EndUserWebServiceProgram.Main(System.String[])">
            <summary>
            The main entry point for the application.
            </summary>
        </member>
        <member name="M:Ericom.MegaConnect.ClientWebService.EndUserWebServiceProgram.RunAsConsole(System.String[])">
            <summary>
            Entry point for running as a console application
            </summary>
        </member>
        <member name="M:Ericom.MegaConnect.ClientWebService.EndUserWebServiceProgram.RunAsService">
            <summary>
            Entry point for running the as a service
            </summary>
        </member>
        <member name="T:Ericom.MegaConnect.ClientWebService.ProjectInstaller">
            <summary>
            Custom installer for a service
            </summary>
        </member>
        <member name="M:Ericom.MegaConnect.ClientWebService.ProjectInstaller.#ctor">
            <summary>
            Initializes a new instance of the <see cref="T:Ericom.MegaConnect.ClientWebService.ProjectInstaller"/> class.
            </summary>
        </member>
        <member name="F:Ericom.MegaConnect.ClientWebService.ProjectInstaller.components">
            <summary>
            Required designer variable.
            </summary>
        </member>
        <member name="M:Ericom.MegaConnect.ClientWebService.ProjectInstaller.Dispose(System.Boolean)">
            <summary>
            Clean up any resources being used.
            </summary>
            <param name="disposing">true if managed resources should be disposed; otherwise, false.</param>
        </member>
        <member name="M:Ericom.MegaConnect.ClientWebService.ProjectInstaller.InitializeComponent">
            <summary>
            Required method for Designer support - do not modify
            the contents of this method with the code editor.
            </summary>
        </member>
    </members>
</doc>
