<?xml version="1.0"?>
<doc>
    <assembly>
        <name>ClientWebService</name>
    </assembly>
    <members>
        <member name="T:Ericom.MegaConnect.ClientWebService.EndUserWebServiceImpl">
            <summary>
            The implementation of the Web Xml Interface
            </summary>
        </member>
        <member name="T:Ericom.MegaConnect.ClientWebService.IEndUserWebService">
            <summary>
            Web Xml Service declaration.  Describes old 'XML server'
            </summary>
        </member>
        <member name="M:Ericom.MegaConnect.ClientWebService.IEndUserWebService.Ping">
            <summary>Ping</summary>
            <returns></returns>
        </member>
        <member name="M:Ericom.MegaConnect.ClientWebService.IEndUserWebService.Authentication(System.IO.Stream)">
            <summary>Authenticate</summary>
            <param name="incomingData">The incoming data.</param>
            <returns></returns>
        </member>
        <member name="M:Ericom.MegaConnect.ClientWebService.IEndUserWebService.UpdateExe(System.IO.Stream)">
            <summary>Updates the executable.</summary>
            <param name="incomingData">The incoming data.</param>
            <returns></returns>
        </member>
        <member name="M:Ericom.MegaConnect.ClientWebService.IEndUserWebService.Logout(System.IO.Stream)">
            <summary>Explicit logout</summary>
            <param name="incomingData">The incoming data.</param>
            <returns></returns>
        </member>
        <member name="M:Ericom.MegaConnect.ClientWebService.IEndUserWebService.KeepAlive(System.IO.Stream)">
            <summary>Keep alive</summary>
            <param name="incomingData">The incoming data.</param>
            <returns></returns>
        </member>
        <member name="M:Ericom.MegaConnect.ClientWebService.IEndUserWebService.Launch(System.IO.Stream)">
            <summary>Request to launch an application</summary>
            <param name="incomingData">The incoming data.</param>
            <returns></returns>
        </member>
        <member name="M:Ericom.MegaConnect.ClientWebService.IEndUserWebService.RegisterSession(System.IO.Stream)">
            <summary>A client has started a session (app)</summary>
            <param name="incomingData">The incoming data.</param>
            <returns></returns>
        </member>
        <member name="M:Ericom.MegaConnect.ClientWebService.IEndUserWebService.UnregisterSession(System.IO.Stream)">
            <summary>A client has stopped a session (app)</summary>
            <param name="incomingData">The incoming data.</param>
            <returns></returns>
        </member>
        <member name="M:Ericom.MegaConnect.ClientWebService.IEndUserWebService.ChangePassword(System.IO.Stream)">
            <summary>Password change</summary>
            <param name="incomingData">The incoming data.</param>
            <returns></returns>
        </member>
        <member name="M:Ericom.MegaConnect.ClientWebService.IEndUserWebService.GetFromDisk(System.String)">
            <summary>
            returns the given web page
            </summary>
            <param name="path"></param>
            <returns></returns>
        </member>
        <member name="M:Ericom.MegaConnect.ClientWebService.IEndUserWebService.AccessNowSso(System.IO.Stream)">
            <summary>AccessNow SSO</summary>
            <param name="incomingData">The incoming data.</param>
            <returns></returns>
        </member>
        <member name="M:Ericom.MegaConnect.ClientWebService.IEndUserWebService.ConnectionList(System.IO.Stream)">
            <summary>AccessNow SSO</summary>
            <param name="incomingData">The incoming data.</param>
            <returns></returns>
        </member>
        <member name="M:Ericom.MegaConnect.ClientWebService.IEndUserWebService.AccessPortalSso(System.IO.Stream)">
            <summary>AccessNow SSO</summary>
            <param name="incomingData">The incoming data.</param>
            <returns></returns>
        </member>
        <member name="M:Ericom.MegaConnect.ClientWebService.IEndUserWebService.GetAccessNowSettings(System.String)">
            <summary>
            Returns the connection settings (Blaze file) based on the connectionSettingsId
            </summary>
            <param name="connectionSettingsId"></param>
            <returns></returns>
        </member>
        <member name="F:Ericom.MegaConnect.ClientWebService.EndUserWebServiceImpl.m_ActionExpectingValidSessionFunctionException">
            <summary>
            The a comma list of values where exceptions will be thrown, each element has a function name, a colon and the number of times it is called before it throws
            </summary>
        </member>
        <member name="M:Ericom.MegaConnect.ClientWebService.EndUserWebServiceImpl.#ctor(Ericom.CloudConnect.Utilities.XapConnectionOptions,Ericom.CloudConnect.Utilities.SpaceCredentials,System.String,System.String)">
            <summary>
            Initializes a new instance of the <see cref="T:Ericom.MegaConnect.ClientWebService.EndUserWebServiceImpl"/> class.
            </summary>
            <param name="xapConnection">The xap connection.</param>
            <param name="userCredentials">The user credentials.</param>
            <param name="actionExpectingValidSessionFunctionException">The list of functions where exceptions will be thrown.</param>
            <param name="webPageDirectory">the web server root folder.</param>
        </member>
        <member name="M:Ericom.MegaConnect.ClientWebService.EndUserWebServiceImpl.SetConfig(Ericom.Utilities.Generic.IPropertySet,Ericom.CloudConnect.Common.ICloudConnectStandaloneServer)">
            <summary>
            Set the ICloudConnectStandaloneServer object and configuration
            </summary>
            <param name="configParams"></param>
            <param name="ccInterface"></param>
        </member>
        <member name="F:Ericom.MegaConnect.ClientWebService.EndUserWebServiceImpl.ResponseEncoding">
            <summary>
            Encoding to use for outgoing XML.  Should normally only be set for testing purposes
            </summary>
        </member>
        <member name="F:Ericom.MegaConnect.ClientWebService.EndUserWebServiceImpl.GUID_PATTERN">
            <summary>
            Regex to match a GUID
            </summary>
        </member>
        <member name="F:Ericom.MegaConnect.ClientWebService.EndUserWebServiceImpl.SessionCookieRegexp">
            <summary>
            Regex to parse the session cookie
            </summary>
        </member>
        <member name="M:Ericom.MegaConnect.ClientWebService.EndUserWebServiceImpl.GetIncomingSessionId">
            <summary>
            Retrieve the Session cookie value from the incoming request.  Return NULL if none is present
            </summary>
            <returns></returns>
        </member>
        <member name="M:Ericom.MegaConnect.ClientWebService.EndUserWebServiceImpl.SetOutgoingSessionId(System.String,System.String,System.Nullable{System.Boolean})">
            <summary>
            Set the Session cookie in the response from the server.  This need only be called when a session
            is created.  If the sessionId is null, include a request to delete the cookie instead.
            </summary>
            <param name="endUserId">The end user identifier.</param>
            <param name="endUserSessionId">The session identifier.</param>
            <param name="isSecure"></param>
        </member>
        <member name="M:Ericom.MegaConnect.ClientWebService.EndUserWebServiceImpl.GetFromDisk(System.String)">
            <summary>
            GetFromDisk implementation
            </summary>
            <param name="path"></param>
            <returns></returns>
        </member>
        <member name="M:Ericom.MegaConnect.ClientWebService.EndUserWebServiceImpl.Ping">
            <summary>
            Ping request.
            </summary>
            <returns></returns>
        </member>
        <member name="M:Ericom.MegaConnect.ClientWebService.EndUserWebServiceImpl.Authentication(System.IO.Stream)">
            <summary>
            Authentication request.  Currently assume just user/password and totally ignore all the form stuff
            </summary>
            <param name="incomingData">The incoming data.</param>
            <returns></returns>
        </member>
        <member name="M:Ericom.MegaConnect.ClientWebService.EndUserWebServiceImpl.ActionNotExpectingValidSession(System.String,Ericom.MegaConnect.Runtime.XapApi.PriorityLevel,System.IO.Stream,System.Func{System.IO.Stream,Ericom.MegaConnect.Runtime.XapApi.LogMessageContext,System.IO.Stream})">
            <summary>Do an action where the state of the session is not known.</summary>
            <param name="funcName">Name of the function.</param>
            <param name="incomingData">The incoming data.</param>
            <param name="action">The action to perform.</param>
            <param name="priority"></param>
            <returns>streamed response</returns>
        </member>
        <member name="M:Ericom.MegaConnect.ClientWebService.EndUserWebServiceImpl.ActionExpectingValidSession(System.String,Ericom.MegaConnect.Runtime.XapApi.PriorityLevel,System.IO.Stream,System.Func{System.String,System.String,System.Xml.Linq.XElement,Ericom.MegaConnect.Runtime.XapApi.LogMessageContext,System.Xml.Linq.XElement})">
            <summary>Do an action where the state of the session is expected to be valid.</summary>
            <param name="funcName">Name of the function.</param>
            <param name="incomingData">The incoming data.</param>
            <param name="action">The action to perform.</param>
            <param name="priority"></param>
            <returns>streamed response</returns>
        </member>
        <member name="M:Ericom.MegaConnect.ClientWebService.EndUserWebServiceImpl.Logout(System.IO.Stream)">
            <summary>
            Explicit logout
            </summary>
            <param name="incomingData"></param>
            <returns></returns>
        </member>
        <member name="M:Ericom.MegaConnect.ClientWebService.EndUserWebServiceImpl.KeepAlive(System.IO.Stream)">
            <summary>
            Keep alive
            </summary>
            <param name="incomingData"></param>
            <returns></returns>
        </member>
        <member name="F:Ericom.MegaConnect.ClientWebService.EndUserWebServiceImpl.s_errorSeparators">
            <summary>The separator between the function name/count pairs</summary>
        </member>
        <member name="F:Ericom.MegaConnect.ClientWebService.EndUserWebServiceImpl.s_functionNameSeparators">
            <summary>Separators between the function name and the count</summary>
        </member>
        <member name="F:Ericom.MegaConnect.ClientWebService.EndUserWebServiceImpl.FunctionCounts">
            <summary>Keeps track how many times each function has been called</summary>
        </member>
        <member name="M:Ericom.MegaConnect.ClientWebService.EndUserWebServiceImpl.IsFunctionException(System.String)">
            <summary>
            Determines whether we should throw an exception
            </summary>
            <param name="funcName">Name of the function.</param>
        </member>
        <member name="M:Ericom.MegaConnect.ClientWebService.EndUserWebServiceImpl.ConnectionList(System.IO.Stream)">
            <summary>
            Implementation of the ConnectionList.asx API
            </summary>
            <param name="incomingData"></param>
            <returns></returns>
        </member>
        <member name="M:Ericom.MegaConnect.ClientWebService.EndUserWebServiceImpl.AccessPortalSso(System.IO.Stream)">
            <summary>
            Implementation of the access portal SSO
            </summary>
            <param name="incomingData"></param>
            <returns></returns>
        </member>
        <member name="M:Ericom.MegaConnect.ClientWebService.EndUserWebServiceImpl.Launch(System.IO.Stream)">
            <summary>
            Request to launch an application
            </summary>
            <param name="incomingData"></param>
            <returns></returns>
        </member>
        <member name="M:Ericom.MegaConnect.ClientWebService.EndUserWebServiceImpl.RegisterSession(System.IO.Stream)">
            <summary>
            A client has started a session (app)
            </summary>
            <param name="incomingData"></param>
            <returns></returns>
        </member>
        <member name="M:Ericom.MegaConnect.ClientWebService.EndUserWebServiceImpl.UnregisterSession(System.IO.Stream)">
            <summary>
            Handle UnregisterSession.asp
            </summary>
            <param name="incomingData"></param>
            <returns></returns>
        </member>
        <member name="M:Ericom.MegaConnect.ClientWebService.EndUserWebServiceImpl.ChangePassword(System.IO.Stream)">
            <summary>
            Password change
            </summary>
            <param name="incomingData"></param>
            <returns></returns>
        </member>
        <member name="M:Ericom.MegaConnect.ClientWebService.EndUserWebServiceImpl.ApiTest(System.IO.Stream)">
            <summary>
            For counting calls in parallel.  If needed ... must put this back into the interface
            </summary>
            <param name="incomingData"></param>
            <returns></returns>
        </member>
        <member name="M:Ericom.MegaConnect.ClientWebService.EndUserWebServiceImpl.UpdateExe(System.IO.Stream)">
            <summary>
            UpdateEXE
            </summary>
            <param name="incomingData"></param>
            <returns></returns>
        </member>
        <member name="M:Ericom.MegaConnect.ClientWebService.EndUserWebServiceImpl.AccessNowSso(System.IO.Stream)">
            <summary>AccessNowSso</summary>
            <param name="incomingData"></param>
            <returns></returns>
        </member>
        <member name="M:Ericom.MegaConnect.ClientWebService.EndUserWebServiceImpl.AllApps(System.Collections.Generic.List{Ericom.MegaConnect.Runtime.XapApi.ResourceItem})">
            <summary>
            flats all the ResourceApp to a list
            </summary>
            <param name="items"></param>
            <returns></returns>
        </member>
        <member name="M:Ericom.MegaConnect.ClientWebService.EndUserWebServiceImpl.GetAccessNowSettings(System.String)">
            <summary>
            Returns AccessNow settings (Blaze file) for the SSO
            </summary>
            <param name="connectionSettingsId"></param>
            <returns></returns>
        </member>
        <member name="T:Ericom.MegaConnect.ClientWebService.WebContentTypeMapperAlwaysRaw">
            <summary>
            ContentTypeManager to force all content-types to be accepted.
            </summary>
        </member>
        <member name="M:Ericom.MegaConnect.ClientWebService.WebContentTypeMapperAlwaysRaw.GetMessageFormatForContentType(System.String)">
            <summary>
            Implementation of functionality
            </summary>
            <param name="contentType"></param>
            <returns></returns>
        </member>
        <member name="T:Ericom.MegaConnect.ClientWebService.EndUserUIRedirectorService">
            <summary>
            EndUserUIRedirectorService implementation
            </summary>
        </member>
        <member name="T:Ericom.MegaConnect.ClientWebService.IEndUserWebServiceRootRedirector">
            <summary>
            Web Xml Service declaration.  Describes old 'XML server'
            </summary>
        </member>
        <member name="M:Ericom.MegaConnect.ClientWebService.IEndUserWebServiceRootRedirector.GetFromDisk(System.String)">
            <summary>
            returns the given web page
            </summary>
            <param name="path"></param>
            <returns></returns>
        </member>
        <member name="M:Ericom.MegaConnect.ClientWebService.EndUserUIRedirectorService.SetConfig(Ericom.Utilities.Generic.IPropertySet,Ericom.CloudConnect.Common.ICloudConnectStandaloneServer)">
            <summary>
            Set the ICloudConnectStandaloneServer object and configuration
            </summary>
            <param name="configParams"></param>
            <param name="ccInterface"></param>
        </member>
        <member name="M:Ericom.MegaConnect.ClientWebService.EndUserUIRedirectorService.GetFromDisk(System.String)">
            <summary>
            forward access from the root path to the /admin path (or return an error for any other unsupported path)
            </summary>
            <param name="path"></param>
            <returns></returns>
        </member>
        <member name="T:Ericom.MegaConnect.ClientWebService.ConnectionBrokerWebServiceConstants">
            <summary>
            Constants used by the web service
            </summary>
        </member>
        <member name="F:Ericom.MegaConnect.ClientWebService.ConnectionBrokerWebServiceConstants.COOKIE_NAME">
            <summary>
            Name of the session cookie
            </summary>
        </member>
        <member name="T:Ericom.MegaConnect.ClientWebService.EuwsActionStatus">
            <summary>
            Status values
            </summary>
        </member>
        <member name="F:Ericom.MegaConnect.ClientWebService.EuwsActionStatus.Succeeded">
            <summary>
            Succeeded (but there still may be a message code other than NONE)
            </summary>
        </member>
        <member name="F:Ericom.MegaConnect.ClientWebService.EuwsActionStatus.Failed">
            <summary>
            Failed.  A message code should be set
            </summary>
        </member>
        <member name="T:Ericom.MegaConnect.ClientWebService.EuwsErrorCodes">
            <summary>
            MessageID values
            </summary>
        </member>
        <member name="F:Ericom.MegaConnect.ClientWebService.EuwsErrorCodes.NONE">
            <summary>
            None
            </summary>
        </member>
        <member name="F:Ericom.MegaConnect.ClientWebService.EuwsErrorCodes.EmptyXML">
            <summary>
            incoming XML was empty
            </summary>
        </member>
        <member name="F:Ericom.MegaConnect.ClientWebService.EuwsErrorCodes.NotWellFormedXML">
            <summary>
            Incoming XML not well formed
            </summary>
        </member>
        <member name="F:Ericom.MegaConnect.ClientWebService.EuwsErrorCodes.SessionConnected">
             <summary>
            
             </summary>
        </member>
        <member name="F:Ericom.MegaConnect.ClientWebService.EuwsErrorCodes.SessionDisconnected">
             <summary>
            
             </summary>
        </member>
        <member name="F:Ericom.MegaConnect.ClientWebService.EuwsErrorCodes.InternalError">
             <summary>
            
             </summary>
        </member>
        <member name="F:Ericom.MegaConnect.ClientWebService.EuwsErrorCodes.NotImplemented">
             <summary>
            
             </summary>
        </member>
        <member name="F:Ericom.MegaConnect.ClientWebService.EuwsErrorCodes.WCServerError">
             <summary>
            
             </summary>
        </member>
        <member name="F:Ericom.MegaConnect.ClientWebService.EuwsErrorCodes.NonSecuredConnection">
             <summary>
            
             </summary>
        </member>
        <member name="F:Ericom.MegaConnect.ClientWebService.EuwsErrorCodes.FailedToCreateObject">
             <summary>
            
             </summary>
        </member>
        <member name="F:Ericom.MegaConnect.ClientWebService.EuwsErrorCodes.DataWasNotChanged">
             <summary>
            
             </summary>
        </member>
        <member name="F:Ericom.MegaConnect.ClientWebService.EuwsErrorCodes.InvalidCredentials">
             <summary>
            
             </summary>
        </member>
        <member name="F:Ericom.MegaConnect.ClientWebService.EuwsErrorCodes.PasswordExpired">
             <summary>
            
             </summary>
        </member>
        <member name="F:Ericom.MegaConnect.ClientWebService.EuwsErrorCodes.PasswordNotChanged">
             <summary>
            
             </summary>
        </member>
        <member name="F:Ericom.MegaConnect.ClientWebService.EuwsErrorCodes.AuthenticationRejected">
             <summary>
            
             </summary>
        </member>
        <member name="F:Ericom.MegaConnect.ClientWebService.EuwsErrorCodes.RadiusAccessChallenge">
             <summary>
            
             </summary>
        </member>
        <member name="F:Ericom.MegaConnect.ClientWebService.EuwsErrorCodes.LicenseError">
             <summary>
            
             </summary>
        </member>
        <member name="F:Ericom.MegaConnect.ClientWebService.EuwsErrorCodes.PasswordIsAboutToExpire">
             <summary>
            
             </summary>
        </member>
    </members>
</doc>
