<?xml version="1.0" encoding="utf-8"?>
<TranslatableMessageGroups xmlns:xsi="http://www.w3.org/2001/XMLSchema-instance" xsi:noNamespaceSchemaLocation="..\..\EricomUtilities\GenericUtilities\TranslatableMessages.xsd">
  <TranslatableMessages groupName="CloudConnectUtilitiesError" namespace="Ericom.Utilities.Generic" purpose="exception">
    <TranslatableMessage id="SiteInfoIsNull" parameters="" md5="AB1620936BFEE9E737C5B7798B4F5167">siteInfo is null</TranslatableMessage>
    <TranslatableMessage id="ExpirationDateMustBeInTheFuture" parameters="" md5="96FCBE441DF8A9CFEED6E5499DBFE78E">expiration date must be in the future</TranslatableMessage>
    <TranslatableMessage id="MaintenanceDateMustBeInTheFuture" parameters="" md5="B3FFF148C22539BCF0BF173B35DA2E81">Maintenance Date must be in the future</TranslatableMessage>
    <TranslatableMessage id="ActiveDirectoryNameMustBeGiven" parameters="" md5="944C1D713EBC7CC9CA47D6C43A85E601">active directory name must be given</TranslatableMessage>
    <TranslatableMessage id="GridNameMustBeGiven" parameters="" md5="46278367F743D0102D3F8EFFDCBBF90F">grid name must be given</TranslatableMessage>
    <TranslatableMessage id="NoEntryFor" parameters="unknown/String" md5="C5E6D759DB58A105D224D97A9DB204F3">No entry for {0}</TranslatableMessage>
    <TranslatableMessage id="ThereIsAlreadyAChangeHandlerFor" parameters="unknown/String" md5="7A4A08C7A135F8FFDEF66D5A2E1D6854">There is already a change handler for {0}</TranslatableMessage>
    <TranslatableMessage id="EmptyProjectionList" parameters="" md5="23A85EAA8F1A3C0888ACE2926FEA7DFE">Empty projection list</TranslatableMessage>
    <TranslatableMessage id="CannotIdentifyPropertyFor" parameters="unknown/String unknown/String" md5="48635B880B97942190E98A6605334A60">Cannot identify {0} property for {1}</TranslatableMessage>
    <TranslatableMessage id="NumberOfSessionMustBeGreaterThan0" parameters="" md5="1840B93ADDAB465EE03B04CB20EE0979">number of session must be &gt; 0</TranslatableMessage>
    <TranslatableMessage id="TooManyRowsReturnedByAQuery" parameters="" md5="C7F3C60BC83CC4CF0B4368F05399FBEA">Too many rows returned by a query</TranslatableMessage>
  </TranslatableMessages>
  <TranslatableMessages groupName="CloudConnectUtilitiesException" namespace="Ericom.Utilities.Generic" purpose="exception">
    <TranslatableMessage id="NHibernateDataEnumeratorMustReceiveAnEntityTypeOrAQuery" parameters="" md5="3EE39F8AE9F6C21ED3761CDEF45F7BE8">NHibernateDataEnumerator must receive an Entity Type or a Query</TranslatableMessage>
    <TranslatableMessage id="ErrorWhileConstructingAnEnumerator" parameters="" md5="C47670D967F1BDA888A139647A436E81">Error while constructing an enumerator</TranslatableMessage>
    <TranslatableMessage id="MirrorServiceExecuteBulkSafeCantExecuteBulkStore" parameters="" md5="DCB661223C4BE91E8980479DB76EDF1E">**** MirrorService (ExecuteBulkSafe): Can't execute bulk store.</TranslatableMessage>
    <TranslatableMessage id="UnknownUser" parameters="" md5="E6B6BAE96FA139864F61E3D88C131388">unknown user</TranslatableMessage>
    <TranslatableMessage id="UnknownSpaceIdDataType" parameters="unknown/object" md5="38808071831BF6FCD92BDBB95921C900">Unknown space id data type: {0}</TranslatableMessage>
    <TranslatableMessage id="UnknownRoutingIdDataType" parameters="unknown/object" md5="0043187A23C2DA6296FEA84CECF6ADCD">Unknown routing id data type: {0}</TranslatableMessage>
    <TranslatableMessage id="UnknownSpaceVersionDataType" parameters="unknown/object" md5="FE1DBE6BCE6521A0374894A46EB56566">unknown space version data type: {0}</TranslatableMessage>
    <TranslatableMessage id="UnknownSpaceRoutingDataType" parameters="unknown/object" md5="477B7E73A35746843F0285821970154D">unknown space routing data type: {0}</TranslatableMessage>
    <TranslatableMessage id="XAPDoesNotAppearToBeInstalled" parameters="" md5="753318EECEA916B9EA214E62EC8719CA">XAP does not appear to be installed</TranslatableMessage>
    <TranslatableMessage id="ProgramWasCompiledWithXAPAndYetXAPVersionsIsareInstalled" parameters="unknown/String unknown/String" md5="709244BF81CECCD0CE1556725B2C3A1F">Program was compiled with XAP {0} and yet XAP version(s) {1} is/are installed.</TranslatableMessage>
    <TranslatableMessage id="CannotFind" parameters="unknown/String" md5="E73E20E20625282009A25974198985E4">Cannot find {0}</TranslatableMessage>
    <TranslatableMessage id="XAPWasNotProperlyInitialized" parameters="" md5="CBC7491641990C93DE49B2A35FB06BF2">XAP was not properly initialized</TranslatableMessage>
    <TranslatableMessage id="BackupsMustBeGreaterThan0" parameters="" md5="3C2A178C13301C70A628B3545E86DE62">backups must be &gt;= 0</TranslatableMessage>
    <TranslatableMessage id="BackupsMustBeGreaterThan1WhenTheMirrorIsUsed" parameters="" md5="25D7CB3E6AF45720E93AA472F61C9497">backups must be &gt;= 1 when the mirror is used</TranslatableMessage>
    <TranslatableMessage id="InstPerMachineMustGreaterThan0" parameters="" md5="6B92762EE77EC55662F6DFFD726F618D">instPerMachine must &gt;= 0</TranslatableMessage>
    <TranslatableMessage id="PartitionsMustBeGreaterThan1" parameters="" md5="03BD09CEB265F7EA7ED24D9BA49E667C">partitions must be &gt;= 1</TranslatableMessage>
    <TranslatableMessage id="GscPerMachineMustBeGreaterThan1" parameters="" md5="36413125CE91FDBD5A33288CF818AD96">gscPerMachine must be &gt;= 1</TranslatableMessage>
    <TranslatableMessage id="NoGridMachinesFound" parameters="" md5="A54B5C8EFC5BA4ACE84440F01F247666">No grid machines found</TranslatableMessage>
    <TranslatableMessage id="GridWouldHaveContainersButAreRequiredForStartup" parameters="unknown/int unknown/int" md5="6FA9425A3FC6261E5D949DDD3E96D306">Grid would have {0} containers but {1} are required for startup</TranslatableMessage>
    <TranslatableMessage id="MachinesAreRequired" parameters="unknown/int" md5="95B2CDBBF95614E53178B64EEF48193D">{0} machines are required</TranslatableMessage>
  </TranslatableMessages>
</TranslatableMessageGroups>