﻿<?xml version="1.0" encoding="utf-8" ?>
<hibernate-mapping xmlns="urn:nhibernate-mapping-2.2"
                   default-lazy="true"
                   assembly="MegaConnectRuntimeXapApi"
                   namespace="Ericom.MegaConnect.Runtime.XapApi">
    
    <class name="Ericom.MegaConnect.Runtime.XapApi.CloudConnectSystemConfiguration, MegaConnectRuntimeXapApi" table="CloudConnectSystemConfiguration">
        <id name="ConfigName"                                           type="String" length="255">
            <generator class="assigned" />
        </id>
        <property name="Version"                                        type="Int32" not-null="true"/>
        <property name="SystemProperties"                               type="Ericom.MegaConnect.Runtime.XapApi.SystemConfigurationPropertiesSerializer, MegaConnectRuntimeXapApi" not-null="true"/>
        <property name="EsgCommonProperties"                            type="Ericom.MegaConnect.Runtime.XapApi.EsgConfigurationPropertiesSerializer, MegaConnectRuntimeXapApi" not-null="true"/>  
        <property name="EuwsCommonProperties"                           type="Ericom.MegaConnect.Runtime.XapApi.EndUserWebServiceConfigurationPropertiesSerializer, MegaConnectRuntimeXapApi" not-null="true"/>
        <property name="CloudConnectBLCommonProperties"                 type="Ericom.MegaConnect.Runtime.XapApi.CloudConnectBLServiceConfigurationPropertiesSerializer, MegaConnectRuntimeXapApi" not-null="true"/>
        <property name="RemoteAgentCommonProperties"                    type="Ericom.MegaConnect.Runtime.XapApi.RemoteAgentConfigurationPropertiesSerializer, MegaConnectRuntimeXapApi" not-null="true"/>
        <property name="AdminWsCommonProperties"                        type="Ericom.MegaConnect.Runtime.XapApi.AdminWebServiceConfigurationPropertiesSerializer, MegaConnectRuntimeXapApi" not-null="true"/>
        <property name="RemoteHostCommonProperties"                     type="Ericom.MegaConnect.Runtime.XapApi.RemoteHostConfigurationPropertiesSerializer, MegaConnectRuntimeXapApi" not-null="true"/>
        <property name="SystemDefaultConnectionProperties"              type="Ericom.MegaConnect.Runtime.XapApi.ConnectionPropertiesSerializer, MegaConnectRuntimeXapApi" not-null="true"/>
        <property name="SystemDefaultBindingProperties"                 type="Ericom.MegaConnect.Runtime.XapApi.BindingPropertiesSerializer, MegaConnectRuntimeXapApi" not-null="true"/>
    </class>

    <class name="Ericom.MegaConnect.Runtime.XapApi.ConnectSpecialConfiguration, MegaConnectRuntimeXapApi" table="ConnectSpecialConfiguration">
        <id name="SpecialConfigId"                                      type="String" length="255">
            <generator class="assigned" />
        </id>
        <property name="Version"                                        type="Int32" not-null="true"/>
       <property name="SpecialProperties"                              type="Ericom.MegaConnect.Runtime.XapApi.SpecialPropertiesSerializer, MegaConnectRuntimeXapApi" not-null="true"/>
    </class>
    

    <class name="Ericom.MegaConnect.Runtime.XapApi.EndUserConfig, MegaConnectRuntimeXapApi" table="EndUserConfig">
        <id name="EndUserId"                          type="String" length="100">
            <generator class="assigned" />
        </id>
        <property name="Version"                      type="Int32"  not-null="true"/>
        <property name="DownLevelLogonName"           type="String" length="100" not-null="true"/>
        <property name="UserPrincipalName"            type="String" length="100" not-null="true"/>
        <property name="PersonName"                   type="String" length="100" not-null="true"/>
        <property name="TenantId"                     type="String" length="36" not-null="true"/>
        <!--  UtcDateTime -->
        <property name="InitialLoginTime"             type="Ericom.MegaConnect.Runtime.XapApi.DateTime2TypeUtc, MegaConnectRuntimeXapApi" not-null="true"/>
    </class>  

    <class name="Ericom.MegaConnect.Runtime.XapApi.RemoteHostConfig, MegaConnectRuntimeXapApi" table="RemoteHostConfig">
        <id name="RemoteHostId"                    type="String" length="36">
            <generator class="assigned" />
        </id>
        <property name="Version"                   type="Int32" not-null="true"/>
        <property name="HostName"                  type="String" length="100" not-null="true" access="readonly"/>
        <property name="ConfigProperties"          type="Ericom.MegaConnect.Runtime.XapApi.RemoteHostConfigurationPropertiesSerializer, MegaConnectRuntimeXapApi" not-null="true"/>
        <property name="DomainQualifiedHostName"   type="String" length="512" not-null="true" access="readonly"/>
        <property name="IpAddress"                 type="String" length="45" not-null="true" access="readonly"/>
        <property name="TenantId"                  type="String" length="36" not-null="true"/>
        <property name="HostClassificationTags"    type="Ericom.MegaConnect.Runtime.XapApi.RemoteHostConfigHostClassificationTagsSerializer, MegaConnectRuntimeXapApi" not-null="true"/>
        <property name="InUse"                     type="boolean" not-null="true"/>
        <property name="LastRecordedState"         type="Ericom.MegaConnect.Runtime.XapApi.RemoteHostState, MegaConnectRuntimeXapApi2" not-null="true"/>
    </class>

    <class name="Ericom.MegaConnect.Runtime.XapApi.RemoteHostGroup, MegaConnectRuntimeXapApi" table="RemoteHostGroup">
        <id name="RemoteHostGroupId"               type="String" length="36">
            <generator class="assigned" />
        </id>
        <property name="TenantId"                  type="String" not-null="true" length="36"/>
        <property name="Version"                   type="Int32" not-null="true"/>
        <property name="ConfigProperties"          type="Ericom.MegaConnect.Runtime.XapApi.RemoteHostConfigurationPropertiesSerializer, MegaConnectRuntimeXapApi" not-null="true"/>
        <property name="RemoteHostIds"             type="Ericom.MegaConnect.Runtime.XapApi.StringListSerializer, MegaConnectRuntimeXapApi" not-null="true"/>
        <property name="MetaData"                  type="Ericom.MegaConnect.Runtime.XapApi.ConfigMetaDataSerializer, MegaConnectRuntimeXapApi" not-null="true"/>
        <property name="InUse"                     type="boolean" not-null="true"/>
    </class>

    <class name="Ericom.MegaConnect.Runtime.XapApi.ResourceDefinition, MegaConnectRuntimeXapApi" table="ResourceDefinition">
        <id name="ResourceDefinitionId"            type="String" length="36">
            <generator class="assigned" />
        </id>
        <property name="Version"                   type="Int32" not-null="true"/>
        <property name="DisplayProperties"         type="Ericom.MegaConnect.Runtime.XapApi.AppDisplayPropertiesSerializer, MegaConnectRuntimeXapApi" not-null="true"/>
        <property name="ConnectionProperties"      type="Ericom.MegaConnect.Runtime.XapApi.ConnectionPropertiesSerializer, MegaConnectRuntimeXapApi" not-null="true"/>
        <property name="TenantId"                  type="String" length="36" not-null="true"/>
        <property name="BindingProperties"         type="Ericom.MegaConnect.Runtime.XapApi.BindingPropertiesSerializer, MegaConnectRuntimeXapApi" not-null="true"/>
        <property name="MetaData"                  type="Ericom.MegaConnect.Runtime.XapApi.ConfigMetaDataSerializer, MegaConnectRuntimeXapApi" not-null="true"/>
        <property name="InUse"                     type="boolean" not-null="true"/>
    </class>

    <class name="Ericom.MegaConnect.Runtime.XapApi.ResourceGroup, MegaConnectRuntimeXapApi" table="ResourceGroup">
        <id name="ResourceGroupId"                 type="String" length="36">
            <generator class="assigned" />
        </id>
        <property name="Version"                   type="Int32" not-null="true"/>
        <property name="DisplayProperties"         type="Ericom.MegaConnect.Runtime.XapApi.AppDisplayPropertiesSerializer, MegaConnectRuntimeXapApi" not-null="true"/>
        <property name="ConnectionProperties"      type="Ericom.MegaConnect.Runtime.XapApi.ConnectionPropertiesSerializer, MegaConnectRuntimeXapApi" not-null="true"/>
        <property name="BindingProperties"         type="Ericom.MegaConnect.Runtime.XapApi.BindingPropertiesSerializer, MegaConnectRuntimeXapApi" not-null="true"/>
        <property name="TenantId"                  type="String" length="36" not-null="true"/>
        <property name="ResourceComputationMode"   type="Ericom.MegaConnect.Runtime.XapApi.ResourceGroupMemberComputationMode, MegaConnectRuntimeXapApi" not-null="true"/>
        <property name="ResourceDefinitionIds"     type="Ericom.MegaConnect.Runtime.XapApi.StringListSerializer, MegaConnectRuntimeXapApi" />
        <property name="BindingGroups"             type="Ericom.MegaConnect.Runtime.XapApi.BindingGroupsSerializer, MegaConnectRuntimeXapApi" not-null="true"/>
        <property name="RemoteHostGroupIds"        type="Ericom.MegaConnect.Runtime.XapApi.StringListSerializer, MegaConnectRuntimeXapApi" not-null="true"/>
        <property name="MetaData"                  type="Ericom.MegaConnect.Runtime.XapApi.ConfigMetaDataSerializer, MegaConnectRuntimeXapApi" not-null="true"/>
        <property name="InUse"                     type="boolean" not-null="true"/>
    </class>

    <class name="Ericom.MegaConnect.Runtime.XapApi.Tenant, MegaConnectRuntimeXapApi" table="Tenant">
        <id name="TenantId"                        type="String" length="36">
            <generator class="assigned" />
        </id>
        <property name="ParentTenantId"            type="String" length="36"/>
        <property name="Version"                   type="Int32" not-null="true"/>
        <property name="Properties"                type="Ericom.MegaConnect.Runtime.XapApi.TenantPropertiesSerializer, MegaConnectRuntimeXapApi" not-null="true"/>
        <property name="ConnectionProperties"      type="Ericom.MegaConnect.Runtime.XapApi.ConnectionPropertiesSerializer, MegaConnectRuntimeXapApi" not-null="true"/>
        <property name="BindingProperties"         type="Ericom.MegaConnect.Runtime.XapApi.BindingPropertiesSerializer, MegaConnectRuntimeXapApi" not-null="true"/>
        <property name="RadiusProperties"          type="Ericom.MegaConnect.Runtime.XapApi.RadiusConfigurationPropertiesSerializer, MegaConnectRuntimeXapApi" not-null="true"/>
        <property name="RemoteHostProperties"   type="Ericom.MegaConnect.Runtime.XapApi.RemoteHostConfigurationPropertiesSerializer, MegaConnectRuntimeXapApi" not-null="true"/>
        <property name="InUse"                     type="boolean" not-null="true"/>
        <property name="Name"                      type="String" length="100"  not-null="true" access="readonly"/>
    </class>

    <class name="Ericom.MegaConnect.Runtime.XapApi.EsgConfig, MegaConnectRuntimeXapApi" table="EsgConfig">
        <id name="StandaloneServerId"              type="String" length="36">
            <generator class="assigned" />
        </id>
        <property name="Version"                   type="Int32" not-null="true"/>
        <property name="ConfigProperties"          type="Ericom.MegaConnect.Runtime.XapApi.EsgConfigurationPropertiesSerializer, MegaConnectRuntimeXapApi" not-null="true"/>
        <property name="InUse"                     type="boolean" not-null="true"/>
          
        <property name="HostName"                  type="String"  length="100" not-null="true"/>
        <property name="DomainQualifiedHostName"   type="String"  length="512" not-null="true"/>
        <property name="IpAddress"                 type="String"  length="45"  not-null="true"/>
        <property name="LastRecordedState"         type="Ericom.MegaConnect.Runtime.XapApi.StandaloneServerState, MegaConnectRuntimeXapApi2" not-null="true"/>
        <property name="BuildVersion"              type="String" length="100" not-null="true"/>
     </class>

    <class name="Ericom.MegaConnect.Runtime.XapApi.RemoteAgentConfig, MegaConnectRuntimeXapApi" table="RemoteAgentConfig">
        <id name="StandaloneServerId"              type="String" length="36">
            <generator class="assigned" />
        </id>
        <property name="Version"                   type="Int32" not-null="true"/>
        <property name="ConfigProperties"          type="Ericom.MegaConnect.Runtime.XapApi.RemoteAgentConfigurationPropertiesSerializer, MegaConnectRuntimeXapApi" not-null="true"/>
        <property name="InUse"                     type="boolean" not-null="true"/>
        <property name="HostName"                  type="String"  length="100" not-null="true"/>
        <property name="DomainQualifiedHostName"   type="String"  length="512" not-null="true"/>
        <property name="IpAddress"                 type="String"  length="45"  not-null="true"/>
        <property name="LastRecordedState"         type="Ericom.MegaConnect.Runtime.XapApi.StandaloneServerState, MegaConnectRuntimeXapApi2" not-null="true"/>
        <property name="BuildVersion"              type="String" length="100" not-null="true"/>
    </class>
    
    <class name="Ericom.MegaConnect.Runtime.XapApi.EndUserWebServiceConfig, MegaConnectRuntimeXapApi" table="EndUserWebServiceConfig">
        <id name="StandaloneServerId"              type="String" length="36">
            <generator class="assigned" />
        </id>
        <property name="Version"                   type="Int32" not-null="true"/>
        <property name="ConfigProperties"          type="Ericom.MegaConnect.Runtime.XapApi.EndUserWebServiceConfigurationPropertiesSerializer, MegaConnectRuntimeXapApi" not-null="true"/>
        <property name="InUse"                     type="boolean" not-null="true"/>
        <property name="HostName"                  type="String"  length="100" not-null="true"/>
        <property name="DomainQualifiedHostName"   type="String"  length="512" not-null="true"/>
        <property name="IpAddress"                 type="String"  length="45"  not-null="true"/>
        <property name="LastRecordedState"         type="Ericom.MegaConnect.Runtime.XapApi.StandaloneServerState, MegaConnectRuntimeXapApi2" not-null="true"/>
        <property name="BuildVersion"              type="String" length="100" not-null="true"/>
    </class>

    <class name="Ericom.MegaConnect.Runtime.XapApi.CloudConnectBLServiceConfig, MegaConnectRuntimeXapApi" table="CloudConnectBLServiceConfig">
        <id name="StandaloneServerId"              type="String" length="36">
            <generator class="assigned" />
        </id>
        <property name="Version"                   type="Int32" not-null="true"/>
        <property name="ConfigProperties"          type="Ericom.MegaConnect.Runtime.XapApi.CloudConnectBLServiceConfigurationPropertiesSerializer, MegaConnectRuntimeXapApi" not-null="true"/>
        <property name="InUse"                     type="boolean" not-null="true"/>
        <property name="HostName"                  type="String"  length="100" not-null="true"/>
        <property name="DomainQualifiedHostName"   type="String"  length="512" not-null="true"/>
        <property name="IpAddress"                 type="String"  length="45"  not-null="true"/>
        <property name="LastRecordedState"         type="Ericom.MegaConnect.Runtime.XapApi.StandaloneServerState, MegaConnectRuntimeXapApi2" not-null="true"/>
        <property name="BuildVersion"              type="String" length="100" not-null="true"/>
    </class>

    <class name="Ericom.MegaConnect.Runtime.XapApi.AdminWebServiceConfig, MegaConnectRuntimeXapApi" table="AdminWebServiceConfig">
        <id name="StandaloneServerId"              type="String" length="36">
            <generator class="assigned" />
        </id>
        <property name="Version"                   type="Int32" not-null="true"/>
        <property name="ConfigProperties"          type="Ericom.MegaConnect.Runtime.XapApi.AdminWebServiceConfigurationPropertiesSerializer, MegaConnectRuntimeXapApi" not-null="true"/>
        <property name="InUse"                     type="boolean" not-null="true"/>
        <property name="HostName"                  type="String"  length="100" not-null="true"/>
        <property name="DomainQualifiedHostName"   type="String"  length="512" not-null="true"/>
        <property name="IpAddress"                 type="String"  length="45"  not-null="true"/>
        <property name="LastRecordedState"         type="Ericom.MegaConnect.Runtime.XapApi.StandaloneServerState, MegaConnectRuntimeXapApi2" not-null="true"/>
        <property name="BuildVersion"              type="String" length="100" not-null="true"/>
    </class>

    <class name="Ericom.MegaConnect.Runtime.XapApi.CloudConnectSystemProperty, MegaConnectRuntimeXapApi" table="CloudConnectSystemProperties">
        <id name="PropertyName"                    type="String" length="100">
            <generator class="assigned" />
        </id>
        <property name="PropertyValue"             type="String" length="100" not-null="true"/>
    </class>
        
    <!-- logging tables -->
    <class name="Ericom.MegaConnect.Runtime.XapApi.EndUserSessionLogEntry, MegaConnectRuntimeXapApi" table="EndUserSessionLog">
        <id name="EndUserSessionId"                type="String" length="36">
            <generator class="assigned" />
        </id>
        <property name="ClientMessageCreationTime"  column="EndUserSessionStartTime"
                  type="Ericom.MegaConnect.Runtime.XapApi.DateTime2TypeUtc, MegaConnectRuntimeXapApi" not-null="true" index="EndUserSessionLogEntry_ClientMessageCreationTime"/>
        <!-- login -->
        <property name="EndUserId"                 type="String" not-null="true" length="100"/>
        <property name="StandaloneServerId"        type="String" length="36"/>
        <property name="SourceMachineIp"           type="String" length="255" not-null="true"/>
        <property name="PortalType"                type="String" length="100" not-null="true"/>
        <property name="PortalVersion"             type="String" length="100"/>
    </class>

    <class name="Ericom.MegaConnect.Runtime.XapApi.RemoteSessionLogEntry, MegaConnectRuntimeXapApi" table="RemoteSessionLog">
        <id name="RemoteSessionId"                 type="String" length="36">
            <generator class="assigned" />
        </id>
        <property name="ClientMessageCreationTime" column="RemoteSessionStartTime"
                  type="Ericom.MegaConnect.Runtime.XapApi.DateTime2TypeUtc, MegaConnectRuntimeXapApi" not-null="true" index="EndUserSessionLogEntry_ClientMessageCreationTime"/>
        <property name="EndUserId"                 type="String" not-null="true" length="100"/>
        <property name="EndUserSessionId"          type="String" not-null="true" length="36"/>
        <property name="InitialApplicationName"    type="String" not-null="true" length="255"/>
        <property name="ResourceDefinitionId"      type="String" not-null="true" length="36"/>
        <property name="RemoteHostId"              type="String" not-null="true" length="36"/>
        <property name="RemoteHostName"            type="String" not-null="true" length="100"/>
    </class>

    <class name="Ericom.MegaConnect.Runtime.XapApi.RemoteSessionApplicationLogEntry, MegaConnectRuntimeXapApi" table="RemoteSessionApplicationLog">
        <id name="RemoteSessionApplicationId"      type="String" length="36">
            <generator class="assigned" />
        </id>
        <property name="ClientMessageCreationTime" column="ApplicationStartTime"
                  type="Ericom.MegaConnect.Runtime.XapApi.DateTime2TypeUtc, MegaConnectRuntimeXapApi" not-null="true" index="EndUserSessionLogEntry_ClientMessageCreationTime"/>
        <property name="RemoteSessionId"           type="String" not-null="true" length="36"/>
        <property name="EndUserId"                 type="String" not-null="true" length="100"/>
        <property name="EndUserSessionId"          type="String" not-null="true" length="36"/>
        <property name="ApplicationName"           type="String" not-null="true" length="255"/>
        <property name="ResourceDefinitionId"      type="String" not-null="true" length="36"/>
    </class>

    <class name="Ericom.MegaConnect.Runtime.XapApi.EsgSessionLogEntry, MegaConnectRuntimeXapApi" table="EsgSessionLog">
        <id name="EventId"                         type="String" length="36">
            <generator class="assigned" />
        </id>
        <property name="StartTime"  column="StartTime"
                  type="Ericom.MegaConnect.Runtime.XapApi.DateTime2TypeUtc, MegaConnectRuntimeXapApi" not-null="true" index="EsgSessionLogEntry_StartTime"/>
        <property name="EndTime"  column="EndTime"
                  type="Ericom.MegaConnect.Runtime.XapApi.DateTime2TypeUtc, MegaConnectRuntimeXapApi" not-null="true" index="EsgSessionLogEntry_EndTime"/>
        <property name="ElapsedTimeMs"                  type="Double" not-null="true"/>
        <property name="EsgSessionId"                   type="String" not-null="true" length="100"/>
        <property name="EsgSessionType"                 type="String" not-null="true" length="100"/>
        <property name="UnderlyingProtocols"            type="String" not-null="true" length="100"/>
        <property name="Purpose"                        type="String" not-null="true" length="100"/>
        <property name="TerminatedBy"                   type="String" not-null="true" length="100"/>
        <property name="TerminationReason"              type="String" not-null="true" length="1024"/>
        <property name="ClientAddress"                  type="String" not-null="true" length="100"/>
        <property name="HostAddress"                    type="String" not-null="true" length="100"/>
        <property name="FinalAddress"                   type="String" not-null="true" length="100"/>
        <property name="RemoteUserName"                 type="String" not-null="true" length="100"/>
        <property name="ClientDescription"              type="String" not-null="true" length="1024"/>
        <property name="StandaloneServerId"             type="String" not-null="true" length="36"/>
        <property name="EndUserId"                      type="String" not-null="true" length="100"/>
        <property name="EndUserSessionId"               type="String" not-null="true" length="36"/>
    </class>
    
    <class name="Ericom.MegaConnect.Runtime.XapApi.EsgHttpLogEntry, MegaConnectRuntimeXapApi" table="EsgHttpLog">
        <id name="EventId"                                              type="String" length="36">
            <generator class="assigned" />
        </id>
        <property name="StartTime"  column="StartTime"
                  type="Ericom.MegaConnect.Runtime.XapApi.DateTime2TypeUtc, MegaConnectRuntimeXapApi" not-null="true" index="EsgHttpLogEntry_StartTime"/>
        <property name="EndTime"  column="EndTime"
                  type="Ericom.MegaConnect.Runtime.XapApi.DateTime2TypeUtc, MegaConnectRuntimeXapApi" not-null="true" index="EsgHttpLogEntry_EndTime"/>
        <property name="ElapsedTimeMs"                                  type="String" not-null="true" length="100"/>
        <property name="ClientAddress"                                  type="String" not-null="true" length="100"/>
        <property name="EsgAddress"                                     type="String" not-null="true" length="100"/>
        <property name="RequestMethod"                                  type="String" not-null="true" length="100"/>
        <property name="RequestPath"                                    type="String" not-null="true" length="256"/>
        <property name="RequestQuery"                                   type="String" length="256"/>
        <property name="RequestUrlCategory"                             type="String" not-null="true" length="100"/>
        <property name="RequestUserAgent"                               type="String" length="256"/>
        <property name="RequestContentLength"                           type="String" length="100"/>
        <property name="RequestPipelined"                               type="String" not-null="true" length="100"/>
        <property name="ResponseStatusCode"                             type="String" length="100"/>
        <property name="ResponseStatusCodeStr"                          type="String" length="100"/>
        <property name="ResponseStatusDescription"                      type="String" length="256"/>
        <property name="ResponseContentLength"                          type="String" length="100"/>
        <property name="InternalWebServerUploadRequestTotalTimeMs"      type="String" length="100"/>
        <property name="InternalWebServerDownloadResponseTotalTimeMs"   type="String" length="100"/>
        <property name="ExternalWebServerServicePoint"                  type="String" length="100"/>
        <property name="ExternalWebServerGetRequestStreamTotalTimeMs"   type="String" length="100"/>
        <property name="ExternalWebServerUploadRequestTotalTimeMs"      type="String" length="100"/>
        <property name="ExternalWebServerGetResponseTotalTimeMs"        type="String" length="100"/>
        <property name="ExternalWebServerGetResponseStreamTotalTimeMs"  type="String" length="100"/>
        <property name="ExternalWebServerDownloadResponseTotalTimeMs"   type="String" length="100"/>
        <property name="ErrorMessage"                                   type="String" length="256"/>                     
        <property name="StandaloneServerId"                             type="String" not-null="true" length="36"/>
    </class>
    
    <class name="Ericom.MegaConnect.Runtime.XapApi.SessionEndEntry, MegaConnectRuntimeXapApi" table="SessionEndLog"  >
        <id name="EventId"                         type="String" length="36">
            <generator class="assigned" />
        </id>
        <property name="SessionEndTime"            type="Ericom.MegaConnect.Runtime.XapApi.DateTime2TypeUtc, MegaConnectRuntimeXapApi"/>
        <property name="SessionEndReason"          type="Ericom.MegaConnect.Runtime.XapApi.SessionEndReasonStringType, MegaConnectRuntimeXapApi" length="100"/>
    </class>
    
    <class name="Ericom.MegaConnect.Runtime.XapApi.MessageLogEntry, MegaConnectRuntimeXapApi2" table="MessageLog">
        <id name="EventId"                         type="String" length="36">
            <generator class="assigned" />
        </id>
        <property name="ClientMessageCreationTime" type="Ericom.MegaConnect.Runtime.XapApi.DateTime2TypeUtc, MegaConnectRuntimeXapApi" not-null="true" />
        <property name="Priority"                  type="Ericom.MegaConnect.Runtime.XapApi.PriorityLevel, MegaConnectRuntimeXapApi2" not-null="true"/>
        <property name="Module"                    type="String" length="100" not-null="true"/>
        <property name="Submodule"                 type="String" length="100"/>
        <property name="InstanceId"                type="String" length="255"/>
        <property name="DescriptorName"            type="string" length="100" not-null="true"/>
        <property name="EndUserId"                 type="String" length="100"/>
        <property name="EndUserSessionId"          type="String" length="36"/>
        <property name="RemoteSessionId"           type="String" length="36"/>
        <property name="RemoteHostId"              type="String" length="36"/>
        <property name="StandaloneServerId"        type="String" length="36"/>
        <property name="AdminSessionId"            type="String" length="36"/>
        <property name="TenantId"                  type="String" length="36"/>
        <property name="GridPartition"             type="int" not-null="true"/>
        <property name="Hostname"                  type="String" length="100" not-null="true"/>
        <!-- need very large here so that nhibernate won't give errors for long content -->
        <property name="M1_String"                 column="M1" type="StringClob" />
        <property name="M2_String"                 column="M2" type="StringClob" />
        <property name="M3_String"                 column="M3" type="StringClob" />
        <property name="DbCreationTime"            type="Ericom.MegaConnect.Runtime.XapApi.DateTime2TypeUtc, MegaConnectRuntimeXapApi" generated="insert" insert="false" update="false" index="MessageLogEntry_DbCreationTime"/>
    </class>
    
</hibernate-mapping>
