<?xml version="1.0"?>
<doc>
    <assembly>
        <name>CloudConnectCommon</name>
    </assembly>
    <members>
        <member name="T:Ericom.CloudConnect.Common.CloudConnectInitialization">
            <summary>
            For initialization.  Call CloudConnectInit from 'main'
            </summary>
        </member>
        <member name="M:Ericom.CloudConnect.Common.CloudConnectInitialization.SystemInitialize">
            <summary>
            Initialization of CC
            </summary>
        </member>
        <member name="T:Ericom.CloudConnect.Common.StandAloneServerUtilities">
            <summary>
            Utilities factored out to handle Error handling and main processing
            </summary>
        </member>
        <member name="M:Ericom.CloudConnect.Common.StandAloneServerUtilities.MainThreadProcessing(Ericom.CloudConnect.Common.RegistrationInfo,System.String,Ericom.CloudConnect.Common.StandAloneServerUtilities.CreateStandaloneServerFunction,Ericom.CloudConnect.Common.StandAloneServerUtilities.MainProcessingFunction,Ericom.CloudConnect.Common.StandAloneServerUtilities.OnUnableToConnectFunction,Ericom.CloudConnect.Common.StandAloneServerUtilities.OnMainProcessingErrorFunction,Ericom.CloudConnect.Utilities.SpaceCredentials,System.Threading.EventWaitHandle,System.Int32)">
            <summary>
            Top level function - called when not connected to cloud connect.
            Should not throw.  Keep on trying to get to cloud connect
            </summary>
            <param name="createStandaloneServer">This function sets up the XAP proxy and other setup work as needed</param>
            <param name="mainProcessing">Main processing of the server.  If this returns normally ... we have a normal shutdown
            if it throws an exception .. we retry
            IMPORTANT: regardless of how the function returns ... all sub-thread should have been stopped</param>
            <param name="onUnableToConnect">The callback function called when we are unable to connect.</param>
            <param name="onMainProcessingError">The callback function called when we have an main processing error.</param>
            <param name="userCredentials">The user credentials.</param>
            <param name="abortEvent">event to cause the loop the end nicely (optional).</param>
            <param name="defaultLogModule"></param>
            <param name="reconnectIntervalSec"></param>
            <param name="registrationInfo"></param>
        </member>
        <member name="M:Ericom.CloudConnect.Common.StandAloneServerUtilities.IsCriticalError(System.Exception)">
            <summary>
            Return true if the error should be considered to be critical (a CC reconnect needs to be done)
            </summary>
            <param name="ex"></param>
            <returns></returns>
        </member>
        <member name="M:Ericom.CloudConnect.Common.StandAloneServerUtilities.CreateExceptionEntry(Ericom.MegaConnect.Runtime.XapApi.PriorityLevel,System.Exception,System.String,Ericom.MegaConnect.Runtime.XapApi.LogMessageContext)">
            <summary>
            Create a generic log message for deferred logging
            </summary>
            <param name="level"></param>
            <param name="exception"></param>
            <param name="ctx"></param>
            <param name="logModuleName"></param>
        </member>
        <member name="T:Ericom.CloudConnect.Common.StandAloneServerUtilities.CreateStandaloneServerFunction">
            <summary>
            This function delegate creates the ICloudConnectStandaloneServer an other setup objects
            </summary>
            <returns></returns>
        </member>
        <member name="T:Ericom.CloudConnect.Common.StandAloneServerUtilities.MainProcessingFunction">
            <summary>
            This function does the main work.
            </summary>
            <param name="iCloudConnectStandaloneServer"></param>
        </member>
        <member name="T:Ericom.CloudConnect.Common.StandAloneServerUtilities.OnUnableToConnectFunction">
            <summary>
            Will be called if we are unable to instantiate client object
            </summary>
            <param name="ex"></param>
        </member>
        <member name="T:Ericom.CloudConnect.Common.StandAloneServerUtilities.OnMainProcessingErrorFunction">
            <summary>
            Will be called if the mainProccessing function threw an exception
            </summary>
            <param name="ex"></param>
        </member>
        <member name="T:Ericom.CloudConnect.Common.CloudConnectStandaloneServerXapClient">
            <summary>
            Implementation of ICloudConnectStandaloneServer for use by components that can be a XAP client.
            </summary>
        </member>
        <member name="T:Ericom.CloudConnect.Common.ICloudConnectStandaloneServer">
            <summary>
            Interface to be used by all CloudConnect servers running outside of XAP
            to report status and interact with the XAP deployment
            </summary>
        </member>
        <member name="M:Ericom.CloudConnect.Common.ICloudConnectStandaloneServer.Register(System.Object,Ericom.Utilities.Generic.SystemInformation,System.String)">
            <summary>
            Registers the server with CC.  Sets state to be Registered.
            Saves and returns the UID.  Uses the RegistrationInfo passed to the construction of the ICloudConnectStandaloneServer instance
            </summary>
            <param name="additionalInfo">Additional information.</param>
            <param name="sysInfo">The system information of the server.</param>
            <param name="description">description for the ui</param>
        </member>
        <member name="M:Ericom.CloudConnect.Common.ICloudConnectStandaloneServer.GetConfigurationProperties">
            <summary>
            Get the configuration for this instance
            </summary>
            <returns></returns>
        </member>
        <member name="M:Ericom.CloudConnect.Common.ICloudConnectStandaloneServer.GetConfigurationDict">
            <summary>
            Return the configuration information as a simple dictionary (for .net2)
            </summary>
            <returns></returns>
        </member>
        <member name="M:Ericom.CloudConnect.Common.ICloudConnectStandaloneServer.SetState(Ericom.MegaConnect.Runtime.XapApi.StandaloneServerState)">
            <summary>
            Set the current state.
            See documentation of StandaloneServerState to see which can be set by the client.
            </summary>
            <param name="newState"></param>
        </member>
        <member name="M:Ericom.CloudConnect.Common.ICloudConnectStandaloneServer.GetState">
            <summary>
            Get the current state.
            </summary>
            <returns></returns>
        </member>
        <member name="M:Ericom.CloudConnect.Common.ICloudConnectStandaloneServer.ConfigureLog(Ericom.MegaConnect.Runtime.XapApi.CcLogFilter)">
            <summary>
            Configure the logging to use the specified filter.  Normally this would be
            done after a call to GetConfigurationProperties.
            </summary>
            <param name="filter"></param>
        </member>
        <member name="M:Ericom.CloudConnect.Common.ICloudConnectStandaloneServer.LogEvent(Ericom.MegaConnect.Runtime.XapApi.LogMessageInitial,System.Boolean)">
            <summary>
            Send a log message. Never throws.  Log message is queued for retransmission in case of failure.
            Normal return is false.  Return true if the log message failed with a critical exception.
            </summary>
            <param name="msg"></param>
            <param name="enqueueOnly">just enqueue the message</param>
        </member>
        <member name="M:Ericom.CloudConnect.Common.ICloudConnectStandaloneServer.LogMessage(Ericom.MegaConnect.Runtime.XapApi.PriorityLevel,System.String,System.Object[])">
            <summary>
            Create a GenericMessageDescriptors.GenericMessage using the fmt and args as parameter to String.Format.
             Never throws.  Log message is queued for retransmission in case of failure.
            Normal return is false.  Return true if the log message failed with a critical exception.
            </summary>
            <param name="level"></param>
            <param name="fmt"></param>
            <param name="args"></param>
        </member>
        <member name="M:Ericom.CloudConnect.Common.ICloudConnectStandaloneServer.LogMessage(Ericom.MegaConnect.Runtime.XapApi.PriorityLevel,Ericom.MegaConnect.Runtime.XapApi.LogMessageContext,System.String,System.Object[])">
             <summary>
            
             </summary>
             <param name="level"></param>
             <param name="ctx"></param>
             <param name="fmt"></param>
             <param name="args"></param>
             <returns></returns>
        </member>
        <member name="M:Ericom.CloudConnect.Common.ICloudConnectStandaloneServer.LogMessage(Ericom.MegaConnect.Runtime.XapApi.MessageLogEntry)">
            <summary>
            Log a message filling in the Module and StandalonServerUid if needed
            </summary>
            <param name="message"></param>
            <returns></returns>
        </member>
        <member name="M:Ericom.CloudConnect.Common.ICloudConnectStandaloneServer.LogException(Ericom.MegaConnect.Runtime.XapApi.PriorityLevel,System.Exception,System.Boolean)">
            <summary>
            Create a GenericMessageDescriptors.GenericMessage using the fmt and args as parameter to String.Format.
             Never throws.  Log message is queued for retransmission in case of failure.
            Normal return is false.  Return true if the log message failed with a critical exception.
            </summary>
            <param name="level"></param>
            <param name="exception">log an exception</param>
            <returns>The EventId</returns>
            <param name="enqueueOnly">Just enqueue the message</param>
        </member>
        <member name="M:Ericom.CloudConnect.Common.ICloudConnectStandaloneServer.SendExtraKeepAlive">
            <summary>
            Send an extra keep alive (to get data to the server now)
            </summary>
        </member>
        <member name="M:Ericom.CloudConnect.Common.ICloudConnectStandaloneServer.SendQueuedMessages">
            <summary>
            Attempt to send the queued messages.  Does not throw.
            Returns true if all the queued messages were sent (of if the queue is initially empty)
            </summary>
            <returns></returns>
        </member>
        <member name="M:Ericom.CloudConnect.Common.ICloudConnectStandaloneServer.ReconnectRequired(Ericom.MegaConnect.Runtime.XapApi.MessageLogEntry)">
            <summary>
            Signal reconnect required and log reason
            </summary>
            <param name="reason"></param>
        </member>
        <member name="M:Ericom.CloudConnect.Common.ICloudConnectStandaloneServer.ReconnectRequired(System.Exception)">
            <summary>
            Signal restart required and log reason
            </summary>
            <param name="ex"></param>
        </member>
        <member name="M:Ericom.CloudConnect.Common.ICloudConnectStandaloneServer.ThrowReconnectRequired(Ericom.MegaConnect.Runtime.XapApi.MessageLogEntry)">
            <summary>
            Signal reconnect required, log message and throw exception
            </summary>
            <param name="reason"></param>
            <exception cref="T:Ericom.CloudConnect.Common.ReconnectRequiredException"></exception>
        </member>
        <member name="M:Ericom.CloudConnect.Common.ICloudConnectStandaloneServer.ThrowReconnectRequired(System.Exception)">
            <summary>
            Signal reconnect required, log message and throw exception
            </summary>
            <param name="ex"></param>
            <exception cref="T:Ericom.CloudConnect.Common.ReconnectRequiredException"></exception>
        </member>
        <member name="M:Ericom.CloudConnect.Common.ICloudConnectStandaloneServer.WithApiLog(Ericom.CloudConnect.Common.LoggedApiAction,System.String,Ericom.MegaConnect.Runtime.XapApi.LogMessageContext,Ericom.CloudConnect.Common.AdditionalApiData,Ericom.MegaConnect.Runtime.XapApi.PriorityLevel)">
            <summary>execute a block of code with logging at the end</summary>
            <param name="action">The action.</param>
            <param name="caller">The caller.</param>
            <param name="logContext">The log context.</param>
            <param name="additional">The additional.</param>
            <param name="priority">priority level of the log message</param>
            <returns></returns>
        </member>
        <member name="P:Ericom.CloudConnect.Common.ICloudConnectStandaloneServer.Registration">
            <summary>
            Registration information for this component (as passed to the implementation's constructor)
            </summary>
        </member>
        <member name="P:Ericom.CloudConnect.Common.ICloudConnectStandaloneServer.Uid">
            <summary>
            Return the Uid for this instance
            </summary>
        </member>
        <member name="E:Ericom.CloudConnect.Common.ICloudConnectStandaloneServer.ServerRequestsShutdown">
            <summary>
            Triggered when the server requests a shutdown.  The hander for this must not call the Shutdown method.
            Instead, it should take some action that will cause the Shutdown method to be called from some other thread.
            </summary>
        </member>
        <member name="E:Ericom.CloudConnect.Common.ICloudConnectStandaloneServer.ConfigurationChanged">
            <summary>
            Triggered when the configuration is changed on the server side.
            This is processed in the keep alive thread.  It it throws an exception ... the whole server will reconnect.
            </summary>
        </member>
        <member name="E:Ericom.CloudConnect.Common.ICloudConnectStandaloneServer.CustomRequest">
            <summary>
            Triggered when a custom request is received
            This is processed in the keep alive thread.  It it throws an exception ... the whole server will reconnect.
            </summary>
        </member>
        <member name="E:Ericom.CloudConnect.Common.ICloudConnectStandaloneServer.BeforeKeepAlive">
            <summary>
            Event handler that can give additional data to be used by the keepalive (by updating the event)
            This is processed in the keep alive thread.  It it throws an exception ... the whole server will reconnect.
            </summary>
        </member>
        <member name="P:Ericom.CloudConnect.Common.ICloudConnectStandaloneServer.ReconnectRequiredEvent">
            <summary>
            An event that can be set and/or waited for when a critical error occurs from in/by any thread
            This can be used for a worker to signal the main thread that a CC reconnect needs to be done.
            This event should NEVER be reset.  A ICloudConnectStandaloneServer is not reused.
            Presumably, the main thread of a server waits on this.
            </summary>
        </member>
        <member name="P:Ericom.CloudConnect.Common.ICloudConnectStandaloneServer.ShutdownComponentEvent">
            <summary>
            Set this when a shutdown is requested.  This will cause the keep alive thread
            to exit if it is running.  Other threads can wait on this event.
            </summary>
        </member>
        <member name="P:Ericom.CloudConnect.Common.ICloudConnectStandaloneServer.QueuedMessages">
            <summary>
            Pending log messages
            </summary>
        </member>
        <member name="P:Ericom.CloudConnect.Common.ICloudConnectStandaloneServer.KeepAliveInterval">
            <summary>
            Keep alive interval (should be set when the config is processes)
            </summary>
        </member>
        <member name="F:Ericom.CloudConnect.Common.CloudConnectStandaloneServerXapClient.s_StandalonePu">
            <summary>
            Standalone processing unit accessor
            </summary>
        </member>
        <member name="M:Ericom.CloudConnect.Common.CloudConnectStandaloneServerXapClient.ReconnectRequired(Ericom.MegaConnect.Runtime.XapApi.MessageLogEntry)">
            <summary>
            Set the ReconnectRequiredEvent and log the reason for it
            </summary>
            <param name="reason"></param>
        </member>
        <member name="M:Ericom.CloudConnect.Common.CloudConnectStandaloneServerXapClient.ReconnectRequired(System.Exception)">
            <summary>
            Set the ReconnectRequiredEvent and log the exception as the reason for it
            </summary>
            <param name="ex"></param>
        </member>
        <member name="M:Ericom.CloudConnect.Common.CloudConnectStandaloneServerXapClient.ThrowReconnectRequired(Ericom.MegaConnect.Runtime.XapApi.MessageLogEntry)">
            <summary>
            Do a ReconnectRequired and then throw a ReconnectRequiredException exception
            </summary>
            <param name="reason"></param>
        </member>
        <member name="M:Ericom.CloudConnect.Common.CloudConnectStandaloneServerXapClient.ThrowReconnectRequired(System.Exception)">
            <summary>
            Do a ReconnectRequired and then throw a ReconnectRequiredException exception
            </summary>
            <param name="ex"></param>
        </member>
        <member name="M:Ericom.CloudConnect.Common.CloudConnectStandaloneServerXapClient.#ctor(GigaSpaces.Core.ISpaceProxy,System.String,Ericom.CloudConnect.Common.RegistrationInfo)">
            <summary>
            Construct with a specific proxy (for testing)
            </summary>
            <param name="proxy"></param>
            <param name="logCategory">Logging category to use (module)</param>
            <param name="info">The RegistrationInfo passed to the StandAloneServerUtilities.MainThreadProcessing function</param>
        </member>
        <member name="M:Ericom.CloudConnect.Common.CloudConnectStandaloneServerXapClient.#ctor(System.String,Ericom.CloudConnect.Utilities.SpaceCredentials,Ericom.CloudConnect.Utilities.XapConnectionOptions,Ericom.CloudConnect.Common.RegistrationInfo)">
            <summary>Constructor - used specified (or default) XAP connection options</summary>
            <param name="logCategory">The log category.</param>
            <param name="userCredentials">The user for finding the XAP space.</param>
            <param name="xapConnectionOptions">XAP connection options. Must be set if running embedded</param>
            <param name="info">Registration info for this client.</param>
            <exception cref="T:System.Exception">If cannot connect to XAP</exception>
        </member>
        <member name="M:Ericom.CloudConnect.Common.CloudConnectStandaloneServerXapClient.Register(System.Object,Ericom.Utilities.Generic.SystemInformation,System.String)">
            <summary>
            Register this server retrieving the previous UID as needed.  Will use the Registration info passed to the constructor of this class.
            will reset the DesiredUid in the RegistartionInfo to be the ID that was used so that the next time around we desire the same id
            </summary>
            <param name="additionalInfo">Additional information.</param>
            <param name="sysInfo">The system information of the server.</param>
            <param name="description">description for the ui</param>
        </member>
        <member name="M:Ericom.CloudConnect.Common.CloudConnectStandaloneServerXapClient.GetConfigurationProperties">
            <summary>
            Get the configuration properties for this standalone server
            </summary>
            <returns></returns>
        </member>
        <member name="M:Ericom.CloudConnect.Common.CloudConnectStandaloneServerXapClient.GetConfigurationDict">
            <summary>
            Get the configuration information as a dictionary
            </summary>
            <returns></returns>
        </member>
        <member name="M:Ericom.CloudConnect.Common.CloudConnectStandaloneServerXapClient.SetState(Ericom.MegaConnect.Runtime.XapApi.StandaloneServerState)">
            <summary>
            Set the current state
            </summary>
            <param name="newState"></param>
        </member>
        <member name="M:Ericom.CloudConnect.Common.CloudConnectStandaloneServerXapClient.SetStateIfCurStateMatches(Ericom.MegaConnect.Runtime.XapApi.StandaloneServerState,Ericom.MegaConnect.Runtime.XapApi.StandaloneServerState)">
            <summary>
            Set the current state if current state matches
            </summary>
            <param name="curState"></param>
            <param name="newState"></param>
        </member>
        <member name="M:Ericom.CloudConnect.Common.CloudConnectStandaloneServerXapClient.GetState">
            <summary>
            Return the current state
            </summary>
            <returns></returns>
        </member>
        <member name="M:Ericom.CloudConnect.Common.CloudConnectStandaloneServerXapClient.RunActionWithAborts(Ericom.CloudConnect.Common.CloudConnectStandaloneServerXapClient.RunActionWithAbortsFunc)">
            <summary>Runs the action which can be aborted.</summary>
            <param name="act">The act.</param>
            <returns>True if the action finishes before a stop event</returns>
            <exception cref="T:System.Exception">If the action throws ... throws that exception</exception>
        </member>
        <member name="M:Ericom.CloudConnect.Common.CloudConnectStandaloneServerXapClient.SendExtraKeepAlive">
            <summary>
            Send an extra keep alive (good for getting additionalInfo to the server immediately)
            </summary>
        </member>
        <member name="M:Ericom.CloudConnect.Common.CloudConnectStandaloneServerXapClient.RunKeepAlive">
            <summary>
            This is a background thread which
               - sends KeepAlive
               - detects server requests (e.g. for shutdown) and raises the events
            </summary>
        </member>
        <member name="M:Ericom.CloudConnect.Common.CloudConnectStandaloneServerXapClient.ConfigureLog(Ericom.MegaConnect.Runtime.XapApi.CcLogFilter)">
            <summary>
            Configure the log with the specified filter
            </summary>
            <param name="filter"></param>
        </member>
        <member name="M:Ericom.CloudConnect.Common.CloudConnectStandaloneServerXapClient.SendQueuedMessages">
            <summary>
            Send queued messages.  Return true if all are done.  Never throw exception.
            </summary>
            <returns></returns>
        </member>
        <member name="M:Ericom.CloudConnect.Common.CloudConnectStandaloneServerXapClient.EnqueueEvent(Ericom.MegaConnect.Runtime.XapApi.LogMessageInitial)">
            <summary>
            Queue a message to be logged after the next reconnect
            </summary>
            <param name="msg"></param>
        </member>
        <member name="M:Ericom.CloudConnect.Common.CloudConnectStandaloneServerXapClient.LogEvent(Ericom.MegaConnect.Runtime.XapApi.LogMessageInitial,System.Boolean)">
            <summary>
            Log a message.  Never throw.  Normal return is 'false'.  Returns 'true' if the logging failed because of a critical error.
            </summary>
            <param name="msg"></param>
            <param name="enqueueOnly"></param>
        </member>
        <member name="M:Ericom.CloudConnect.Common.CloudConnectStandaloneServerXapClient.LogMessage(Ericom.MegaConnect.Runtime.XapApi.PriorityLevel,System.String,System.Object[])">
            <summary>
            Create a generic log message. Will NEVER throw.
            If the event could not be logged, it will be recorded for later
            transmission.
            </summary>
            <param name="level"></param>
            <param name="fmt"></param>
            <param name="args"></param>
        </member>
        <member name="M:Ericom.CloudConnect.Common.CloudConnectStandaloneServerXapClient.LogMessage(Ericom.MegaConnect.Runtime.XapApi.PriorityLevel,Ericom.MegaConnect.Runtime.XapApi.LogMessageContext,System.String,System.Object[])">
             <summary>
            
             </summary>
             <param name="level"></param>
             <param name="ctx"></param>
             <param name="fmt"></param>
             <param name="args"></param>
             <returns></returns>
        </member>
        <member name="M:Ericom.CloudConnect.Common.CloudConnectStandaloneServerXapClient.LogMessage(Ericom.MegaConnect.Runtime.XapApi.MessageLogEntry)">
            <summary>
            Log a MessageLogEntry setting the Module and StandaloneServerId if needed
            </summary>
            <param name="message"></param>
            <returns></returns>
        </member>
        <member name="M:Ericom.CloudConnect.Common.CloudConnectStandaloneServerXapClient.LogException(Ericom.MegaConnect.Runtime.XapApi.PriorityLevel,System.Exception,System.Boolean)">
            <summary>
            Create a generic log message.
            Will NEVER throw.  If the event could not be logged, it will be recorded for later
            transmission.
            </summary>
            <param name="level"></param>
            <param name="exception"></param>
            <param name="enqueueOnly">Just enqueue the message.</param>
        </member>
        <member name="M:Ericom.CloudConnect.Common.CloudConnectStandaloneServerXapClient.WithApiLog(Ericom.CloudConnect.Common.LoggedApiAction,System.String,Ericom.MegaConnect.Runtime.XapApi.LogMessageContext,Ericom.CloudConnect.Common.AdditionalApiData,Ericom.MegaConnect.Runtime.XapApi.PriorityLevel)">
            <summary>
            Implementation.
            </summary>
            <param name="action"></param>
            <param name="caller"></param>
            <param name="logContext"></param>
            <param name="additional"></param>
            <param name="priority"></param>
            <returns></returns>
        </member>
        <member name="F:Ericom.CloudConnect.Common.CloudConnectStandaloneServerXapClient.m_Disposed">
            <summary>
            Internal variable which checks if Dispose has already been called
            </summary>
        </member>
        <member name="M:Ericom.CloudConnect.Common.CloudConnectStandaloneServerXapClient.Finalize">
            <summary>
            Finalizer.  Disposes object.
            </summary>
        </member>
        <member name="M:Ericom.CloudConnect.Common.CloudConnectStandaloneServerXapClient.Dispose(System.Boolean)">
            <summary>
            Releases unmanaged and - optionally - managed resources
            </summary>
            <param name="disposing"><c>true</c> to release both managed and unmanaged resources; <c>false</c> to release only unmanaged resources.</param>
        </member>
        <member name="M:Ericom.CloudConnect.Common.CloudConnectStandaloneServerXapClient.Dispose">
            <summary>
            Performs application-defined tasks associated with freeing, releasing, or resetting unmanaged resources.
            </summary>
        </member>
        <member name="P:Ericom.CloudConnect.Common.CloudConnectStandaloneServerXapClient.SpaceProxy">
            <summary>
            Space proxy
            </summary>
        </member>
        <member name="P:Ericom.CloudConnect.Common.CloudConnectStandaloneServerXapClient.ReconnectRequiredEvent">
            <summary>
            Event to set (or wait for) for when a critical error (restart required) occurs.
            </summary>
        </member>
        <member name="P:Ericom.CloudConnect.Common.CloudConnectStandaloneServerXapClient.ReconnectRequiredReason">
            <summary>
            The reason we entered the reconnect mode.
            Should be used only when ReconnectRequiredEvent was set.
            Useful when ReconnectRequired() was called by the framework, not by the application.
            </summary>
        </member>
        <member name="P:Ericom.CloudConnect.Common.CloudConnectStandaloneServerXapClient.ShutdownComponentEvent">
            <summary>
            Shutdown requested
            </summary>
        </member>
        <member name="P:Ericom.CloudConnect.Common.CloudConnectStandaloneServerXapClient.Uid">
            <summary>
            Uid for this standalone component
            </summary>
        </member>
        <member name="P:Ericom.CloudConnect.Common.CloudConnectStandaloneServerXapClient.InstanceId">
            <summary>Gets the instance identifier.</summary>
            <value>The instance identifier.</value>
        </member>
        <member name="P:Ericom.CloudConnect.Common.CloudConnectStandaloneServerXapClient.KeepAliveInterval">
            <summary>
            Should be set from the standalone configuration
            </summary>
        </member>
        <member name="E:Ericom.CloudConnect.Common.CloudConnectStandaloneServerXapClient.ServerRequestsShutdown">
            <summary>
            Handler for shutdown requests
            </summary>
        </member>
        <member name="E:Ericom.CloudConnect.Common.CloudConnectStandaloneServerXapClient.ConfigurationChanged">
            <summary>
            Handler for configuration changed events
            </summary>
        </member>
        <member name="E:Ericom.CloudConnect.Common.CloudConnectStandaloneServerXapClient.CustomRequest">
            <summary>
            Handler for custom requests
            </summary>
        </member>
        <member name="E:Ericom.CloudConnect.Common.CloudConnectStandaloneServerXapClient.BeforeKeepAlive">
            <summary>
            Called before KeepAlive
            </summary>
        </member>
        <member name="P:Ericom.CloudConnect.Common.CloudConnectStandaloneServerXapClient.DefaultLogModule">
            <summary>
            Current log module name to use
            </summary>
        </member>
        <member name="P:Ericom.CloudConnect.Common.CloudConnectStandaloneServerXapClient.Registration">
            <summary>
            Registration information for this component
            </summary>
        </member>
        <member name="P:Ericom.CloudConnect.Common.CloudConnectStandaloneServerXapClient.QueuedMessages">
            <summary>
            Queued messages
            </summary>
        </member>
        <member name="T:Ericom.CloudConnect.Common.ServerShutdownRequestHandler">
            <summary>
            Event handler type for a ShutdownRequest
            </summary>
            <param name="sender"></param>
            <param name="e"></param>
        </member>
        <member name="T:Ericom.CloudConnect.Common.ConfigurationChangedHandler">
            <summary>
            Event handler when the configuration information has changed
            </summary>
            <param name="sender"></param>
            <param name="e"></param>
        </member>
        <member name="T:Ericom.CloudConnect.Common.AdditionalApiData">
            <summary>
            For logging
            </summary>
            <returns></returns>
        </member>
        <member name="T:Ericom.CloudConnect.Common.LoggedApiAction">
            <summary>
            Callback for the logging wrapper
            </summary>
            <param name="ctx"></param>
            <returns></returns>
        </member>
        <member name="T:Ericom.CloudConnect.Common.BeforeKeepAliveEventArgs">
            <summary>
            Event args for a BeforeKeepAliveEvent.  A handler can set AdditionalInfo.
            </summary>
        </member>
        <member name="P:Ericom.CloudConnect.Common.BeforeKeepAliveEventArgs.AdditionalInfo">
            <summary>
            Data to be set to server with the keep alive.
            </summary>
        </member>
        <member name="T:Ericom.CloudConnect.Common.BeforeKeepAliveHandler">
            <summary>
            Delagate for a before KeepAlive event handler
            </summary>
            <param name="sender"></param>
            <param name="e"></param>
        </member>
        <member name="T:Ericom.CloudConnect.Common.CustomRequestHandler">
            <summary>
            Handler for a custom request.  If non-null is returned, this is sent as a reply to the server
            Whatever is returned must be serializable.
            The object is created with a "short" (several minute) lease and must be pickedup by the server
            </summary>
            <param name="sender"></param>
            <param name="r"></param>
            <returns></returns>
        </member>
        <member name="T:Ericom.CloudConnect.Common.RegistrationInfo">
            <summary>
            Object to hold all the information necessary to register with the server
            </summary>
        </member>
        <member name="M:Ericom.CloudConnect.Common.RegistrationInfo.#ctor(Ericom.MegaConnect.Runtime.XapApi.StandaloneServerType,Ericom.Utilities.Generic.StandaloneServerUidStorage,System.String,System.String)">
             <summary>
            
             </summary>
             <param name="serverType"></param>
             <param name="storage"></param>
             <param name="disambiguationId"></param>
             <param name="previousUid"></param>
        </member>
        <member name="M:Ericom.CloudConnect.Common.RegistrationInfo.ToString">
            <summary>
            Returns a <see cref="T:System.String"/> that represents this instance.
            </summary>
            <returns>A <see cref="T:System.String"/> that represents this instance.</returns>
        </member>
        <member name="P:Ericom.CloudConnect.Common.RegistrationInfo.ServerType">
            <summary>
            Server type
            </summary>
        </member>
        <member name="P:Ericom.CloudConnect.Common.RegistrationInfo.DisambiguationId">
            <summary>
            DisambiguationId (if there are multiple servers of the same type on the same machine)
            </summary>
        </member>
        <member name="P:Ericom.CloudConnect.Common.RegistrationInfo.Storage">
            <summary>
            Where to store the UID
            </summary>
        </member>
        <member name="P:Ericom.CloudConnect.Common.RegistrationInfo.PreviousUid">
            <summary>
            If the Storage == None ... this is the uid to use (can be null)
            </summary>
        </member>
        <member name="P:Ericom.CloudConnect.Common.RegistrationInfo.DesiredUid">
            <summary>
            This is to be set if there is a UID we would like to use if one is otherwise non-available (set by the StandAloneSeverUtilities.MainThreadProcessing ONLY)
            </summary>
        </member>
        <member name="T:Ericom.CloudConnect.Common.ReconnectRequiredException">
            <summary>
            Exception thrown when a restart is required.  All logging should have been done
            before this is done.
            </summary>
        </member>
        <member name="M:Ericom.CloudConnect.Common.ReconnectRequiredException.#ctor">
            <summary>
            Constructor
            </summary>
        </member>
        <member name="M:Ericom.CloudConnect.Common.ReconnectRequiredException.#ctor(System.String)">
            <summary>
            Constructor.
            </summary>
            <param name="message"></param>
        </member>
        <member name="M:Ericom.CloudConnect.Common.ReconnectRequiredException.#ctor(System.String,System.Object[])">
            <summary>
            Create exception with format string and args
            </summary>
            <param name="format"></param>
            <param name="args"></param>
        </member>
        <member name="M:Ericom.CloudConnect.Common.ReconnectRequiredException.#ctor(System.String,System.Exception)">
            <summary>
            Constructor
            </summary>
            <param name="message"></param>
            <param name="innerException"></param>
        </member>
        <member name="M:Ericom.CloudConnect.Common.ReconnectRequiredException.#ctor(System.Runtime.Serialization.SerializationInfo,System.Runtime.Serialization.StreamingContext)">
            <summary>
            Constructor
            </summary>
            <param name="info"></param>
            <param name="context"></param>
        </member>
    </members>
</doc>
