<?xml version="1.0" encoding="utf-8"?>
<TranslatableMessageGroups xmlns:xsi="http://www.w3.org/2001/XMLSchema-instance" xsi:noNamespaceSchemaLocation="..\..\EricomUtilities\GenericUtilities\TranslatableMessages.xsd">
  <TranslatableMessages groupName="CloudConnectCommonError" namespace="Ericom.Utilities.Generic" purpose="exception">
    <TranslatableMessage id="PreviousUidCanOnlyBeSetWhenStorageIsNone" parameters="" md5="30261DF8CD57C6C3009BCF4EE53441AD">previousUid can only be set when storage is None</TranslatableMessage>
    <TranslatableMessage id="DesiredUidWasNotSet" parameters="" md5="0DAF0E7526FF08A7DFD0B236840069C9">DesiredUid was not set</TranslatableMessage>
    <TranslatableMessage id="DesiredUIDHasNotBeenInitialized" parameters="" md5="5A9A3F6CCB265AEF8ED2153B89B7F671">DesiredUID has not been initialized</TranslatableMessage>
    <TranslatableMessage id="UIDIsNull" parameters="" md5="7A4765DC964BEC5283BB5A072F9C0D4E">UID is null</TranslatableMessage>
    <TranslatableMessage id="ConfigChangedHandlerNotSet" parameters="" md5="F674ED3136586D317E9B5E734452C5C7">ConfigChanged handler not set</TranslatableMessage>
  </TranslatableMessages>
</TranslatableMessageGroups>