﻿<?xml version="1.0" encoding="utf-8" ?>
<!-- when changed, run EricomUtilities\PropertySetCodeGenerator\bin\x64\Debug\PropertySetCodeGenerator.exe generate  -->
<PropertySetDefinition class="CloudConnectBLConfigurationProperties" namespace="Ericom.MegaConnect.Runtime.XapApi" access="public" partial="true"
                       xmlns:xsi="http://www.w3.org/2001/XMLSchema-instance" xsi:noNamespaceSchemaLocation="..\..\EricomUtilities\GenericUtilities\PropertySetDefinition.xsd">
    <CustomTypes>
        <CustomType name="CcLogFilter"/>
    </CustomTypes>
    <Section name="" useSectionNamePrefix="true">
        <PropertyDefinition name="StandaloneServerKeepAliveFrequencySeconds" type="int" computationMethods="literal inherit" default="10" validation="typeOnly" visibleInUI="false" visibleInCommonUI="true" minInclusive="10" maxInclusive="3600"/>
        <PropertyDefinition name="numberPartitions" type="int" default="2" computationMethods="literal inherit" validation="typeOnly" minInclusive="1" readonlyInUI="true"/>
        <PropertyDefinition name="numberBackups" type="int" default="1" computationMethods="literal inherit" validation="typeOnly" minInclusive="1" readonlyInUI="true"/>
        <PropertyDefinition name="numberGscForThisMachine" type="int" default="5" computationMethods="literal inherit" validation="typeOnly" minInclusive="1" readonlyInUI="true"/>
        <!-- value of 0 means use xap default -->
        <PropertyDefinition name="maxInstancesPerMachine" type="int" default="0" computationMethods="literal inherit" validation="typeOnly" minInclusive="0" readonlyInUI="true"/>
        <PropertyDefinition name="clusterName" type="string" default="EricomConnectBusinessLogicCluster" computationMethods="literal inherit" 
                                 visibleInUI="false" visibleInCommonUI="false"
                                 validation="typeOnly" blankAllowed="false"/>
        <PropertyDefinition name="sqlServer" type="string" default="." computationMethods="literal inherit" validation="typeOnly" blankAllowed="false" readonlyInUI="true"/>
        <PropertyDefinition name="sqlDatabase" type="string" default="ConnectionBroker" computationMethods="literal inherit" validation="typeOnly" blankAllowed="false" readonlyInUI="true"/>
        <PropertyDefinition name="siteUid" type="string" default="demo" computationMethods="literal inherit" validation="typeOnly" blankAllowed="false" readonlyInUI="true"/>
        <PropertyDefinition name="sqlUseWindowsAuthentication" type="bool" default="true" computationMethods="literal inherit" validation="typeOnly" readonlyInUI="true"/>
        <PropertyDefinition name="sqlUser" type="string" default="" computationMethods="literal inherit" validation="typeOnly" readonlyInUI="true"/>
        <PropertyDefinition name="sqlPassword" type="string" default="" computationMethods="literal inherit" validation="typeOnly" visibleInUI="false" visibleInCommonUI="false" readonlyInUI="true"/>
        <!-- by default, we will compute the connection string based on the sqlUseWindowsAuthentication and other properties -->
        <PropertyDefinition name="sqlConnectionString" type="string" default="" computationMethods="literal inherit" validation="typeOnly" visibleInUI="false" visibleInCommonUI="false" readonlyInUI="true"/>
        <PropertyDefinition name="LoggingConfiguration" type="CcLogFilter" computationMethods="literal inherit"  default="default=Info" validation="typeOnly" visibleInUI="false" visibleInCommonUI="false" readonlyInUI="true"/>
    </Section>
</PropertySetDefinition>
