﻿<?xml version="1.0" encoding="utf-8" ?>
<PropertySetDefinition class="ConnectionProperties" namespace="Ericom.MegaConnect.Runtime.XapApi" access="public" partial="true"
                       xmlns:xsi="http://www.w3.org/2001/XMLSchema-instance" xsi:noNamespaceSchemaLocation="..\..\EricomUtilities\GenericUtilities\PropertySetDefinition.xsd">
    <CustomTypes>
        <CustomType name="MsRdpScreenModeId" assemblyName="Ericom.MegaConnect.Runtime.XapApi.MsRdpScreenModeId, MegaConnectRuntimeXapApi"/>
        <CustomType name="MsRdpDisplayConnectionBar" assemblyName="Ericom.MegaConnect.Runtime.XapApi.MsRdpDisplayConnectionBar, MegaConnectRuntimeXapApi"/>
        <CustomType name="MsRdpAudioMode" assemblyName="Ericom.MegaConnect.Runtime.XapApi.MsRdpAudioMode, MegaConnectRuntimeXapApi"/>
        <CustomType name="MsRdpAudioCaptureMode" assemblyName="Ericom.MegaConnect.Runtime.XapApi.MsRdpAudioCaptureMode, MegaConnectRuntimeXapApi"/>
        <CustomType name="RdpRedirectPrinters" assemblyName="Ericom.MegaConnect.Runtime.XapApi.RdpRedirectPrinters, MegaConnectRuntimeXapApi"/>
        <CustomType name="RdpRedirectClipboard" assemblyName="Ericom.MegaConnect.Runtime.XapApi.RdpRedirectClipboard, MegaConnectRuntimeXapApi"/>
        <CustomType name="MonitorForRemoteSession" assemblyName="Ericom.MegaConnect.Runtime.XapApi.MonitorForRemoteSession, MegaConnectRuntimeXapApi"/>
        <CustomType name="RdpNetworkTypes" assemblyName="Ericom.MegaConnect.Runtime.XapApi.RdpNetworkTypes, MegaConnectRuntimeXapApi"/>
        <CustomType name="MsRdpKbdHookMode" assemblyName="Ericom.MegaConnect.Runtime.XapApi.MsRdpKbdHookMode, MegaConnectRuntimeXapApi"/>
        <CustomType name="MsRdpAuthFailMode" assemblyName="Ericom.MegaConnect.Runtime.XapApi.MsRdpAuthFailMode, MegaConnectRuntimeXapApi"/>
        <CustomType name="ShowWindowType" assemblyName="Ericom.MegaConnect.Runtime.XapApi.ShowWindowType, MegaConnectRuntimeXapApi"/>
        <CustomType name="MsRdpSessionBpp" assemblyName="Ericom.MegaConnect.Runtime.XapApi.MsRdpSessionBpp, MegaConnectRuntimeXapApi"/>
        <CustomType name="SeamlessType" assemblyName="Ericom.MegaConnect.Runtime.XapApi.SeamlessType, MegaConnectRuntimeXapApi"/>
        <CustomType name="BlazeImageQuality" assemblyName="Ericom.MegaConnect.Runtime.XapApi.BlazeImageQuality, MegaConnectRuntimeXapApi"/>
        <CustomType name="LoginNameStyle" assemblyName="Ericom.MegaConnect.Runtime.XapApi.LoginNameStyle, MegaConnectRuntimeXapApi"/>
    </CustomTypes>

    <Section name="" useSectionNamePrefix="true">
        <!-- NOT VISIBLE .... these all have special handling by CC -->
        <Section name="Application Startup" useSectionNamePrefix="false" visibleInUI="false"  displayName="Sections.ApplicationStartup">
            <PropertyDefinition name="username" type="string" computationMethods="literal inherit"  default="" validation="typeOnly" visibleInUI="false" visibleInCommonUI="false" />
            <!-- must be before html password for AccessPortal -->
            <PropertyDefinition name="wc password" type="string" computationMethods="literal inherit" default="" validation="typeOnly" visibleInUI="false" visibleInCommonUI="false" />
            <PropertyDefinition name="html password" type="string" computationMethods="literal inherit" default="" validation="typeOnly" visibleInUI="false" visibleInCommonUI="false" />
            <PropertyDefinition name="x password" type="string" computationMethods="literal inherit" default="" validation="typeOnly" visibleInUI="false" visibleInCommonUI="false" />
            <PropertyDefinition name="full address" type="string" computationMethods="inherit literal" default="" validation="hostnameOrIpAddress" visibleInUI="false" visibleInCommonUI="false" />
            <PropertyDefinition name="access server" type="string" computationMethods="inherit literal" visibleInUI="false" visibleInCommonUI="false" validation="hostnameOrIpAddress"/>
            <PropertyDefinition name="alternate shell" type="string" computationMethods="literal inherit" validation="typeOnly" visibleInUI="false" visibleInCommonUI="false" />
            <PropertyDefinition name="remoteapplicationmode" type="bool" computationMethods="literal inherit" default="false" validation="typeOnly" visibleInUI="false" visibleInCommonUI="false" />
            <!-- for CC is true.  this is set to true in the code -->
            <PropertyDefinition name="wc client" type="bool" computationMethods="literal inherit" default="true" validation="typeOnly" visibleInUI="false" visibleInCommonUI="false" />
            <!--- not supported when we are a wc client -->
            <PropertyDefinition name="use standalone access server" type="bool" computationMethods="literal inherit" default="false"
                                validation="typeOnly" visibleInUI="false" visibleInCommonUI="false" />
            <PropertyDefinition name="cc id" type="string" computationMethods="literal inherit" default="" validation="typeOnly" visibleInUI="false" visibleInCommonUI="false" />
        </Section>

        <Section name="Session Configuration"  displayName="Sections.SessionConfiguration" useSectionNamePrefix="false" >
            <PropertyDefinition name="LoginName" type="LoginNameStyle" computationMethods="literal inherit" default="AsLoggedIn" visibleInUI="true" validation="typeOnly" />
            <PropertyDefinition name="screen mode id" type="MsRdpScreenModeId" computationMethods="literal inherit" default="FullScreen" validation="typeOnly"/>
            <PropertyDefinition name="desktopwidth" type="int" computationMethods="literal inherit" default="0" validation="typeOnly" minInclusive="0"/>
            <PropertyDefinition name="desktopheight" type="int" computationMethods="literal inherit" default="0" validation="typeOnly" minInclusive="0"/>
            <PropertyDefinition name="displayconnectionbar" type="MsRdpDisplayConnectionBar" computationMethods="literal inherit" default="Yes" validation="typeOnly"/>

        
            <PropertyDefinition name="use multimon" type="MonitorForRemoteSession" computationMethods="literal inherit" default="Current" validation="typeOnly"/>
            <PropertyDefinition name="session bpp" type="MsRdpSessionBpp" computationMethods="literal inherit" default="HighestQuality32Bit" validation="typeOnly" minInclusive="8"/>
            <PropertyDefinition name="connection type" type="RdpNetworkTypes" computationMethods="literal inherit" default="Lan" validation="typeOnly"/>
            
            <PropertyDefinition name="XteaPasswordEnabled" type="bool" computationMethods="literal inherit" default="true" validation="typeOnly" visibleInUI="false" visibleInCommonUI="false" />
            <PropertyDefinition name="shell working directory" type="string" computationMethods="literal inherit" visibleInUI="false" visibleInCommonUI="false" validation="typeOnly" />
            <PropertyDefinition name="disable wallpaper" type="bool" computationMethods="formula inherit" validation="typeOnly"
                                defaultComputation="formula" default="GetValue('connection_S_type') &lt; 'wan'" visibleInUI="false" visibleInCommonUI="false" />
            <PropertyDefinition name="allow font smoothing" type="bool" computationMethods="formula inherit"  validation="typeOnly"
                                defaultComputation="formula" default="GetValue('connection_S_type') &gt;= 'wan'" visibleInUI="false" visibleInCommonUI="false" />
            <PropertyDefinition name="disable full window drag" type="bool" computationMethods="formula inherit"  validation="typeOnly"
                                defaultComputation="formula" default="GetValue('connection_S_type') &lt;= 'BroadbandHigh'" visibleInUI="false" visibleInCommonUI="false" />
            <PropertyDefinition name="disable menu anims" type="bool" computationMethods="formula inherit"  validation="typeOnly"
                                defaultComputation="formula" default="GetValue('connection_S_type')&lt;= 'BroadbandHigh'" visibleInUI="false" visibleInCommonUI="false" />
            <PropertyDefinition name="disable themes" type="bool" computationMethods="formula inherit"  validation="typeOnly"
                                defaultComputation="formula" default="GetValue('connection_S_type')&lt; 'BroadbandLow'" visibleInUI="false" visibleInCommonUI="false" />
            <PropertyDefinition name="blaze version" type="string" computationMethods="literal inherit" default="3.0.7.0" visibleInUI="false" visibleInCommonUI="false" validation="typeOnly"/>            
            <PropertyDefinition name="audiocapturemode" type="MsRdpAudioCaptureMode" computationMethods="literal inherit" visibleInUI="false" visibleInCommonUI="false" default="DontRecord" validation="typeOnly"/>
            <!-- note: can be removed ... but is is currently checked by CC -->
            <PropertyDefinition name="session sharing" type="bool" computationMethods="literal inherit" default="true" validation="typeOnly" visibleInUI="false" visibleInCommonUI="false" />
            <PropertyDefinition name="autoreconnection enabled" type="bool" computationMethods="literal inherit" default="true" validation="typeOnly"/>
            <PropertyDefinition name="prompt for credentials" type="bool" computationMethods="literal inherit" default="false" visibleInUI="false" visibleInCommonUI="false" validation="typeOnly"/>
            <!-- disables cursor blinking -->
            <PropertyDefinition name="disable cursor setting" type="bool" computationMethods="literal inherit" default="false" visibleInUI="false" visibleInCommonUI="false" validation="typeOnly"/>
            <PropertyDefinition name="ui language" type="string" computationMethods="literal inherit" visibleInUI="false" visibleInCommonUI="false" default="" validation="typeOnly"/>
            <!-- what does this mean exactly-->
            <PropertyDefinition name="connect to console" type="bool" computationMethods="literal inherit" default="false" validation="typeOnly" visibleInUI="false" visibleInCommonUI="false" />
            <PropertyDefinition name="show window" type="ShowWindowType" computationMethods="literal inherit" default="Normal" validation="typeOnly"/>
            <!-- use this to affect all next 3 items, or use each to affect specific RDP protocol-->
            <PropertyDefinition name="client name" type="string" visibleInUI="false" visibleInCommonUI="false"  computationMethods="literal inherit" default="" validation="typeOnly" />
            <!-- [MS-RDPBCGR] 2.2.1.3.2 Client Core Data (TS_UD_CS_CORE)                     
                - clientName        (32 bytes): Name of the client computer. This field contains up to 15 Unicode characters plus a null terminator.-->
            <PropertyDefinition name="core client name" type="string" visibleInUI="false" visibleInCommonUI="false"  computationMethods="literal inherit" default="" validation="typeOnly" />
            <!-- "", [MS-RDPEFS]  2.2.2.4   Client Name Request (DR_CORE_CLIENT_NAME_REQ)           - 
                ComputerName      (variable): A variable-length array of ASCII or Unicode characters, the format of which is determined
                by the UnicodeFlag field. This is a string that identifies the client computer name. 
               The string MUST be null-terminated. The protocol imposes no limitations on the characters used in this field. -->
            <PropertyDefinition name="rdpdr computer name" type="string"  visibleInUI="false" visibleInCommonUI="false"  computationMethods="literal inherit" default="" validation="typeOnly"/>
            <!--  [MS-RDPELE]  2.2.2.2   Client New License Request (CLIENT_NEW_LICENSE_REQUEST) - ClientMachineName (variable): A Licensing Binary 
                  BLOB structure (see [MS-RDPBCGR] section 2.2.1.12.1.2) of type BB_CLIENT_MACHINE_NAME_BLOB (0x0010). This BLOB contains the client machine name string in 
                  null-terminated ANSI character set format and is used along with the ClientUserName
                 BLOB to keep track of licenses issued to clients.-->
            <PropertyDefinition name="license client machine name" visibleInUI="false" visibleInCommonUI="false"  type="string" computationMethods="literal inherit" default="" validation="typeOnly"/>

            <!--  launch app by file assoc instead of app name -->
            <PropertyDefinition name="file assoc" type="string" visibleInUI="false" visibleInCommonUI="false"  computationMethods="literal inherit" default="" validation="typeOnly" />
            <!-- launch app by file assoc instead of app name -->
            <PropertyDefinition name="file assoc verb" type="string" visibleInUI="false" visibleInCommonUI="false"  computationMethods="literal inherit" default="" validation="typeOnly" />
            <!-- option to show image instead of null cursor [blank|arrow|cross|bmp|png] 
                 SHOULD BE ENUM-->
            <PropertyDefinition name="null cursor" type="string" computationMethods="literal inherit" default="" visibleInUI="false" visibleInCommonUI="false"  validation="typeOnly" />
            <!--  [microsoft|ericom|none], "microsoft" is the default now. microsoft="Prefer Microsoft RemoteApp", ericom="Always use Ericom Seamless" 
                SHOULD BE ENUM -->
            <PropertyDefinition name="seamless type" type="SeamlessType" computationMethods="literal inherit" default="Microsoft" validation="typeOnly" />
            <PropertyDefinition name="session log file" visibleInUI="false" visibleInCommonUI="false"  type="string" computationMethods="literal inherit" default="" validation="typeOnly" />
            <!-- CC always sets the port based on its configuration parameters
            <PropertyDefinition name="default access server port" type="bool"  computationMethods="literal inherit" default="true" validation="typeOnly" />
            -->
            <PropertyDefinition name="title" type="string"  computationMethods="literal inherit" default="" visibleInUI="false" visibleInCommonUI="false"  validation="typeOnly" />
            <PropertyDefinition name="reuse session" type="bool" computationMethods="literal inherit" default="true" validation="typeOnly"/>            
            <PropertyDefinition name="websocket encrypt" type="bool" computationMethods="literal inherit" default="false" validation="typeOnly" visibleInUI="false" visibleInCommonUI="false" />
            <PropertyDefinition name="websocket port" type="int" computationMethods="literal inherit" default="8080" validation="typeOnly" visibleInUI="false" visibleInCommonUI="false" />
            <PropertyDefinition name="timezone" type="bool" computationMethods="literal inherit" default="true" validation="typeOnly" />
            <PropertyDefinition name="RDP_FastLogoff" type="bool" computationMethods="literal inherit" default="false" validation="typeOnly" />
        </Section>

        <Section name="Redirection Configuration" displayName="Sections.RedirectionConfiguration" useSectionNamePrefix="false" >
            <!--  use * for all drives or "drivestoredirect:s:(C:);(D:);DynamicDrives -->
            <PropertyDefinition name="redirectclipboard" type="bool" computationMethods="literal inherit" default="true" validation="typeOnly"/>
            <PropertyDefinition name="audiomode" type="MsRdpAudioMode" computationMethods="literal inherit" default="DontPlay" validation="typeOnly"/>
            <PropertyDefinition name="drivestoredirect" type="string" computationMethods="literal inherit" default="" visibleInUI="true" validation="typeOnly"/>
            <PropertyDefinition name="dirstoredirect" type="string" computationMethods="literal inherit" default="" validation="typeOnly"/>
            <PropertyDefinition name="addins to use" type="string" computationMethods="literal inherit" default="" validation="typeOnly"/>
            <PropertyDefinition name="redirectcomports" type="bool" computationMethods="literal inherit" default="false" visibleInUI="true" validation="typeOnly"/>
            <PropertyDefinition name="redirectsmartcards" type="bool" computationMethods="literal inherit" default="false" visibleInUI="true" validation="typeOnly"/>
        </Section>

        <Section name="Printer Configuration" displayName="Sections.PrinterConfiguration" useSectionNamePrefix ="false">
                <!-- it is a bitmask, use any or'ed values of RdpRedirectPrinters.   Note: Do not need explicit OR given how the enum is defined -->
            <PropertyDefinition name="redirectprinters" type="RdpRedirectPrinters" computationMethods="literal inherit" default="Off" validation="typeOnly"/>
            <PropertyDefinition name="set remote default printer" type="bool"  computationMethods="literal inherit" default="true" validation="typeOnly" />
            <PropertyDefinition name="redirect only default printer" type="bool" computationMethods="literal inherit" default="false" validation="typeOnly"/>
            <PropertyDefinition name="AN Printer name" type="string" computationMethods="literal inherit" default="" validation="typeOnly"/>
            <!-- * for all -->                        
            <PropertyDefinition name="use HP Universal PS Printer Driver" type="bool" computationMethods="literal inherit" default="false" validation="typeOnly"/>
            <PropertyDefinition name="universal printer name" type="string" computationMethods="literal inherit" default="" validation="typeOnly"/>
            <PropertyDefinition name="universal printer driver" type="string" computationMethods="literal inherit" default="" validation="typeOnly"/>

            <PropertyDefinition name="ps2pdf mode" type="bool" computationMethods="literal inherit" default="false" validation="typeOnly"/>
            <PropertyDefinition name="ps2pdf args" type="string" computationMethods="literal inherit" default="" validation="typeOnly"/>
            <PropertyDefinition name="pdfprint args" type="string" computationMethods="literal inherit" default="" validation="typeOnly"/>
        </Section>        

        <Section name="Acceleration Configuration" displayName="Sections.AccelerationConfiguration" useSectionNamePrefix="false" >
            <PropertyDefinition name="blaze acceleration" type="bool" computationMethods="literal inherit" default="true" validation="typeOnly"/>
            <PropertyDefinition name="blaze image quality" type="BlazeImageQuality" computationMethods="literal inherit" default="40" validation="typeOnly" minInclusive="0" maxInclusive="100"/>
        </Section>

        <Section name="Input Configuration" displayName="Sections.InputConfiguration" useSectionNamePrefix="false" >
            <PropertyDefinition name="convert unicode to scancode" type="bool" computationMethods="literal inherit" default="false" validation="typeOnly"/>
            <PropertyDefinition name="keyboardhook" type="MsRdpKbdHookMode" computationMethods="literal inherit" default="FullScreen" validation="typeOnly"/>
        </Section>

        <Section name="Applies to Mac Users Only" displayName="Sections.AppliesToMacUsersOnly" useSectionNamePrefix="false" >
            <PropertyDefinition name="use windows keyboard" type="bool" computationMethods="literal inherit" default="false" validation="typeOnly"/>
            <PropertyDefinition name="reverse mouse wheel" type="bool" computationMethods="literal inherit" default="false" validation="typeOnly"/>
            <PropertyDefinition name="scancodes" type="string" computationMethods="literal inherit" default="" visibleInUI="false" visibleInCommonUI="false"  validation="typeOnly"/>
        </Section>

        <Section name="Advanced Resource Server Settings" displayName="Sections.AdvancedResourceServerSettings" useSectionNamePrefix="false">
            <!-- launch a windows explorer in the rdp session (if 1) which is then used to launch the application - required for some applications -->
            <PropertyDefinition name="RDP_WithExplorer" type="bool" computationMethods="literal inherit" default="false" validation="typeOnly"/>
            <!-- immediately logoff a disconnected session. normally controlled by an rdp setting instead  -->
            <PropertyDefinition name="RDP_LogoffDisconnected" type="bool" computationMethods="literal inherit" default="false" validation="typeOnly"/>
            <!-- immediately logoff a disconnected session. normally controlled by an rdp setting instead  -->
            <PropertyDefinition name="RDP_LogoffDelaySeconds" type="int" computationMethods="literal inherit" default="3" validation="typeOnly" minInclusive="3"/>
            <!-- This is required for blaze -->
            <PropertyDefinition name="RDP_WCConnectionName" type="string" computationMethods="literal inherit"  validation="typeOnly" visibleInUI="false" visibleInCommonUI="false" />
          
          <!-- 
            <PropertyDefinition name="RDP_WCOrganizationName" type="string" computationMethods="literal inherit" default="" validation="typeOnly"/>  
            <PropertyDefinition name="RDP_WCServerName" type="string" computationMethods="literal inherit" default="" validation="typeOnly"/>      
            <PropertyDefinition name="RDP_WCUserName" type="string" computationMethods="literal inherit"  validation="typeOnly" visibleInUI="false" visibleInCommonUI="false" />     
            <PropertyDefinition name="RDP_WCDomain" type="string" computationMethods="literal inherit" validation="typeOnly"/>
            -->
            
        </Section>

        <!-- all computed by and set by CC -->
        <Section name="ESG Parameters" displayName="Sections.ESGParameters" useSectionNamePrefix="false" visibleInUI="false" >
            <PropertyDefinition name="use ericom secure gateway" type="bool" computationMethods="literal inherit" validation="typeOnly" visibleInUI="false" visibleInCommonUI="false" />
            <PropertyDefinition name="use secure gateway creds" type="bool" computationMethods="literal inherit" validation="typeOnly"  visibleInUI="false" visibleInCommonUI="false" />
            <PropertyDefinition name="ask secure gateway creds" type="bool" computationMethods="literal inherit" validation="typeOnly"  visibleInUI="false" visibleInCommonUI="false" />
            <PropertyDefinition name="secure gateway hostname" type="string" computationMethods="literal inherit" visibleInUI="false" visibleInCommonUI="false"  validation="typeOnly" />
            <PropertyDefinition name="authentication ticket client id" type="string" computationMethods="literal inherit" visibleInUI="false" visibleInCommonUI="false"  validation="typeOnly" />
            <PropertyDefinition name="authentication ticket server id" type="string" computationMethods="literal inherit" visibleInUI="false" visibleInCommonUI="false"  validation="typeOnly"/>
        </Section>

        <!--
             EXCLUDED BECAUSE CC 1.0 does not support mstsc
        <Section name="Mstsc" displayName="Mstsc" useSectionNamePrefix="false" visibleInUI="false" >
            <PropertyDefinition name="allow desktop composition" type="bool" computationMethods="literal inherit" validation="typeOnly"
                               defaultComputation="formula" default="GetValue('connection_S_type') &gt;= 'satellite'" visibleInUI="false" visibleInCommonUI="false" 
                                />
            <PropertyDefinition name="authentication level" type="MsRdpAuthFailMode" computationMethods="literal inherit" default="Warn" validation="typeOnly"
                                />
            <PropertyDefinition name="bitmapcachepersistenable" type="bool" computationMethods="literal inherit" default="true" validation="typeOnly"/>
            <PropertyDefinition name="compression" type="bool" computationMethods="literal inherit" default="true" validation="typeOnly"/>
            <PropertyDefinition name="negotiate security layer" type="bool" computationMethods="literal inherit" default="true" validation="typeOnly"/>
            <PropertyDefinition name="redirectdirectx" type="bool" computationMethods="literal inherit" default="true" validation="typeOnly"/>
            <PropertyDefinition name="redirectposdevices" type="bool" computationMethods="literal inherit" default="false" validation="typeOnly"/>
            <PropertyDefinition name="use redirection server name" type="bool" computationMethods="literal inherit" default="false" validation="typeOnly"/>
            <PropertyDefinition name="videoplaybackmode" type="bool" computationMethods="literal inherit" default="true" validation="typeOnly"/>

            <PropertyDefinition name="gatewayhostname" type="string" computationMethods="literal inherit" default="" validation="typeOnly"/>
            // 4, 4=no 2=bypass, 1->nobypass; SHOULD BE ENUM 
            <PropertyDefinition name="gatewayusagemethod" type="int" computationMethods="literal inherit" default="4" validation="typeOnly"/>
            // 0, 0=NTLM, 1=smart-card, 4=later   SHOULD BE ENUM 
            <PropertyDefinition name="gatewaycredentialssource" type="int" computationMethods="literal inherit" default="0" validation="typeOnly"/>
              // 0, 0=auto, 1=manual SHOULD BE ENUM 
            <PropertyDefinition name="gatewayprofileusagemethod" type="int" computationMethods="literal inherit" default="0" validation="typeOnly"/>
            <  // 1, 0.   1=use-my-gw-creds SHOULD BE ENUM
            <PropertyDefinition name="promptcredentialonce" type="int" computationMethods="literal inherit" default="1" validation="typeOnly"/>

        </Section>
                -->

    </Section>
</PropertySetDefinition>

<!-- 

    Access Pad - Erez, should CC add them?
    ===============

    "AP_ID"
    "AP host:s:"
    "AP user:s:"
    "AP pid:s:"
    "AP connection:s:"
    "AP connection target:s:"

    not to be used
    ===================
    "loadbalanceinfo:s:" // mstsc, when you want to use VDI pool
    "codecs:s:" // "", nsc,rfx,rdp - for testing
    "show fps:i:" // 0,1 - for testing
    "auto reconnect cookie:i:"
    "license key:s:" // special way to allow bypassing our licensing mechanism

    *** we need a way to allow free form fields, meaning: the admin will be able to add both item and value.
    for example:
    "title:s:my title"
    and not just add "my title" to the predefined "title:s:" field.

-->
