<?xml version="1.0" encoding="utf-8"?>
<TranslatableMessageGroups xmlns:xsi="http://www.w3.org/2001/XMLSchema-instance" xsi:noNamespaceSchemaLocation="..\..\EricomUtilities\GenericUtilities\TranslatableMessages.xsd">
  <TranslatableMessages groupName="ConnectionBrokerDeploymentError" namespace="Ericom.Utilities.Generic" purpose="exception">
    <TranslatableMessage id="DoesNotExist" parameters="unknown/String" md5="07586D247E7B6D9BF1F8F94E3A5C19F7">{0} does not exist</TranslatableMessage>
    <TranslatableMessage id="DidntStartOnThisMachineInTime" parameters="" md5="98A67A2946942F5FF48FE9368824A8FD">Didn't start on this machine in time</TranslatableMessage>
    <TranslatableMessage id="GSMDidNotStartInTime" parameters="" md5="5C954623C601FAD144DF6B6FAABA3FAC">GSM did not start in time</TranslatableMessage>
    <TranslatableMessage id="GSMNotFound" parameters="" md5="71705139F2B89C658886BC7143967786">GSM not found</TranslatableMessage>
    <TranslatableMessage id="DidNotDeployInTime" parameters="" md5="C0F2214CD33AFA72E2D0E8EACB1FBB8F">Did not deploy in time</TranslatableMessage>
    <TranslatableMessage id="DidNotCompleteDeploymentInTime" parameters="" md5="11770F49265DE6B6F7283E3C18C3F8C3">Did not complete deployment in time</TranslatableMessage>
    <TranslatableMessage id="MustHaveAtLeastOneBackupWhenTheMirrorIsEnabled" parameters="" md5="46F13C09C2EDC907AF19F449A0A198B2">Must have at least one backup when the mirror is enabled</TranslatableMessage>
    <TranslatableMessage id="GridServiceContainersDidNotStartOnTime" parameters="unknown/int unknown/int unknown/bool" md5="65C57DA0A2C2CBF6FC1D4699E0EF559D">Grid service containers did not start on time.  Have {0} containers but expected {1} after waiting for {2}</TranslatableMessage>
    <TranslatableMessage id="FileDoesNotExist" parameters="unknown/String" md5="B9A9B75434388D9FADB9BB1F02C3BF26">File does not exist: {0}</TranslatableMessage>
    <TranslatableMessage id="CannotFindDeploymentFile" parameters="unknown/String" md5="A1F76724332FB5AFBE9991B2EBDADAA9">Cannot find deployment file: {0}</TranslatableMessage>
    <TranslatableMessage id="CannotFind" parameters="unknown/String" md5="E73E20E20625282009A25974198985E4">Cannot find {0}</TranslatableMessage>
    <TranslatableMessage id="CurrentDeploymentIsOutOfDate" parameters="" md5="A880534FD8E7E272D09FF077F14020DE">Current deployment is out-of-date</TranslatableMessage>
    <TranslatableMessage id="DidNotUndeployInTime" parameters="" md5="8C43ED72F7CA016470C951E58EF38F99">Did not undeploy in time</TranslatableMessage>
    <TranslatableMessage id="XAPGroupIsNotConfiguredCheck" parameters="unknown/String" md5="AD809BD757D2163ADB8C3775D93CBB23">XAP Group is not configured. Check {0}</TranslatableMessage>
    <TranslatableMessage id="CannotFindXAPRunningAnywhere" parameters="" md5="8E57F8BD2F32FC9D3D7E8EE965AC036C">Cannot find XAP running anywhere</TranslatableMessage>
    <TranslatableMessage id="DeploymentRequiresGscButOnlyHaveGscsAvailable" parameters="unknown/int unknown/int" md5="E3682E9B6D2FD5898160ABD1307FD945">Deployment requires {0} gsc but only have {1} gscs available</TranslatableMessage>
    <TranslatableMessage id="DeploymentRequiresGscsButHave" parameters="unknown/int unknown/String" md5="F5C75802D327768958273FA291B1C91E">Deployment requires {0} gscs but have /{1}</TranslatableMessage>
    <TranslatableMessage id="LusListEmpty" parameters="" md5="3AFC1275D38C9357FBA48739C14657C7">Lookup Service list is empty and we are not using multi-cast</TranslatableMessage>
  </TranslatableMessages>
</TranslatableMessageGroups>