﻿<TranslatableMessageGroups xmlns:xsi="http://www.w3.org/2001/XMLSchema-instance" xsi:noNamespaceSchemaLocation="..\..\EricomUtilities\GenericUtilities\TranslatableMessages.xsd">
     <TranslatableMessages groupName="ConnectionBrokerToolError" namespace="Ericom.Utilities.Generic" purpose="exception">
         <TranslatableMessage id="CmdkeyFailedMsgToString" parameters="unknown/string">cmdkey failed: {0}"</TranslatableMessage>
         <TranslatableMessage id="QueryHadResultsButExpected" parameters="unknown/int unknown/long">Query had {0} results but expected {1}</TranslatableMessage>
         <TranslatableMessage id="AdminLoginFailed" parameters="">Admin login failed</TranslatableMessage>
         <TranslatableMessage id="CannotLoadBootstrapDataBecauseTheSystemIsInTheState" parameters="unknown/object">Cannot load bootstrap data because the system is in the {0} state</TranslatableMessage>
         <TranslatableMessage id="CannotLoginAsAdmin" parameters="">Cannot login as admin</TranslatableMessage>
         <TranslatableMessage id="UnhandledScenario" parameters="unknown/object">Unhandled scenario {0}</TranslatableMessage>
         <TranslatableMessage id="WeInitiallyHadNoResourceGroupsAndNowWeHave" parameters="unknown/int">We initially had no resource groups, and now we have {0}</TranslatableMessage>
         <TranslatableMessage id="UpdateIsNotSupportHere" parameters="">Update is not support here</TranslatableMessage>
         <TranslatableMessage id="CannotFindGigaSpacesCoreDll" parameters="">Cannot find GigaSpaces.Core.dll</TranslatableMessage>
         <TranslatableMessage id="CannotMatch" parameters="unknown/String">Cannot match {0}</TranslatableMessage>
         <TranslatableMessage id="TooManyToplevelDirectories" parameters="">too many toplevel directories</TranslatableMessage>
         <TranslatableMessage id="CannotFind" parameters="unknown/String">Cannot find {0}</TranslatableMessage>
         <TranslatableMessage id="CannotFindXapNetGroups" parameters="">Cannot find XapNet.Groups</TranslatableMessage>
         <TranslatableMessage id="CannotFindXapNetHostName" parameters="">Cannot find XapNet.HostName</TranslatableMessage>
         <TranslatableMessage id="CannotFindXapNetLogsPath" parameters="">Cannot find XapNet.Logs.Path</TranslatableMessage>
         <TranslatableMessage id="CannotFindSystemProperties" parameters="">cannot find SystemProperties</TranslatableMessage>
         <TranslatableMessage id="DoNotUseStarForTheExceptionRegexp" parameters="">Do not use .* for the exception regexp</TranslatableMessage>
         <TranslatableMessage id="CannotGetCloudConnectStatus" parameters="unknown/String">Cannot get CloudConnect status: {0}</TranslatableMessage>
         <TranslatableMessage id="UnknownLicenseType" parameters="unknown/String">Unknown license type: {0}</TranslatableMessage>
         <TranslatableMessage id="UnknownEditionType" parameters="unknown/String">Unknown edition type: {0}</TranslatableMessage>
         <TranslatableMessage id="CannotParseDate" parameters="unknown/object">Cannot parse date: {0}</TranslatableMessage>
         <TranslatableMessage id="CannotParseMaintenanceDate" parameters="unknown/object">Cannot parse maintenance date: {0}</TranslatableMessage>
         <TranslatableMessage id="GetResponseFailed" parameters="unknown/String">GetResponse failed: {0}</TranslatableMessage>
         <TranslatableMessage id="CannotParseSessionLimit" parameters="unknown/String">Cannot parse session limit: {0}</TranslatableMessage>
         <TranslatableMessage id="KeyShouldContain16Characters" parameters="">Key should contain 16 characters</TranslatableMessage>
         <TranslatableMessage id="CCIsNotRunning" parameters="unknown/object">CC is not running ({0})</TranslatableMessage>
         <TranslatableMessage id="CloudConnectIsNotRunning" parameters="unknown/String">Cloud connect is not running: {0}</TranslatableMessage>
         <TranslatableMessage id="DatabaseExistsUseToDeleteTheDbBeforeCreation" parameters="unknown/String">Database exists. Use /{0} to delete the db before creation</TranslatableMessage>
         <TranslatableMessage id="ExceptionSpecMustHaveAtLeastThreeFields" parameters="">Exception spec must have at least three fields</TranslatableMessage>
         <TranslatableMessage id="InvalidExceptionAt" parameters="unknown/String">Invalid ExceptionAt: '{0}'</TranslatableMessage>
         <TranslatableMessage id="TranslatableMessagesEmptyId">TranslatableMessages can't have an empty id</TranslatableMessage>
     </TranslatableMessages>
    <TranslatableMessages groupName="ConnectionBrokerToolException" namespace="Ericom.Utilities.Generic" purpose="exception">
        <TranslatableMessage id="AdminWebServiceDidntStartByTheExpectedTime" parameters="">AdminWebService didn't start by the expected time.</TranslatableMessage>
        <TranslatableMessage id="LoginFailed" parameters="">login failed</TranslatableMessage>
        <TranslatableMessage id="DescriptorNames" parameters="unknown/String">DescriptorNames = {0}</TranslatableMessage>
        <TranslatableMessage id="QueryHadNoResultWithinTheTimeLimit" parameters="">Query had no result within the time limit</TranslatableMessage>
    </TranslatableMessages>
</TranslatableMessageGroups>