<?xml version="1.0"?>
<doc>
    <assembly>
        <name>ConnectionBrokerTool</name>
    </assembly>
    <members>
        <member name="T:Ericom.MegaConnect.ConnectionBrokerTool.ConnectionBrokerRuntimeConfigOptions">
            <summary>
            Options controlling connection broker behavior.  These are used to control the entire installation
            </summary>
        </member>
        <member name="F:Ericom.MegaConnect.ConnectionBrokerTool.ConnectionBrokerRuntimeConfigOptions.m_UseOptimzedGetResource">
            <summary>
            Use the optimized cb accessor
            </summary>
        </member>
        <member name="F:Ericom.MegaConnect.ConnectionBrokerTool.ConnectionBrokerRuntimeConfigOptions.m_DebugDestination">
            <summary>
            Use the optimized cb accessor
            </summary>
        </member>
        <member name="M:Ericom.MegaConnect.ConnectionBrokerTool.ConnectionBrokerRuntimeConfigOptions.Options">
            <summary>
            List of options
            </summary>
            <returns></returns>
        </member>
        <member name="T:Ericom.MegaConnect.ConnectionBrokerTool.ConfigTool">
            <summary>
            Get/set current config information
            </summary>
        </member>
        <member name="T:Ericom.MegaConnect.ConnectionBrokerTool.ConnectionBrokerToolProgram">
            <summary>
            Main program
            </summary>
        </member>
        <member name="F:Ericom.MegaConnect.ConnectionBrokerTool.ConnectionBrokerToolProgram.TestApplicationIcon">
            <summary>
            Icon that can be used for test applications
            </summary>
        </member>
        <member name="F:Ericom.MegaConnect.ConnectionBrokerTool.ConnectionBrokerToolProgram.DEFAULT_ROOT_LOGIN">
            <summary>
            Default admin login
            </summary>
        </member>
        <member name="F:Ericom.MegaConnect.ConnectionBrokerTool.ConnectionBrokerToolProgram.DEFAULT_ROOT_PWD">
            <summary>
            Default admin password
            </summary>
        </member>
        <member name="F:Ericom.MegaConnect.ConnectionBrokerTool.ConnectionBrokerToolProgram.DEFAULT_ROOT_RO_LOGIN">
            <summary>
            Default admin read only
            </summary>
        </member>
        <member name="F:Ericom.MegaConnect.ConnectionBrokerTool.ConnectionBrokerToolProgram.DEFAULT_ROOT_RO_PWD">
            <summary>
            Default admin ReadOnly password
            </summary>
        </member>
        <member name="F:Ericom.MegaConnect.ConnectionBrokerTool.ConnectionBrokerToolProgram.m_Server">
            <summary>
            Public so it can be used by tests
            </summary>
        </member>
        <member name="F:Ericom.MegaConnect.ConnectionBrokerTool.ConnectionBrokerToolProgram.m_Database">
            <summary>
            Public so it can be used by tests
            </summary>
        </member>
        <member name="F:Ericom.MegaConnect.ConnectionBrokerTool.ConnectionBrokerToolProgram.m_NumberUsers">
            <summary>
            Public so it can be used by tests
            </summary>
        </member>
        <member name="F:Ericom.MegaConnect.ConnectionBrokerTool.ConnectionBrokerToolProgram.m_NumberApps">
            <summary>
            Public so it can be used by tests
            </summary>
        </member>
        <member name="F:Ericom.MegaConnect.ConnectionBrokerTool.ConnectionBrokerToolProgram.m_NumberHosts">
            <summary>
            Public so it can be used by tests
            </summary>
        </member>
        <member name="F:Ericom.MegaConnect.ConnectionBrokerTool.ConnectionBrokerToolProgram.m_SubTenants">
            <summary>
            Public so it can be used by tests
            </summary>
        </member>
        <member name="F:Ericom.MegaConnect.ConnectionBrokerTool.ConnectionBrokerToolProgram.m_NumberGroups">
            <summary>
            Public so it can be used by tests
            </summary>
        </member>
        <member name="F:Ericom.MegaConnect.ConnectionBrokerTool.ConnectionBrokerToolProgram.m_UserToGroupProbability">
            <summary>
            Public so it can be used by tests
            </summary>
        </member>
        <member name="F:Ericom.MegaConnect.ConnectionBrokerTool.ConnectionBrokerToolProgram.m_AppGroupProb">
            <summary>
            Public so it can be used by tests
            </summary>
        </member>
        <member name="F:Ericom.MegaConnect.ConnectionBrokerTool.ConnectionBrokerToolProgram.m_AppToMachineProbability">
            <summary>
            Public so it can be used by tests
            </summary>
        </member>
        <member name="F:Ericom.MegaConnect.ConnectionBrokerTool.ConnectionBrokerToolProgram.m_UserNameFormat">
            <summary>
            Public so it can be used by tests
            </summary>
        </member>
        <member name="F:Ericom.MegaConnect.ConnectionBrokerTool.ConnectionBrokerToolProgram.m_DeleteFirst">
            <summary>
            Public so it can be used by tests
            </summary>
        </member>
        <member name="F:Ericom.MegaConnect.ConnectionBrokerTool.ConnectionBrokerToolProgram.m_AppNameFormat">
            <summary>
            Public so it can be used by tests
            </summary>
        </member>
        <member name="F:Ericom.MegaConnect.ConnectionBrokerTool.ConnectionBrokerToolProgram.m_SpaceName">
            <summary>
            Public so it can be used by tests
            </summary>
        </member>
        <member name="F:Ericom.MegaConnect.ConnectionBrokerTool.ConnectionBrokerToolProgram.m_GridName">
            <summary>
            Public so it can be used by tests
            </summary>
        </member>
        <member name="F:Ericom.MegaConnect.ConnectionBrokerTool.ConnectionBrokerToolProgram.m_InsertsPerTxn">
            <summary>
            Public so it can be used by tests
            </summary>
        </member>
        <member name="F:Ericom.MegaConnect.ConnectionBrokerTool.ConnectionBrokerToolProgram.m_NumberThreads">
            <summary>
            Public so it can be used by tests
            </summary>
        </member>
        <member name="F:Ericom.MegaConnect.ConnectionBrokerTool.ConnectionBrokerToolProgram.m_User">
            <summary>
            Process XML configuration data
            </summary>
        </member>
        <member name="M:Ericom.MegaConnect.ConnectionBrokerTool.ConnectionBrokerToolProgram.GetCommands">
            <summary>
            Public so it can be used by tests
            </summary>
        </member>
        <member name="M:Ericom.MegaConnect.ConnectionBrokerTool.ConnectionBrokerToolProgram.DoMain(System.String[])">
            <summary>Does the main.</summary>
            <param name="args">The arguments.</param>
        </member>
        <member name="M:Ericom.MegaConnect.ConnectionBrokerTool.ConnectionBrokerToolProgram.MakeStandardPassword(System.String)">
            <summary>Mangle the domainQualifiedUserName to make a password</summary>
            <param name="username">The username.</param>
            <returns></returns>
        </member>
        <member name="M:Ericom.MegaConnect.ConnectionBrokerTool.ConnectionBrokerToolProgram.CreateSqlDatabase">
            <summary>
            Creates the SQL database.
            </summary>
        </member>
        <member name="F:Ericom.MegaConnect.ConnectionBrokerTool.ConnectionBrokerToolProgram.m_Disposed">
            <summary>
            Internal variable which checks if Dispose has already been called
            </summary>
        </member>
        <member name="M:Ericom.MegaConnect.ConnectionBrokerTool.ConnectionBrokerToolProgram.Finalize">
            <summary>
            Finalizer.  Disposes object.
            </summary>
        </member>
        <member name="M:Ericom.MegaConnect.ConnectionBrokerTool.ConnectionBrokerToolProgram.Dispose(System.Boolean)">
            <summary>
            Releases unmanaged and - optionally - managed resources
            </summary>
            <param name="disposing"><c>true</c> to release both managed and unmanaged resources; <c>false</c> to release only unmanaged resources.</param>
        </member>
        <member name="M:Ericom.MegaConnect.ConnectionBrokerTool.ConnectionBrokerToolProgram.Dispose">
            <summary>
            Performs application-defined tasks associated with freeing, releasing, or resetting unmanaged resources.
            </summary>
        </member>
        <member name="M:Ericom.MegaConnect.ConnectionBrokerTool.ConnectionBrokerToolProgram.AddTenantDataCommand(Ericom.MegaConnect.Runtime.XapApi.IAdministrationProcessingUnit,System.String)">
            <summary>Adds the tenant data.</summary>
            <param name="admin">The admin.</param>
            <param name="adminSessionId">The admin session identifier.</param>
        </member>
        <member name="M:Ericom.MegaConnect.ConnectionBrokerTool.ConnectionBrokerToolProgram.AddTenantDataCommand(Ericom.MegaConnect.Runtime.XapApi.IAdministrationProcessingUnit,System.String,System.Int32)">
            <summary>Adds the tenant data command.</summary>
            <param name="admin">The admin.</param>
            <param name="adminSessionId">The admin session identifier.</param>
            <param name="numberOfTenants">The number of tenants.</param>
        </member>
        <member name="M:Ericom.MegaConnect.ConnectionBrokerTool.ConnectionBrokerToolProgram.SystemRunningConfigureRadiusCommand(Ericom.MegaConnect.Runtime.XapApi.IAdministrationProcessingUnit,System.String)">
            <summary>Sets the radius configuration.</summary>
            <param name="adminPu">The admin pu.</param>
            <param name="adminSessionId">The admin session identifier.</param>
        </member>
        <member name="M:Ericom.MegaConnect.ConnectionBrokerTool.ConnectionBrokerToolProgram.ValidateLicenseCmd(Ericom.Utilities.Generic.CommandDescription,System.Collections.Generic.IList{System.String})">
            <summary>Validates the license command.</summary>
            <param name="desc">The command description.</param>
            <param name="args">The arguments.</param>
        </member>
        <member name="M:Ericom.MegaConnect.ConnectionBrokerTool.ConnectionBrokerToolProgram.GetCcState(Ericom.CloudConnect.Utilities.SpaceCredentials)">
            <summary>
            Get the current CC system state returning CcSystemState.Error if
            CC cannot be contacted or if an exception occurs
            </summary>
            <returns></returns>
        </member>
        <member name="M:Ericom.MegaConnect.ConnectionBrokerTool.ConnectionBrokerToolProgram.AssertCbRunning(System.IO.TextWriter)">
            <summary>
            Check the CC is in the running state and throw exception if not
            </summary>
            <param name="dest"></param>
        </member>
        <member name="M:Ericom.MegaConnect.ConnectionBrokerTool.ConnectionBrokerToolProgram.LoadBootstrapData(Ericom.CloudConnect.Utilities.SpaceCredentials,System.String,System.IO.TextWriter)">
            <summary>Load in the basic data needed for the system to run</summary>
            <param name="adminXapUser">The admin xap user.</param>
            <param name="dest">The destination for logging</param>
            <param name="translationDbDir"></param>
        </member>
        <member name="M:Ericom.MegaConnect.ConnectionBrokerTool.ConnectionBrokerToolProgram.LoadTestData(System.IO.TextWriter,System.Int32,System.Boolean,Ericom.MegaConnect.ConnectionBrokerTool.ConnectionBrokerToolProgram.ScenarioType,System.Int32)">
            <summary>
            Load test data
            </summary>
            <param name="dest">where to send output</param>
            <param name="numberHosts">number hosts to create (a subset of the hosts in the testdata file)</param>
            <param name="useSubTenants">true if the test tenants (t1-t9) should be created</param>
            <param name="scenario">the test scenarion type</param>
            <param name="maxRemoteSessions">the max. number of remote sessions</param>
            <returns></returns>
        </member>
        <member name="M:Ericom.MegaConnect.ConnectionBrokerTool.ConnectionBrokerToolProgram.LoadIntegrationTestData(Ericom.CloudConnect.Utilities.SpaceCredentials)">
            <summary>Loads the integration test data.</summary>
            <param name="userCredentials">The user credentials.</param>
        </member>
        <member name="M:Ericom.MegaConnect.ConnectionBrokerTool.ConnectionBrokerToolProgram.CreateTestTenants(Ericom.MegaConnect.Runtime.XapApi.IAdministrationProcessingUnit,System.String,GigaSpaces.Core.ISpaceProxy,Ericom.MegaConnect.ConnectionBrokerTool.ConfigTool)">
            <summary>
            Create none test tenants (t1 .. t2)
            User names ending in the digit ... are members
            (So some users are not a member of any of these)
            </summary>
            <param name="admin">The admin.</param>
            <param name="rootSessionId">The root session identifier.</param>
            <param name="space">The space.</param>
            <param name="ct">The ct.</param>
            <returns></returns>
        </member>
        <member name="M:Ericom.MegaConnect.ConnectionBrokerTool.ConnectionBrokerToolProgram.CreateAndAddTestResourceDefinition(Ericom.MegaConnect.Runtime.XapApi.IAdministrationProcessingUnit,System.String,System.String,System.String)">
             <summary>Create a resource for testing purposes only</summary>
            
             <param name="adminPu">The admin pu.</param>
             <param name="adminSessionId">The admin session identifier.</param>
            
             <param name="appName">Name of the application.</param>
             <param name="appPath">The application path.</param>
             <returns></returns>
        </member>
        <member name="M:Ericom.MegaConnect.ConnectionBrokerTool.ConnectionBrokerToolProgram.CreateTestResourceDefinition(Ericom.MegaConnect.Runtime.XapApi.IAdministrationProcessingUnit,System.String,System.String,System.String)">
            <summary>
            Create a resource definition for test purposes but do not add it
            </summary>
            <param name="adminPu"></param>
            <param name="adminSessionId"></param>
            <param name="appName"></param>
            <param name="appPath"></param>
            <returns></returns>
        </member>
        <member name="M:Ericom.MegaConnect.ConnectionBrokerTool.ConnectionBrokerToolProgram.CreateTestApps(Ericom.MegaConnect.Runtime.XapApi.IAdministrationProcessingUnit,GigaSpaces.Core.ISpaceProxy,System.String,System.Collections.Generic.List{Ericom.MegaConnect.Runtime.XapApi.Tenant},System.Collections.Generic.IDictionary{System.String,System.String},System.String[][])">
            <summary>
            Read app definitions from the data file
            Add them to all the root tenant
            If there are test tenants .... apps ending in '1' go into tenant '1'  ...
            </summary>
            <param name="adminPu"></param>
            <param name="space"></param>
            <param name="adminSessionId"></param>
            <param name="testTenants"></param>
            <param name="testData"></param>
            <param name="tenantAdminIds"></param>
            <returns></returns>
        </member>
        <member name="M:Ericom.MegaConnect.ConnectionBrokerTool.ConnectionBrokerToolProgram.ConnectResourceGroupsToHostGroups(GigaSpaces.Core.ISpaceProxy,Ericom.MegaConnect.Runtime.XapApi.IAdministrationProcessingUnit,System.String,System.Collections.Generic.List{System.String})">
            <summary>Connects the resource groups to host groups.</summary>
            <param name="space">The space.</param>
            <param name="adminPu">The admin pu.</param>
            <param name="adminSessionId">The admin session identifier.</param>
            <param name="allHostGroups">All host groups.</param>
        </member>
        <member name="M:Ericom.MegaConnect.ConnectionBrokerTool.ConnectionBrokerToolProgram.CreateTestHostGroups(GigaSpaces.Core.ISpaceProxy,Ericom.MegaConnect.Runtime.XapApi.IAdministrationProcessingUnit,System.String,System.Collections.Generic.List{System.String})">
            <summary>Creates the test host groups.</summary>
            <param name="space">The space.</param>
            <param name="adminPu">The admin processing unit.</param>
            <param name="adminSessionId">The admin session identifier.</param>
            <param name="allMachineIds">All machine ids.</param>
            <returns></returns>
        </member>
        <member name="M:Ericom.MegaConnect.ConnectionBrokerTool.ConnectionBrokerToolProgram.CreateTestResourceBindingGroups(GigaSpaces.Core.ISpaceProxy,Ericom.MegaConnect.Runtime.XapApi.IAdministrationProcessingUnit,System.String,System.String[][],System.Collections.Generic.Dictionary{System.String,System.String})">
            <summary>Creates the test resource binding groups.</summary>
            <param name="space">The space.</param>
            <param name="adminPu">The admin processing unit.</param>
            <param name="adminSessionId">The admin session identifier.</param>
            <param name="testData">The test data.</param>
            <param name="rootAppNameToId">The root application name to identifier.</param>
        </member>
        <member name="M:Ericom.MegaConnect.ConnectionBrokerTool.ConnectionBrokerToolProgram.FixResourceGroups(Ericom.CloudConnect.Utilities.SpaceCredentials,System.String,GigaSpaces.Core.ISpaceProxy,Ericom.MegaConnect.Runtime.XapApi.IAdministrationProcessingUnit)">
            <summary>Fixes the resource groups.</summary>
            <param name="userCredentials">The user credentials.</param>
            <param name="tenantUrl">The tenant URL.</param>
            <param name="space">The space.</param>
            <param name="adminPu">The admin pu.</param>
        </member>
        <member name="M:Ericom.MegaConnect.ConnectionBrokerTool.ConnectionBrokerToolProgram.ImportResourceDefinition(GigaSpaces.Core.ISpaceProxy,Ericom.MegaConnect.Runtime.XapApi.IAdministrationProcessingUnit,System.String,System.String,System.String)">
            <summary>Imports the resource definition.</summary>
            <param name="space">The space.</param>
            <param name="adminPu">The admin pu.</param>
            <param name="adminSessionId">The admin session identifier.</param>
            <param name="filename">The filename.</param>
            <param name="tenantPrefix"></param>
        </member>
        <member name="T:Ericom.MegaConnect.ConnectionBrokerTool.ConnectionBrokerToolProgram.ScenarioType">
            <summary>
            Big test scenarios
            </summary>
        </member>
        <member name="F:Ericom.MegaConnect.ConnectionBrokerTool.ConnectionBrokerToolProgram.ScenarioType.Standard">
            <summary>
            The standard scenario
            </summary>
        </member>
        <member name="F:Ericom.MegaConnect.ConnectionBrokerTool.ConnectionBrokerToolProgram.ScenarioType.Rekon">
            <summary>
            The REKON scenario
            </summary>
        </member>
        <member name="T:Ericom.MegaConnect.ConnectionBrokerTool.ConnectionBrokerToolProgram.XapConnectTestClass">
            <summary>
            Test space class
            </summary>
        </member>
        <member name="F:Ericom.MegaConnect.ConnectionBrokerTool.ConnectionBrokerToolProgram.XapConnectTestClass.Id">
             <summary>
            
             </summary>
        </member>
        <member name="P:Ericom.MegaConnect.ConnectionBrokerTool.ConnectionBrokerToolProgram.XapConnectTestClass.Never">
             <summary>
            
             </summary>
        </member>
        <member name="T:Ericom.MegaConnect.ConnectionBrokerTool.DeploymentCommands">
            <summary>
            Commands to deploy on giga spaces
            </summary>
        </member>
        <member name="F:Ericom.MegaConnect.ConnectionBrokerTool.DeploymentCommands.m_Disposed">
            <summary>
            Implementation of IDisposable.Dispose.
            </summary>
        </member>
        <member name="M:Ericom.MegaConnect.ConnectionBrokerTool.DeploymentCommands.Dispose">
            <summary>
            Restore the console input/output
            </summary>
        </member>
        <member name="M:Ericom.MegaConnect.ConnectionBrokerTool.DeploymentCommands.Finalize">
            <summary>
            Finalizer.
            </summary>
        </member>
        <member name="T:Ericom.MegaConnect.ConnectionBrokerTool.InitActiveDirectory">
            <summary>
            Commands to setup users in the active directory
            </summary>
        </member>
        <member name="F:Ericom.MegaConnect.ConnectionBrokerTool.InitActiveDirectory.PRODUCT_NAME_PFX">
            <summary>
            Product name prefix for name generation
            </summary>
        </member>
        <member name="M:Ericom.MegaConnect.ConnectionBrokerTool.InitActiveDirectory.MakeStandardPassword(System.String)">
            <summary>Standard password</summary>
            <param name="username">The username.</param>
            <returns></returns>
        </member>
        <member name="M:Ericom.MegaConnect.ConnectionBrokerTool.InitActiveDirectory.MakeStandardUser(System.Int32)">
            <summary>
            Standard user name
            </summary>
            <param name="userNumber"></param>
            <returns></returns>
        </member>
        <member name="M:Ericom.MegaConnect.ConnectionBrokerTool.InitActiveDirectory.MakeStandardPassword(System.Int32)">
            <summary>
            Generate a password for a standard user number
            </summary>
            <param name="userNumber"></param>
            <returns></returns>
        </member>
        <member name="T:Ericom.MegaConnect.ConnectionBrokerTool.TestDrivers">
            <summary>
            Class containing tolls for driving tests
            </summary>
        </member>
        <member name="M:Ericom.MegaConnect.ConnectionBrokerTool.TestDrivers.#ctor">
             <summary>
            
             </summary>
        </member>
        <member name="M:Ericom.MegaConnect.ConnectionBrokerTool.TestDrivers.GetCommands">
            <summary>
            Get CommandDescriptions
            </summary>
            <returns></returns>
        </member>
        <member name="P:Ericom.MegaConnect.ConnectionBrokerTool.TestDrivers.ClientName">
            <summary>
            Client name
            </summary>
        </member>
        <member name="P:Ericom.MegaConnect.ConnectionBrokerTool.TestDrivers.ClientOptions">
            <summary>
            Command line options for the browser (overrides configuration file)
            </summary>
        </member>
        <member name="P:Ericom.MegaConnect.ConnectionBrokerTool.TestDrivers.Duration">
            <summary>
            Client name
            </summary>
        </member>
        <member name="P:Ericom.MegaConnect.ConnectionBrokerTool.TestDrivers.OptN">
            <summary>
            Show what would be done but don't do it.
            </summary>
        </member>
        <member name="T:Ericom.MegaConnect.ConnectionBrokerTool.XapInstaller">
            <summary>
            Functionality needed to install XAP
            </summary>
        </member>
        <member name="M:Ericom.MegaConnect.ConnectionBrokerTool.XapInstaller.#ctor">
            <summary>
            Constructor
            </summary>
        </member>
        <member name="M:Ericom.MegaConnect.ConnectionBrokerTool.XapInstaller.Install">
            <summary>
            Do the installation
            </summary>
        </member>
        <member name="M:Ericom.MegaConnect.ConnectionBrokerTool.XapInstaller.CommandLineOptions">
            <summary>
            List of command line options
            </summary>
            <returns></returns>
        </member>
        <member name="P:Ericom.MegaConnect.ConnectionBrokerTool.XapInstaller.DistributionDirectory">
            <summary>
            Source, in TFS of the Xap distribution (point to either x86 or x64 root)
            </summary>
        </member>
        <member name="P:Ericom.MegaConnect.ConnectionBrokerTool.XapInstaller.WritableDestinationDirectory">
            <summary>
            Where the directories that require r/w go
            </summary>
        </member>
        <member name="P:Ericom.MegaConnect.ConnectionBrokerTool.XapInstaller.ReadOnlyDestinationDirectory">
            <summary>
            Where the directories requiring r/o go
            </summary>
        </member>
        <member name="P:Ericom.MegaConnect.ConnectionBrokerTool.XapInstaller.XapGroupName">
            <summary>
            xap group name
            </summary>
        </member>
        <member name="P:Ericom.MegaConnect.ConnectionBrokerTool.XapInstaller.XapHostName">
            <summary>
            Host name to use
            </summary>
        </member>
        <member name="P:Ericom.MegaConnect.ConnectionBrokerTool.XapInstaller.Confirm">
            <summary>
            Request confirmation before install
            </summary>
        </member>
        <member name="P:Ericom.MegaConnect.ConnectionBrokerTool.XapInstaller.InstallVsInQuietMode">
            <summary>
            Install visual studio runtime silently
            </summary>
        </member>
    </members>
</doc>
