<?xml version="1.0"?>
<doc>
    <assembly>
        <name>ConnectionBrokerDeployment</name>
    </assembly>
    <members>
        <member name="T:Ericom.MegaConnect.DeployTools.MegaConnectDeployment">
            <summary>
            Tools for system deployment and startup.  Disposable to support GsStartMode.Embedded and GsStartMode.AsJob
            </summary>
        </member>
        <member name="F:Ericom.MegaConnect.DeployTools.MegaConnectDeployment.SQL_SERVER_VARIABLE_NAME">
            <summary>The name of the variable that holds the name of the machine on which the SQL server runs</summary>
        </member>
        <member name="F:Ericom.MegaConnect.DeployTools.MegaConnectDeployment.SQL_DATABASE_VARIABLE_NAME">
            <summary>The name of the variable that holds the name of SQL database</summary>
        </member>
        <member name="F:Ericom.MegaConnect.DeployTools.MegaConnectDeployment.SQL_USER_VARIABLE_NAME">
            <summary>The name of the variable that user for the SQL database</summary>
        </member>
        <member name="F:Ericom.MegaConnect.DeployTools.MegaConnectDeployment.SQL_PASSWORD_VARIABLE_NAME">
            <summary>The name of the variable that holds the password for the SQL database</summary>
        </member>
        <member name="F:Ericom.MegaConnect.DeployTools.MegaConnectDeployment.SQL_CONNECTION_STRING_VARIABLE_NAME">
            <summary>The name of the variable that holds the connection string to the SQL database</summary>
        </member>
        <member name="F:Ericom.MegaConnect.DeployTools.MegaConnectDeployment.SQL_USE_WINDOWS_AUTHENTICATION_VARIABLE_NAME">
            <summary>The name of the variable that holds whether to use windows authentication or name and password for authenticating to the SQL database</summary>
        </member>
        <member name="F:Ericom.MegaConnect.DeployTools.MegaConnectDeployment.NUMBER_INSTANCES_VARIABLE_NAME">
            <summary>The name of the variable for numberInstances</summary>
        </member>
        <member name="F:Ericom.MegaConnect.DeployTools.MegaConnectDeployment.NUMBER_BACKUPS_VARIABLE_NAME">
            <summary>The name of the variable for numberBackups</summary>
        </member>
        <member name="F:Ericom.MegaConnect.DeployTools.MegaConnectDeployment.MAX_INSTANCES_PER_MACHINE">
            <summary>
            XAP MaxInstancesPerMachine parameter
            </summary>
        </member>
        <member name="F:Ericom.MegaConnect.DeployTools.MegaConnectDeployment.USE_DB_VARIABLE_NAME">
            <summary>The name of the variable for useDb</summary>
        </member>
        <member name="F:Ericom.MegaConnect.DeployTools.MegaConnectDeployment.CLUSTER_NAME_VARIABLE_NAME">
            <summary>The name of the variable for clusterName</summary>
        </member>
        <member name="F:Ericom.MegaConnect.DeployTools.MegaConnectDeployment.m_GsStartMode">
            <summary>
            How to start
            </summary>
        </member>
        <member name="F:Ericom.MegaConnect.DeployTools.MegaConnectDeployment.m_ForceStartGs">
            <summary>
            whether or not to kill existing gs before start
            </summary>
        </member>
        <member name="F:Ericom.MegaConnect.DeployTools.MegaConnectDeployment.m_NumberGsc">
            <summary>
            number of grid service containers
            </summary>
        </member>
        <member name="F:Ericom.MegaConnect.DeployTools.MegaConnectDeployment.m_DeploymentDirectory">
            <summary>
            Gigaspace deployment directory.  If not specified...taken from the config file and append processingUnitName
            </summary>
        </member>
        <member name="F:Ericom.MegaConnect.DeployTools.MegaConnectDeployment.m_DeploymentOption">
            <summary>
            whether on not to deploy the connection broker
            </summary>
        </member>
        <member name="F:Ericom.MegaConnect.DeployTools.MegaConnectDeployment.m_NumberInstances">
            <summary>
            Number of processing unit instances
            </summary>
        </member>
        <member name="F:Ericom.MegaConnect.DeployTools.MegaConnectDeployment.m_NumberBackups">
            <summary>
            Number of backups
            </summary>
        </member>
        <member name="F:Ericom.MegaConnect.DeployTools.MegaConnectDeployment.m_MaxInstancesPerMachine">
            <summary>
            Max instances permachine
            </summary>
        </member>
        <member name="F:Ericom.MegaConnect.DeployTools.MegaConnectDeployment.m_UseDb">
            <summary>
            Set to true to enable and deploy the mirror
            </summary>
        </member>
        <member name="F:Ericom.MegaConnect.DeployTools.MegaConnectDeployment.m_ProcessingUnitName">
            <summary>
            Processing unit name
            </summary>
        </member>
        <member name="F:Ericom.MegaConnect.DeployTools.MegaConnectDeployment.m_MirrorProcessingUnitName">
            <summary>
            Name of the mirror processing unit
            </summary>
        </member>
        <member name="F:Ericom.MegaConnect.DeployTools.MegaConnectDeployment.m_ClusterName">
            <summary>
            Name of the XAP cluster to use
            </summary>
        </member>
        <member name="F:Ericom.MegaConnect.DeployTools.MegaConnectDeployment.m_SiteUid">
            <summary>
            Name of the XAP cluster to use
            </summary>
        </member>
        <member name="F:Ericom.MegaConnect.DeployTools.MegaConnectDeployment.m_PuDebugDestination">
            <summary>
            Debug destination for processing units
            </summary>
        </member>
        <member name="F:Ericom.MegaConnect.DeployTools.MegaConnectDeployment.m_Server">
            <summary>
            Db server
            </summary>
        </member>
        <member name="F:Ericom.MegaConnect.DeployTools.MegaConnectDeployment.m_Database">
            <summary>
            Db name
            </summary>
        </member>
        <member name="F:Ericom.MegaConnect.DeployTools.MegaConnectDeployment.m_DatabaseUser">
            <summary>
            Db user for CC to use
            </summary>
        </member>
        <member name="F:Ericom.MegaConnect.DeployTools.MegaConnectDeployment.m_DatabasePassword">
            <summary>
            Db password for CC to use
            </summary>
        </member>
        <member name="F:Ericom.MegaConnect.DeployTools.MegaConnectDeployment.m_DatabaseUseWindowsAuthentication">
            <summary>
            Db CC should use windows authentication
            </summary>
        </member>
        <member name="F:Ericom.MegaConnect.DeployTools.MegaConnectDeployment.m_AtAmazon">
             <summary>
             Running at Amazon.  Determine machine's role by there tags.  Also, configure XAP appropriately
            
             </summary>
        </member>
        <member name="M:Ericom.MegaConnect.DeployTools.MegaConnectDeployment.#ctor">
            <summary>
            Constructor
            </summary>
        </member>
        <member name="F:Ericom.MegaConnect.DeployTools.MegaConnectDeployment.m_ValidateFiles">
            <summary>
            Set if only file existence should be validated
            </summary>
        </member>
        <member name="M:Ericom.MegaConnect.DeployTools.MegaConnectDeployment.Options">
            <summary>
            Get all the deployment options for command line processing
            </summary>
            <returns></returns>
        </member>
        <member name="M:Ericom.MegaConnect.DeployTools.MegaConnectDeployment.VerifyDeploymentFiles(System.String)">
            <summary>Verifies the deployment files exist.</summary>
            <param name="deployFile">The deploy file.</param>
        </member>
        <member name="M:Ericom.MegaConnect.DeployTools.MegaConnectDeployment.CopyToDeploymentDirectory(System.String,System.Collections.Generic.Dictionary{System.String,System.String},System.String,System.Boolean,System.Boolean)">
            <summary>
            Copy a processing unit deployment to the XAP deployment directory.
            Perform variable substitution as needed.
            </summary>
            <param name="deployFile">The deploy file.</param>
            <param name="variables">The variables.</param>
            <param name="deploymentDirectory">The deployment directory. If null or empty then we use the default value set in the XAP config.</param>
            <param name="checkOnly">if set to <c>true</c> [check only].</param>
            <param name="verbose">if set to <c>true</c> [verbose].</param>
            <returns></returns>
        </member>
        <member name="M:Ericom.MegaConnect.DeployTools.MegaConnectDeployment.ExpandPuConfig(System.String,System.Boolean,System.Boolean,System.Xml.Linq.XDocument,System.Boolean)">
            <summary>Expands the pu configuration.</summary>
            <param name="deploymentDirectory">The deployment directory.</param>
            <param name="checkOnly">if set to <c>true</c> [check only].</param>
            <param name="verbose">if set to <c>true</c> [verbose].</param>
            <param name="doc">The document.</param>
            <param name="changed">if set to <c>true</c> [changed].</param>
            <returns></returns>
        </member>
        <member name="M:Ericom.MegaConnect.DeployTools.MegaConnectDeployment.ExpandSla(System.String,System.Boolean,System.Boolean,System.Xml.Linq.XDocument,System.Boolean)">
            <summary>Expands the sla.</summary>
            <param name="deploymentDirectory">The deployment directory.</param>
            <param name="checkOnly">if set to <c>true</c> [check only].</param>
            <param name="verbose">if set to <c>true</c> [verbose].</param>
            <param name="doc">The document.</param>
            <param name="changed">if set to <c>true</c> [changed].</param>
            <returns></returns>
        </member>
        <member name="M:Ericom.MegaConnect.DeployTools.MegaConnectDeployment.SaveChangedXml(System.Xml.Linq.XDocument,System.String,System.Boolean,System.Boolean)">
            <summary>Saves the changed XML.</summary>
            <param name="xDoc">The XML document.</param>
            <param name="destFile">The dest file.</param>
            <param name="checkOnly">if set to <c>true</c> [check only].</param>
            <param name="verbose">if set to <c>true</c> [verbose].</param>
            <returns></returns>
        </member>
        <member name="M:Ericom.MegaConnect.DeployTools.MegaConnectDeployment.RuntimeProcessingUnitConfigFile">
            <summary>
            Name of the file containing the Runtime processing unit deployment
            </summary>
            <returns></returns>
        </member>
        <member name="M:Ericom.MegaConnect.DeployTools.MegaConnectDeployment.MirrorProcessingUnitConfigFile">
            <summary>
            Name of the config file containing the Mirror deployment definition
            </summary>
            <returns></returns>
        </member>
        <member name="M:Ericom.MegaConnect.DeployTools.MegaConnectDeployment.GetXapStatus(GigaSpaces.Core.Admin.ServiceGrid.IServiceGridAdmin,System.Collections.Generic.Dictionary{System.String,System.String},System.String,System.String)">
            <summary>Gets the XAP status.</summary>
            <param name="admin">The admin.</param>
            <param name="xapConfig">The XAP configuration.</param>
            <param name="processingUnitName">Name of the processing unit.</param>
            <param name="mirrorProcessingUnitName">Name of the mirror processing unit.</param>
            <returns></returns>
        </member>
        <member name="M:Ericom.MegaConnect.DeployTools.MegaConnectDeployment.KillXapProcesses">
            <summary>
            Kills the XAP processes.
            </summary>
        </member>
        <member name="M:Ericom.MegaConnect.DeployTools.MegaConnectDeployment.GsAgentCommandLine(System.Int32)">
            <summary>
            Return the command line to invoke gs-agent.
            Normally will use 2 global lookup services and 2 grid storage managers.
            If not using multi-cast, will start a lookup service on the current machine if so configured in the settings.xml
            </summary>
            <param name="numGsc">number gsc to start</param>
            <returns></returns>
        </member>
        <member name="M:Ericom.MegaConnect.DeployTools.MegaConnectDeployment.StartXapOnLocalHost(GigaSpaces.Core.Admin.ServiceGrid.IServiceGridAdmin,System.Collections.Generic.Dictionary{System.String,System.String})">
            <summary>Starts XAP on local host.</summary>
            <param name="admin">The admin.</param>
            <param name="xapConfig">The XAP configuration.</param>
            <returns></returns>
        </member>
        <member name="M:Ericom.MegaConnect.DeployTools.MegaConnectDeployment.UndeployIfNeeded(GigaSpaces.Core.Admin.ServiceGrid.ProcessingUnit.IProcessingUnit,System.String,System.Boolean,System.Collections.Generic.Dictionary{System.String,System.String},System.Action)">
            <summary>Undeploys if needed.</summary>
            <param name="processingUnit">The processing unit.</param>
            <param name="deployFile">The deploy file.</param>
            <param name="forceUndeploy">if set to <c>true</c> [force undeploy].</param>
            <param name="variables">The variables.</param>
            <param name="beforeUndeploy">The Action to be done before undeploy.</param>
            <returns>
            null if the PU not deployed or the processingUnit if it was deployed and did not need to be undeployed
            </returns>
        </member>
        <member name="M:Ericom.MegaConnect.DeployTools.MegaConnectDeployment.PrepareDbForDeployment(System.Collections.Generic.Dictionary{System.String,System.String})">
            <summary>
            Do any pre-deployment database operations (such as reset state of some objects)
            </summary>
            <param name="variables"></param>
        </member>
        <member name="M:Ericom.MegaConnect.DeployTools.MegaConnectDeployment.DeployPu(GigaSpaces.Core.Admin.ServiceGrid.IServiceGridAdmin,System.String,System.String,System.Int32,System.Int32,System.Int32,Ericom.CloudConnect.Utilities.SpaceCredentials,System.Collections.Generic.Dictionary{System.String,System.String},System.String,System.String)">
            <summary>Deploys the Processing unit.</summary>
            <param name="admin">The admin.</param>
            <param name="deployFile">The deploy file.</param>
            <param name="processingUnitName">The processing unit name.</param>
            <param name="numInstances">The number instances.</param>
            <param name="numBackups">The number backups.</param>
            <param name="adminXapUser">The admin xap user.</param>
            <param name="variables">The variables.</param>
            <param name="traceCategory">The trace category.</param>
            <param name="maxInstancesPerMachine"></param>
            <param name="deploymentDirectory">The deployment directory.</param>
        </member>
        <member name="M:Ericom.MegaConnect.DeployTools.MegaConnectDeployment.ConfigureHibernateForClientSideUse(System.String,System.String,System.Boolean,System.String,System.String)">
            <summary>Configures nhibernate for client side use.</summary>
            <param name="databaseServer">The database server.</param>
            <param name="databaseName">Name of the database.</param>
            <param name="useWindowsAuth">if set to <c>true</c> [use windows authentication].</param>
            <param name="user">The user.</param>
            <param name="pwd">The password.</param>
        </member>
        <member name="M:Ericom.MegaConnect.DeployTools.MegaConnectDeployment.ExpandHibernateConfig(System.String,System.String,System.String,System.Boolean,System.String,System.String)">
            <summary>
            Expand a hibernate config to include the correct connection string
            </summary>
            <param name="hibernateCfg"></param>
            <param name="databaseServer"></param>
            <param name="databaseName"></param>
            <param name="useWindowsAuth"></param>
            <param name="user"></param>
            <param name="pwd"></param>
            <returns></returns>
        </member>
        <member name="M:Ericom.MegaConnect.DeployTools.MegaConnectDeployment.SessionFactory(System.String,System.String,System.Boolean,System.String,System.String)">
            <summary>Create a session using the session factory.</summary>
            <param name="DatabaseServer">The database server.</param>
            <param name="DatabaseName">Name of the database.</param>
            <param name="UseWindowsAuthentication">if set to <c>true</c> [use windows authentication].</param>
            <param name="DatabaseUser">The database user.</param>
            <param name="DatabasePassword">The database password.</param>
            <returns></returns>
        </member>
        <member name="M:Ericom.MegaConnect.DeployTools.MegaConnectDeployment.VerifyDatabaseSchemaVersion(System.Boolean)">
            <summary>
            Verify that the schema version is as expected
            </summary>
            <param name="throwIfInValid"></param>
            <returns></returns>
        </member>
        <member name="M:Ericom.MegaConnect.DeployTools.MegaConnectDeployment.GetCurrentXapStatus(Ericom.CloudConnect.Utilities.SpaceCredentials)">
            <summary>
            Gets the current XAP status.
            </summary>
            <returns></returns>
        </member>
        <member name="M:Ericom.MegaConnect.DeployTools.MegaConnectDeployment.DeploySystem(Ericom.CloudConnect.Utilities.SpaceCredentials)">
            <summary>
            Deploy as per the command line options
            </summary>
        </member>
        <member name="M:Ericom.MegaConnect.DeployTools.MegaConnectDeployment.AddSqlVariables(System.Collections.Generic.Dictionary{System.String,System.String},System.String,System.String,System.Boolean,System.String,System.String)">
            <summary>Adds the SQL variables to the variable dictionary.</summary>
            <param name="variables">The variables.</param>
            <param name="dbServer">The database server.</param>
            <param name="dbName">Name of the database.</param>
            <param name="useWindowsAuth">if set to <c>true</c> [use windows authentication].</param>
            <param name="dbUser">The database user.</param>
            <param name="dbPassword">The database password.</param>
        </member>
        <member name="M:Ericom.MegaConnect.DeployTools.MegaConnectDeployment.GetVariables">
            <summary>Gets the variables.</summary>
            <returns></returns>
        </member>
        <member name="M:Ericom.MegaConnect.DeployTools.MegaConnectDeployment.Finalize">
            <summary>
            finalizer
            </summary>
        </member>
        <member name="M:Ericom.MegaConnect.DeployTools.MegaConnectDeployment.Dispose">
            <summary>
            If the gs-agent is Internal or Job, make sure it is closed
            </summary>
        </member>
        <member name="T:Ericom.MegaConnect.DeployTools.MegaConnectDeployment.GsStartMode">
            <summary>
            How to find XAP
            </summary>
        </member>
        <member name="F:Ericom.MegaConnect.DeployTools.MegaConnectDeployment.GsStartMode.Existing">
            <summary>
            Use existing gs-agent
            </summary>
        </member>
        <member name="F:Ericom.MegaConnect.DeployTools.MegaConnectDeployment.GsStartMode.Standalone">
            <summary>
            Start a standalone gs-agent
            </summary>
        </member>
        <member name="F:Ericom.MegaConnect.DeployTools.MegaConnectDeployment.GsStartMode.ExistingOrStandalone">
            <summary>
            Existing deployment or start a new one
            </summary>
        </member>
        <member name="F:Ericom.MegaConnect.DeployTools.MegaConnectDeployment.GsStartMode.AsJob">
            <summary>
            Start a gs-agent as a sub-job of this process (for testing)
            </summary>
        </member>
        <member name="F:Ericom.MegaConnect.DeployTools.MegaConnectDeployment.GsStartMode.Embedded">
            <summary>
            Start an embedded deployment (for testing)
            </summary>
        </member>
        <member name="T:Ericom.MegaConnect.DeployTools.MegaConnectDeployment.GsDeployMode">
            <summary>
            How to deploy the application
            </summary>
        </member>
        <member name="F:Ericom.MegaConnect.DeployTools.MegaConnectDeployment.GsDeployMode.None">
            <summary>
            Do not deploy (just ensure that XAP is running)
            </summary>
        </member>
        <member name="F:Ericom.MegaConnect.DeployTools.MegaConnectDeployment.GsDeployMode.ErrorIfOutOfDate">
            <summary>
            If deployed and the deployment is out-of-date ... error
            </summary>
        </member>
        <member name="F:Ericom.MegaConnect.DeployTools.MegaConnectDeployment.GsDeployMode.DeployAsNeeded">
            <summary>
            If not deployed, or already deployed and out-of-date, redeploy
            </summary>
        </member>
        <member name="F:Ericom.MegaConnect.DeployTools.MegaConnectDeployment.GsDeployMode.AlwaysDeploy">
            <summary>
            Deploy - undeploying first if already deployed
            </summary>
        </member>
        <member name="F:Ericom.MegaConnect.DeployTools.MegaConnectDeployment.GsDeployMode.Undeploy">
            <summary>
            Undeploy the system (leave XAP running)
            </summary>
        </member>
        <member name="T:Ericom.MegaConnect.DeployTools.MegaConnectDeployment.CurrentXapStatus">
            <summary>
            The status of the configured XAP system
            </summary>
        </member>
        <member name="M:Ericom.MegaConnect.DeployTools.MegaConnectDeployment.CurrentXapStatus.ToString">
            <summary>
            Returns a <see cref="T:System.String"/> that represents this instance.
            </summary>
            <returns>A <see cref="T:System.String"/> that represents this instance.</returns>
        </member>
        <member name="P:Ericom.MegaConnect.DeployTools.MegaConnectDeployment.CurrentXapStatus.IsXapRunningAnywhere">
            <summary>
            Gets or sets a value indicating whether [is running anywhere].
            </summary>
            <value>
              <c>true</c> if [is running anywhere]; otherwise, <c>false</c>.
            </value>
        </member>
        <member name="P:Ericom.MegaConnect.DeployTools.MegaConnectDeployment.CurrentXapStatus.IsXapRunningOnCurrentMachine">
            <summary>
            Gets or sets a value indicating whether [is running on current machine].
            </summary>
            <value>
            <c>true</c> if [is running on current machine]; otherwise, <c>false</c>.
            </value>
        </member>
        <member name="P:Ericom.MegaConnect.DeployTools.MegaConnectDeployment.CurrentXapStatus.RuntimePu">
            <summary>
            Gets or sets the runtime pu.
            </summary>
            <value>
            The runtime pu.
            </value>
        </member>
        <member name="P:Ericom.MegaConnect.DeployTools.MegaConnectDeployment.CurrentXapStatus.MirrorPu">
            <summary>
            Gets or sets the mirror pu.
            </summary>
            <value>
            The mirror pu.
            </value>
        </member>
    </members>
</doc>
