<?xml version="1.0" encoding="utf-8"?>
<TranslatableMessageGroups xmlns:xsi="http://www.w3.org/2001/XMLSchema-instance" xsi:noNamespaceSchemaLocation="..\..\EricomUtilities\GenericUtilities\TranslatableMessages.xsd">
  <TranslatableMessages groupName="LanguageInfo" namespace="Ericom.MegaConnect.Runtime.XapApi" purpose="ui">
    <TranslatableMessage id="LanguageNameInEnglish" translate="false" md5="6487268130C1D53A4ED16CF0CDAFA6FE">English</TranslatableMessage>
    <TranslatableMessage id="LanguageNameInLanguage" translate="false" md5="6487268130C1D53A4ED16CF0CDAFA6FE">English</TranslatableMessage>
  </TranslatableMessages>
  <TranslatableMessages groupName="AdminLogMessageDescriptors" namespace="Ericom.MegaConnect.Runtime.XapApi" purpose="log">
    <TranslatableMessage id="LogRolesOfOperation" parameters="unknown/String unknown/String" md5="B11CC7BCEE294B3106A3B835AEE276FE">Had roles='{0}' and wanted roles='{1}'</TranslatableMessage>
    <TranslatableMessage id="LogTenantOfOperation" parameters="unknown/String unknown/String" md5="D6C9B4C62DB6C8B6D2B95F48B9F5BEC3">Had tenant='{0}' and wanted tenant='{1}'</TranslatableMessage>
  </TranslatableMessages>
  <TranslatableMessages groupName="AdminMessageDescriptors" namespace="Ericom.MegaConnect.Runtime.XapApi" purpose="validation">
    <TranslatableMessage id="AdminOperation" parameters="unknown/String" md5="EC38C180DDCB14F889CBF0A3ACB4671E">{0}</TranslatableMessage>
    <TranslatableMessage id="TenantAlreadyExists" parameters="unknown/String" md5="8DC14F7F08F526790F375A1E2D824641">Tenant '{0}' already exists</TranslatableMessage>
    <TranslatableMessage id="TenantDoesNotExist" parameters="unknown/String" md5="256F25ABB218A26257CE62BC3721885F">Tenant '{0}' does not exist</TranslatableMessage>
    <TranslatableMessage id="TenantParentIdCannotBeChanged" parameters="unknown/String" md5="9AA644562BD87BB65C5E8542997CAA44">ParentId cannot be changed '{0}'</TranslatableMessage>
    <TranslatableMessage id="TenantParentNameCannotBeChanged" parameters="unknown/String" md5="1BA0289C9C5F8BED67E8F6725F08BA9A">ParentName cannot be changed '{0}'</TranslatableMessage>
    <TranslatableMessage id="TenantPathCannotBeChanged" parameters="unknown/String" md5="B97672D31114722A2F91F6236943927B">Path cannot be changed '{0}'</TranslatableMessage>
    <TranslatableMessage id="TenantNameEmpty" parameters="unknown/String" md5="FF026664813EC44946A76B2D72AFDED4">Tenant name is null or blank '{0}'</TranslatableMessage>
    <TranslatableMessage id="TenantNameInvalid" parameters="unknown/String" md5="994751FA44C3B3824C51125564C7B9AE">Invalid tenant name '{0}'</TranslatableMessage>
    <TranslatableMessage id="TenantNameStartsWithWhiteSpace" parameters="unknown/String" md5="4E9B8B2AABB488B2689154EAD0EB50BF">Tenant name has leading or trailing white-space '{0}'</TranslatableMessage>
    <TranslatableMessage id="TenantPathNameEmpty" parameters="unknown/String" md5="5864AFC100811EDFF63493EFBE8D3AFD">Path is null or empty '{0}'</TranslatableMessage>
    <TranslatableMessage id="TenantRootIdIncorrect" parameters="unknown/String" md5="EF9FC5F1F56BB945ADCB7C1674031BA3">Tenant Id for root tenant is not correct '{0}'</TranslatableMessage>
    <TranslatableMessage id="TenantParentIdNull" parameters="unknown/String" md5="CA51ED445E488D5E6C09ABFDC7D27DF2">Parent tenant id for root must be null '{0}'</TranslatableMessage>
    <TranslatableMessage id="TenantParentNameNull" parameters="unknown/String" md5="F1EB819B606FFF34996C3F0509908F18">Parent tenant name for root must be null '{0}'</TranslatableMessage>
    <TranslatableMessage id="TenantParentNotFound" parameters="unknown/String" md5="B301AFE333E7EB9CE54C0242018DEB0D">Parent tenant not found '{0}'</TranslatableMessage>
    <TranslatableMessage id="TenantPathNotFound" parameters="unknown/String unknown/String" md5="C2E4E7755B2F7D4A7D7A28DF273AEE66">Path is incorrect '{0}': '{1}'</TranslatableMessage>
    <TranslatableMessage id="TenantNameNotUnique" parameters="unknown/String" md5="9CC810D3F3D721C623E92680926944A4">The Name is not unique '{0}'</TranslatableMessage>
    <TranslatableMessage id="TenantUrlNotUnique" parameters="unknown/String" md5="8E90BF92FAADA5A7823B2059BA9B2F11">The URL is not unique '{0}'</TranslatableMessage>
    <TranslatableMessage id="TenantActiveDirectoryNameEmpty" parameters="unknown/String" md5="DA2CBD1E74035A4EBE1581D44CC9E84E">No Active Directory names given '{0}'</TranslatableMessage>
    <TranslatableMessage id="TenantActiveDirectoryNameDuplicate" parameters="unknown/String" md5="3AB756BA8F052A826C920B5E27201A75">Active Directory Names contains a duplicate '{0}'</TranslatableMessage>
    <TranslatableMessage id="TenantRuleSyntaxError" parameters="unknown/String unknown/String" md5="55FF01B40401865E582850C510BF58E8">Error in Rule '{0}': '{1}'</TranslatableMessage>
    <TranslatableMessage id="TenantRuleEmpty" parameters="unknown/String" md5="9302E33FA7029CCA44079F481EFD61E6">'{0}' must be given</TranslatableMessage>
    <TranslatableMessage id="TenantRootMustNotBeDeleted" md5="CD50A66593788332DFD2BC8873C0F8DC">The root tenant should not be deleted</TranslatableMessage>
    <TranslatableMessage id="ExceededMaxTenantsNum" md5="E892CA3CD0E0F1A542E7FE8249606876">Maximum number of tenants has been reached</TranslatableMessage>
    <TranslatableMessage id="TenantHostRegexInvalid" parameters="unknown/String" md5="EA7F29C4F43A01295F409AFB85E772A7">'{0}' is not a valid TenantHostRegex</TranslatableMessage>
    <TranslatableMessage id="MyDesktopFeatureNotAvailableLicenseEditionRestriction" parameters="" md5="D67F90D54C4D73BCA90AE8CAB3C9ECBF">'MyDesktop' feature is not available in this license</TranslatableMessage>
  </TranslatableMessages>
  <TranslatableMessages groupName="EndUserMessageDescriptors" namespace="Ericom.MegaConnect.Runtime.XapApi" purpose="log">
    <!-- Messages generated by resource binding...all messages for binding must start with Binding -->
    <TranslatableMessage id="BindingAppNotInResourceGroup" parameters="unknown/String unknown/String" md5="5A768EF545648B1F53B52303B3F60233">Application {0} is not in resource group {1}</TranslatableMessage>
    <TranslatableMessage id="BindingFailedNoMachine" parameters="resourceDefinitionDisplayName/String ExcludedResourceDefinitionId/String" md5="7D0988B333F336C27AB2A81CED33A6A2">No machine available for application {0}</TranslatableMessage>
    <TranslatableMessage id="BindingFailedResourceNotEnabled" parameters="ResourceDefinitionName/String ExcludedResourceDefinitionId/String" md5="E3330DCB735A492F077612B2C448B0F7">Resource not enabled {0}</TranslatableMessage>
    <TranslatableMessage id="BindingFailedResourceGroupNotEnabled" parameters="resourceGroupDisplayName/String ExcludedRresourceGroupId/String" md5="4B3515BD1428B46AFB949DF19B018514">ResourceGroup not enabled {0}</TranslatableMessage>
    <TranslatableMessage id="BindingFailedResourceGroupHasNoHostGroups" parameters="GroupdName/String  ExcludedGroupId/String" md5="4B3515BD1428B46AFB949DF19B018514">ResourceGroup not enabled {0}</TranslatableMessage>
    <TranslatableMessage id="BindingBlazeFile" parameters="blazeFile/String" md5="EC38C180DDCB14F889CBF0A3ACB4671E">{0}</TranslatableMessage>
    <TranslatableMessage id="BindingConsidering" parameters="Length/int host/string" md5="47A9ECCC97DB40E0015AE51EDA4F0D67">Considering {0} disconnected sessions on hosts {1}</TranslatableMessage>
    <TranslatableMessage id="BindingFindLimitedAvailableHost" parameters="hostRestriction/string DomainQualifiedHostName/string" md5="52402DDA64EB835B9B5E461D4A006950">Find Limited: {0} =&gt; available host {1}</TranslatableMessage>
    <TranslatableMessage id="BindingFindLimitedHostNotAvailable" parameters="hostRestriction/string" md5="6B50D7788F65DE46654435E88CF3B731">Find Limited: '{0}' =&gt; host not available</TranslatableMessage>
    <TranslatableMessage id="BindingFindLimitedHostNotSet" parameters="adAttribute/string" md5="460CA1D8E26F2A76F732895389405652">Find Limited: Active directory attribute '{0}' not set.</TranslatableMessage>
    <TranslatableMessage id="BindingConsideringSessionsForSharingOnHosts" parameters="Length/int Host/string" md5="4AE7EA7AA9C245D9FECB4D010EDD01FC">Considering {0} sessions for sharing on hosts {1}</TranslatableMessage>
    <TranslatableMessage id="BindingHostRestriction" parameters="limitedToHostNameFormula/string limitedToHostName/string" md5="198CB41EC25FC9FBA72089FAD3FECDEE">Host Restriction: {0} =&gt; {1}</TranslatableMessage>
    <TranslatableMessage id="BindingStartResourceBindingAttempt" parameters="resourceDefinitionDisplayName/string resourceGroupDisplayName/string" md5="40E518D030792BF938E5F874FA1141BC">Start resource binding attempt {0} - {1}</TranslatableMessage>
    <TranslatableMessage id="BindingConsideringAllRelevantHosts" parameters="" md5="94E36FC1FDEAA5ECCDF5F23BF74D4971">Considering all relevant hosts</TranslatableMessage>
    <TranslatableMessage id="BindingEndResourceBindingAttempt1" parameters="resourceDefinitionDisplayName/string resourceGroupDisplayName/string" md5="2DE6A300E18BF15F23479100AD093276">End resource binding attempt {0} - {1}</TranslatableMessage>
    <TranslatableMessage id="BindingEndResourceBindingAttempt2" parameters="sessionType/object newInfoHostName/string" md5="94B584653F25CFF55128DB07F0D8A3F6">with {0} to {1}</TranslatableMessage>
    <TranslatableMessage id="BindingFindResourceBinding" parameters="resourceDefinitionDisplayName/string resourceGroupDisplayName/string" md5="6FA1102C0349F3F9B34606D463D3E3AE">Find Resource Binding: {0} - {1}</TranslatableMessage>
    <TranslatableMessage id="BindingHostIsAvailableForUseAvailable" parameters="HostName/string notAvailableReason/string" md5="E49101C8EDAC075378000F3C56CAA287">Host Is Available For Use:  {0} Available:{1}</TranslatableMessage>
    <TranslatableMessage id="BindingHostIsAvailableForUseNotAvailable" parameters="HostName/string notAvailableReason/string" md5="686404090E35313644E701C2E23CD598">Host Is Available For Use:  {0} Not available:{1}</TranslatableMessage>
    <TranslatableMessage id="BindingFindBindingLocalEnterLimitedTo" parameters="resourceDefinitionDisplayName/string resourceGroupDisplayName/string limitToRemoteHostId/string" md5="99EDCDEF70FDBD60C0D9A7039F9955E3">Find Binding Local Enter: {0} - {1} - LimitedTo={2}</TranslatableMessage>
    <TranslatableMessage id="BindingConsiderHostGroup" parameters="GroupName/string GroupName/object RemoteHostIds/string" md5="FFE342CDB07F429A598B13871B70E2A0">Consider Host Group: {0} {1} {2}</TranslatableMessage>
    <TranslatableMessage id="BindingHostGroupNotEnabled" parameters="GroupName/string" md5="E8237EBBB672AD18382E587403E312A2">Host group not enabled {0}</TranslatableMessage>
    <TranslatableMessage id="BindingNumberHostsToConsider" parameters="hostIdsToConsider/int" md5="CC088FABF1485B9866DC58007C4D6F20">Number hosts to consider {0}</TranslatableMessage>
    <TranslatableMessage id="BindingFindBindingLocalCheckingHost1" parameters="HostName/string ResourceInfoFound/bool" md5="2AF7EE6D98BA31779DF9DDB14D06CD6A">Find Binding Local: Checking host {0}. ResourceInfoFound=({1}).</TranslatableMessage>
    <TranslatableMessage id="BindingFindBindingLocalCheckingHost2" parameters="NumberRemoteSessions/int maxNumberRemoteSessions/int checkNumberOfSessions/bool" md5="809F1E006FFD9A8C9FA9058E3B7DE512">NumSessions={0}. Limit={1}. CheckSessions={2}</TranslatableMessage>
    <TranslatableMessage id="BindingFindBindingLocalExit1" parameters="resourceDefinitionDisplayName/string resourceGroupDisplayName/string" md5="DFA368D1EE156F0FBB0CCE1185CD6F12">Find Binding Local Exit: {0} ({1}).</TranslatableMessage>
    <TranslatableMessage id="BindingFindBindingLocalExit2" parameters="usingAllHostGroup/bool PossibilitiesCount/int NumberHostAvailableForChecking/int" md5="8BF84EF1CEA1EF9D329536550D46B04B">Find Binding Local Exit: UsedAll={0}, NumberPossibilities={1}; NumAvailableForChecking={2}</TranslatableMessage>
    <TranslatableMessage id="BindingFindBindingLocalErrorOccurred" parameters="Message/string" md5="1B708DDFB186A3120C54C504F72E0E11">Find Binding Local: Error occurred (see message log for more details): {0}</TranslatableMessage>
    <TranslatableMessage id="BindingHostSatisfiesResourceBindingConstraintsAvailable" parameters="HostName/string notAvailableReason/string" md5="AD6AC8198B8741288DAF1EAA45D53B8E">Host Satisfies Resource Binding Constraints: {0} Available:{1}</TranslatableMessage>
    <TranslatableMessage id="BindingHostSatisfiesResourceBindingConstraintsNotAvailable" parameters="HostName/string notAvailableReason/string" md5="7E2993511940242084643E8D1DDD2FE0">Host Satisfies Resource Binding Constraints: {0} Not available:{1}</TranslatableMessage>
    <TranslatableMessage id="LaunchRequestExpiration" parameters="appName/string resourceGroupName/String remoteHostName/string" md5="5DC58E657D91BCEF2E10B17EC0B73174">removed {0} {1} {2}</TranslatableMessage>
    <!-- Others -->
    <TranslatableMessage id="LicenseUsageReport" parameters="inUse/int total/int" md5="DB43F8B332C136FF5A781343D02E7AF5">License usage check: number of active sessions is {0} out of limit {1}</TranslatableMessage>
    <TranslatableMessage id="LicenseCheckExceeded" parameters="userLimit/int endUserCount/int" md5="A71F89372773621E2E966D2D91693FC7">License limits exceeded : session limit={0}; active sessions={1}</TranslatableMessage>
    <TranslatableMessage id="LicenseCheckOk" parameters="userLimit/int endUserCount/int" md5="467E02F0AB6EB0988BE9CA643D342F18">License limits OK : session limit={0}; active sessions={1}</TranslatableMessage>
  </TranslatableMessages>
  <TranslatableMessages groupName="EsgMessageDescriptors" namespace="Ericom.MegaConnect.Runtime.XapApi" purpose="exception">
    <TranslatableMessage id="EsgMsg" parameters="unknown/String" md5="EC38C180DDCB14F889CBF0A3ACB4671E">{0}</TranslatableMessage>
    <TranslatableMessage id="EsgException" parameters="unknown/String unknown/String unknown/String" md5="8E885FD6B49F55C10889109648D5A45C">reason={0}, msg={1}, stack={2}</TranslatableMessage>
  </TranslatableMessages>
  <TranslatableMessages groupName="EsgServerMessageDescriptors" namespace="Ericom.MegaConnect.Runtime.XapApi" purpose="log">
    <TranslatableMessage id="ProcessConnectionRequest" parameters="unknown/String unknown/String unknown/int" md5="CFACB2828B1C8669EB55C12A1FDA1DED">{0} {1} {2}</TranslatableMessage>
    <TranslatableMessage id="ProcessRedirectRequest" parameters="unknown/String unknown/String unknown/int" md5="CFACB2828B1C8669EB55C12A1FDA1DED">{0} {1} {2}</TranslatableMessage>
    <TranslatableMessage id="ReconnectRequestSucceeded" parameters="unknown/String unknown/int unknown/Int64" md5="CFACB2828B1C8669EB55C12A1FDA1DED">{0} {1} {2}</TranslatableMessage>
    <TranslatableMessage id="ReconnectRequestFailedTimeout" parameters="unknown/String unknown/Int64" md5="E5BFD8979127373FED2E9FCA3A8C0092">{0} {1}</TranslatableMessage>
    <TranslatableMessage id="ReconnectRequestFailedInvalidToken" parameters="unknown/String" md5="EC38C180DDCB14F889CBF0A3ACB4671E">{0}</TranslatableMessage>
  </TranslatableMessages>
  <TranslatableMessages groupName="ExceptionMessageDescriptors" namespace="Ericom.MegaConnect.Runtime.XapApi" purpose="exception">
    <TranslatableMessage id="InternalError" parameters="message/String ExcludedException/String ExcludedStacktrace/String" md5="90BC13EBB11633ED06C62CF3D56B0B15">An internal error has occurred: {0}</TranslatableMessage>
    <TranslatableMessage id="AdminInvalidSessionId" parameters="unknown/String" md5="5D3F0ED95C0EBD450D5F421286066AF4">Admin session not valid: {0}</TranslatableMessage>
    <TranslatableMessage id="AdminPermissionDenied" parameters="" md5="A904552113F1BBD76EF47572E5EE9D2E">You don't have sufficient privileges to perform this operation</TranslatableMessage>
    <TranslatableMessage id="EndUserNotFound" parameters="unknown/String unknown/String" md5="5FF8394B02759F6EE9DB36A0BF713244">EndUserId={0}; EndUserSessionId={1};</TranslatableMessage>
    <TranslatableMessage id="NotWaitingForBootstrapData" parameters="unknown/CcSystemState" md5="A9E5349603750551EF9AABB9AAD31DF0">System should be in the WaitingForBootstrapData state but it is in {0}</TranslatableMessage>
    <TranslatableMessage id="CannotAuthenticateAdminUser" parameters="unknown/String unknown/String" md5="314B06EECD8E1DB5F1BEFDCDA9F31C21">Cannot authenticate {0} - {1}</TranslatableMessage>
    <TranslatableMessage id="SystemNotRunning" parameters="unknown/CcSystemState" md5="B18D4A599EEFE9FDF9E20BD8A87BD735">System should be in the Running state but it is in {0}</TranslatableMessage>
    <TranslatableMessage id="ProcessingUnitNotRunning" parameters="unknown/CcProcessingUnitState" md5="0C27B335216D192ED9A4616D8E95F732">Processing unit should be in the Running state but it is in {0}</TranslatableMessage>
    <TranslatableMessage id="GenericError" parameters="unknown/String" md5="3EFB093AAB4C9B0EA987351074364A0C">Message={0}</TranslatableMessage>
    <TranslatableMessage id="SystemNotInTheExpectedMode" parameters="unknown/CcSystemMode unknown/CcSystemMode" md5="6C244524265067CEC700AFBA8205B74D">System should be in the {0} state but it is in {1}</TranslatableMessage>
    <TranslatableMessage id="InvalidEndUserSessionId" parameters="unknown/String unknown/String" md5="0B08740B432567C21BC8FB1F0CAD7E0B">Invalid EndUserSession {0} {1}</TranslatableMessage>
    <TranslatableMessage id="NewRdpSessionNoCorrespondingRequest" parameters="unknown/String" md5="892C1E324B47DB338387DDDA2437234B">App request not found for {0}</TranslatableMessage>
    <TranslatableMessage id="LicenseError" parameters="unknown/String" md5="B529122C1F24CBBDE82C0B97594BD657">License error: {0:T}</TranslatableMessage>
    <TranslatableMessage id="LicenseLimitExceeded" parameters="" md5="6D3ED88B1601A8450F502BAC656BCEC0">License error: License limits exceeded</TranslatableMessage>
    <TranslatableMessage id="DatabaseError" parameters="message/String ExcludedException/String ExcludedStacktrace/String" md5="418F9E9E4B2D87E8B40D40179A8E168F">Database error: {0}</TranslatableMessage>
    <TranslatableMessage id="UnableToPrepareQuery" parameters="reason/String" md5="6E45C2483CD9D90F7420EF7BB8D8FE0C">Unable to prepare query: {0}</TranslatableMessage>
    <TranslatableMessage id="TenantNotFound" md5="BFDC4580339204163D3A3D9FF7442E7C">Tenant not found</TranslatableMessage>
    <TranslatableMessage id="EditionRestriction" md5="CD51A635153ABBE774F144B83A0B3298">This feature is not available in this license</TranslatableMessage>
  </TranslatableMessages>
  <TranslatableMessages groupName="RemoteAgentDescriptors" namespace="Ericom.MegaConnect.Runtime.XapApi" purpose="exception">
    <TranslatableMessage id="RdpSessionOfInterestStateChanged" parameters="state/SessionChangeEvents sessionId/int" md5="315AAC592D997F2E1481A2F4A7E81B13">Session Change Events={0} RDP Session Id={1}</TranslatableMessage>
  </TranslatableMessages>
  <TranslatableMessages groupName="RemoteHostMessageDescriptors" namespace="Ericom.MegaConnect.Runtime.XapApi" purpose="log">
    <TranslatableMessage id="NewRdpSession" parameters="unknown/String unknown/String" md5="563BE267F169674F3FE2CF48472D4D31">New RDP Session {1} on host {0}</TranslatableMessage>
    <TranslatableMessage id="RdpSessionShare" md5="877E8C9A35F871A78D8133C82D185EEC">Session sharing detected</TranslatableMessage>
    <TranslatableMessage id="NewProcessOfInterest" parameters="host/String exePath/String" md5="C85771A6D9D222253A1103304DE0AAF4">New process of interest {1} on host {0}</TranslatableMessage>
    <TranslatableMessage id="RdpSessionStateChange" parameters="rdpState/WTS_CONNECTSTATE_CLASS" md5="810A33C5BF9AD8E234E842BAF885A6C6">New RDP session state {0}</TranslatableMessage>
    <TranslatableMessage id="MatchingSessionRequestNotFound" parameters="userId/String clientName/String" md5="8E3BA4A28184B40092744AA3BEF0CCB6">no matching session found for {0} - {1}</TranslatableMessage>
    <TranslatableMessage id="RdpSessionDisconnected" md5="F4BDC1AB8CF2E3EB66C61CD94E8BA925">RDP Session Disconnected</TranslatableMessage>
    <TranslatableMessage id="RdpSessionActivated" parameters="additional/String" md5="33A670E6592F6392E06170E7D5C809D4">RDP Session Activated: {0}</TranslatableMessage>
    <TranslatableMessage id="RemoveRemoteSessionsFromHost" parameters="numberRemoved/int" md5="F91288E2D2E7C7904DB2FEDDCC10D1BC">Remove remote sessions from host: {0}</TranslatableMessage>
    <TranslatableMessage id="RemoteHostUsableChange" parameters="Excluded/String suitable/bool? usable/bool?" md5="5387B966DC9AF766A08C5093E79E0755">Now has suitable={1} and usable={2}</TranslatableMessage>
    <TranslatableMessage id="RemoteHostUsableChangeReason" parameters="reason/String suitable/bool? usable/bool?" md5="2354CF2FF8B9EF2B74CA557115147733">Due to '{0}' now has suitable={1} and usable={2}</TranslatableMessage>
  </TranslatableMessages>
  <TranslatableMessages groupName="RuntimeMessageDescriptors" namespace="Ericom.MegaConnect.Runtime.XapApi" purpose="log">
    <TranslatableMessage id="SystemInitialized" parameters="unknown/String" md5="EC38C180DDCB14F889CBF0A3ACB4671E">{0}</TranslatableMessage>
    <TranslatableMessage id="Api" parameters="func/String elapsed/long additional/string" md5="CFACB2828B1C8669EB55C12A1FDA1DED">{0} {1} {2}</TranslatableMessage>
    <TranslatableMessage id="UtilityMessage" parameters="level/string msg/string source/string" md5="CFACB2828B1C8669EB55C12A1FDA1DED">{0} {1} {2}</TranslatableMessage>
  </TranslatableMessages>
  <TranslatableMessages groupName="StandaloneServerMessageDescriptors" namespace="Ericom.MegaConnect.Runtime.XapApi" purpose="log">
    <TranslatableMessage id="ServerStateChange" parameters="unknown/StandaloneServerType unknown/String unknown/StandaloneServerState" md5="E91462FB86649527A3423F275CC61E73">State change to {0} for {1} {2}</TranslatableMessage>
    <TranslatableMessage id="CriticalErrorReconnect" parameters="unknown/String unknown/String" md5="D3E17DEE32C8DB6B49E0EC6A8582BB80">Reconnect to CC in response to error {0} - {1}</TranslatableMessage>
    <TranslatableMessage id="InvalidConfigurationDataReconnect" parameters="exceptionMessage/String ExcludedEventId/String" md5="12B46235D8827BC49F91DEAEDE33656E">Reconnect to CC in response to bad configuration data {0}</TranslatableMessage>
    <TranslatableMessage id="ConfigurationChangeReconnect" parameters="unknown/String" md5="F9C4ADA33266CC69D7B969A50BAE6ABE">Reconnect to CC in response to new configuration data {0}</TranslatableMessage>
    <TranslatableMessage id="UnableToConnectReconnect" parameters="unknown/String unknown/String" md5="764A6E5169E815B06DBA7804CA8C0856">Unable to connect {0} - {1}</TranslatableMessage>
    <TranslatableMessage id="ConfigurationChangeInternalRestart" parameters="unknown/String" md5="B1A6E2D1E5F4F77ABDA3A2556C733F2E">Internal restart done because of configuration change {0}</TranslatableMessage>
    <TranslatableMessage id="Api" parameters="func/String elapsed/long additional/string" md5="CFACB2828B1C8669EB55C12A1FDA1DED">{0} {1} {2}</TranslatableMessage>
    <TranslatableMessage id="AccessPortal" parameters="info/String" md5="EC38C180DDCB14F889CBF0A3ACB4671E">{0}</TranslatableMessage>
  </TranslatableMessages>
  <TranslatableMessages groupName="ValidationMessageDescriptors" namespace="Ericom.MegaConnect.Runtime.XapApi" purpose="validation">
    <TranslatableMessage id="ValidationError" parameters="unknown/ValidationResult" md5="1CBBC74040DF183795EF12B1479F40D1">Cannot save object because of validation errors: '{0}'</TranslatableMessage>
    <TranslatableMessage id="ConfigNameIsUnchangable" parameters="unknown/String unknown/String" md5="32E0161822EDFC2428E5DF323A872EA2">Config name may not change from '{0}' to '{1}'</TranslatableMessage>
    <TranslatableMessage id="RoutingIsUnchangable" parameters="unknown/String unknown/String" md5="A6CAF13C1EDACE559798D168C0ED5863">Routing may not be changed from '{0}' to '{1}'</TranslatableMessage>
    <TranslatableMessage id="AlreadyExists" parameters="unknown/String unknown/String" md5="DB79BBCCE07C053A50B49229DA8DA3C6">Object of type {0} already exists with id {1}</TranslatableMessage>
    <TranslatableMessage id="DoesNotExist" parameters="unknown/String unknown/String" md5="5C3D0E2572BD6A9858DA4D1B9E136873">Object of type {0} does not exist with id {1}</TranslatableMessage>
    <TranslatableMessage id="ObjectIsNull" parameters="unknown/String" md5="471D5D4EA78C7291EED21E47AA0B6B26">Object of type {0} is null</TranslatableMessage>
    <TranslatableMessage id="ObjectIsNotNull" parameters="unknown/String unknown/String" md5="B7DB543F7C8448F91C02E7F09D4B52CA">Object of type {0} is not null with value of '{1}'</TranslatableMessage>
    <TranslatableMessage id="VersionChanged" parameters="" md5="5EB24F770DF35132FB9EE7255AF31CC4">The object has been changed while editing was occurring</TranslatableMessage>
    <TranslatableMessage id="InvalidActiveDirectoryRule" parameters="unknown/String unknown/String" md5="629D819A142941B1A70583E96653E312">Error in active directory rule {0}: {1}</TranslatableMessage>
    <TranslatableMessage id="BlankNotAllowed" parameters="" md5="C8AFCA50012E116C9E9FCDA7E2AC351C">One or more fields are not allowed to be blank. Please check and resubmit the changes.</TranslatableMessage>
    <TranslatableMessage id="SystemRolesMustHaveOneSuperUser" parameters="" md5="7F03BA514F47E6E5309B4C9674E35653">There must be at least one administrator with full permissions</TranslatableMessage>
    <TranslatableMessage id="SystemRolesActiveDirectorySyntaxIsIncorrect" parameters="unknown/String unknown/String" md5="58754AB7AA7EF3A4336328E8641C2686">The Active Directory rule syntax of '{0}' is incorrect. reason: '{1}'</TranslatableMessage>
    <TranslatableMessage id="SystemRolesCantChangeExisingRoles" parameters="" md5="B77B92C36A18418FB4F9C0CB187EDE6A">You are not allowed to change existing roles that were assigned to you</TranslatableMessage>
    <TranslatableMessage id="ActiveDirectoryRuleIsNoGood" parameters="unknown/String unknown/String ExcludedUnknown/String" md5="B0903816DE23A805EADFB4AD7439EF94">The Active Directory rule is not good: '{0}' with '{1}'</TranslatableMessage>
    <TranslatableMessage id="AdminDoesNotSatisfyAdRule" parameters="unknown/String" md5="2E29184321022A906485BAB4F4BDEE22">The Admin does not satisfy the root Admin criteria: '{0}'</TranslatableMessage>
    <TranslatableMessage id="CannotCreateActiveDirectoryList" parameters="message/String" md5="838B466E14AA81B8365229086184A649">Unable to contact an active directory: {0}</TranslatableMessage>
    <TranslatableMessage id="EndUserSessionTimeoutSecondsOutOfRange" parameters="unknown/int" md5="D7B7F81BF4D99B8A0A4E962071585EF4">Client session Timeout out of acceptable range with '{0}'</TranslatableMessage>
    <TranslatableMessage id="TimeAccelerationOutOfRange" parameters="unknown/int" md5="788ABA2FB425930BA8F4A759AAB83B7F">The time acceleration is not in range '{0}'</TranslatableMessage>
    <TranslatableMessage id="StandaloneServerTransitionToLostContactIntervalSecOutOfRange" parameters="unknown/int" md5="C7E2663C7D7EAF8DD2FBB7F5ACB34450">The server lost contact interval in seconds is not in range '{0}'</TranslatableMessage>
    <TranslatableMessage id="RemoteHostTransitionToLostContactIntervalSecOutOfRange" parameters="unknown/String" md5="0107BFAF891B1C8C5F3B40B11541C06B">The remote host lost contact interval in seconds is not in range '{0}'</TranslatableMessage>
    <TranslatableMessage id="EsgHostAddressBad" parameters="unknown/String" md5="E15547B5F546151899227C129C6F3244">The ESG host address is no good: '{0}'</TranslatableMessage>
    <TranslatableMessage id="ActiveDirectoryListBad" parameters="unknown/String" md5="FBDBCC99888F19956B37FFB17282F001">Problem with the ActiveDirectoryList: {0}</TranslatableMessage>
    <TranslatableMessage id="RemoteHostResourceBindingStatusNotSet" parameters="unknown/String" md5="9AE4E6AC8584817C0B47B76F7A546344">The remoteHostResourceBindingStatus must have a reasonable value: '{0}'</TranslatableMessage>
    <TranslatableMessage id="PortBad" parameters="unknown/int" md5="B787219CE49F98B886E3A40785ADE8BA">Port must be in range: '{0}'</TranslatableMessage>
    <TranslatableMessage id="RdpServerPortBad" parameters="unknown/int" md5="A8922BCA9F60A277AFE9A3D28051CA17">RdpServerPort must be in range: '{0}'</TranslatableMessage>
    <TranslatableMessage id="HostnameMismatch" parameters="" md5="5BDD1D30B44900439AE53513CC2756F6">HostName in the RemoteHostConfig and PropertySet do not match</TranslatableMessage>
    <TranslatableMessage id="IpAddressIsNoGood" parameters="unknown/String unknown/String" md5="99B833CE4C7AABB0F58DB2517852535A">The IpAddress must have a reasonable value: '{0}' for host '{1}'</TranslatableMessage>
    <TranslatableMessage id="HostNameBad" parameters="unknown/String" md5="03338D57DF88640D986C5361BB3023C5">The HostName must have a reasonable value: '{0}'</TranslatableMessage>
    <TranslatableMessage id="HostNotFoundDns" parameters="unknown/String" md5="4B7B6B82108235ECEE10031E10E57CFB">The HostName could not be resolved by DNS '{0}'</TranslatableMessage>
    <TranslatableMessage id="ProtocolNoGood" parameters="unknown/String" md5="5E97C1E27DEB2E89751879538E9E50E3">The protocol must have a supported value: '{0}'</TranslatableMessage>
    <TranslatableMessage id="UrlFolderNoGood" parameters="unknown/String" md5="E539F528CDA3B33B4007A983796FCFD1">The UrlFolder must have a reasonable value: '{0}'</TranslatableMessage>
    <TranslatableMessage id="WebServerBufferSizeKBNotValid" parameters="" md5="47A1F2859BB5565F47413FA629E20C5D">The WebServer buffer size can't be smaller than the size of HTTP request (WebServer Request Header + Payload)</TranslatableMessage>
    <TranslatableMessage id="NetworkNonSecuredPortNotValid" parameters="" md5="9A062BDC496EE9CBABC511C46D9989B6">The non-secured port can't be the same as the secured port.</TranslatableMessage>
    <TranslatableMessage id="UrlProtocolNoGood" parameters="unknown/String" md5="B66F2F6AEA93F981C09BE88D7C2A1335">The URL protocol is no good : '{0}'</TranslatableMessage>
    <TranslatableMessage id="UrlHostNoGood" parameters="unknown/String" md5="806CEC0A5289A644F0EE401AC99CA228">The URL host is no good : '{0}'</TranslatableMessage>
    <TranslatableMessage id="UrlPortNoGood" parameters="unknown/int" md5="E1288993FDF5363A1BFF9B77096EF7F6">The URL port is no good : '{0}'</TranslatableMessage>
    <TranslatableMessage id="CertificateFindValueNoGood" parameters="unknown/String" md5="C13D684CBC179DDFE1DA42DB96246F00">The certificate find by value is no good : '{0}'</TranslatableMessage>
    <TranslatableMessage id="ClientSessionKeepAliveFrequencySecondsNoGood" parameters="unknown/int" md5="52BA26FFCD7577D7F0E3D408B6F52F1E">The client session keep alive time in seconds is no good : '{0}'</TranslatableMessage>
    <TranslatableMessage id="StandaloneServerKeepAliveFrequencySecondsNoGood" parameters="unknown/int" md5="F0B7B4E88DAEA91F3C29B3D5432948F7">The server keep alive Timeout in seconds is no good : '{0}'</TranslatableMessage>
    <!-- do we need the next 4 strings? -->
    <TranslatableMessage id="StaticResourceSamplingRateSecNoGood" parameters="unknown/int" md5="A255FD570393BC2162321CFE7AD0D466">The  no good : '{0}'</TranslatableMessage>
    <TranslatableMessage id="ResourceSamplingRateSecNoGood" parameters="unknown/int" md5="B2CA4C91B26A9FCB811C4B228F13F0D0">The is no good : '{0}'</TranslatableMessage>
    <TranslatableMessage id="ResourceSamplingNumNoGood" parameters="unknown/int" md5="B2CA4C91B26A9FCB811C4B228F13F0D0">The is no good : '{0}'</TranslatableMessage>
    <TranslatableMessage id="NotificationThresholdPercentNoGood" parameters="unknown/int" md5="B2CA4C91B26A9FCB811C4B228F13F0D0">The is no good : '{0}'</TranslatableMessage>
    <TranslatableMessage id="KeepAliveMinNoGood" parameters="unknown/int" md5="CC01AAD0D173682C4E2098048A7E6007">The min Keep Alive is no good : '{0}'</TranslatableMessage>
    <TranslatableMessage id="GroupNameNoGood" parameters="unknown/String" md5="6EFC6094A228637AD63BE0717C685156">The group name no good : '{0}'</TranslatableMessage>
    <TranslatableMessage id="HostRestrictionNoGood" parameters="unknown/String" md5="4119075B46B4CBDCD1E6DFA7BAEA28F7">The host restriction no good : '{0}'</TranslatableMessage>
    <TranslatableMessage id="DisplayNameNoGood" parameters="unknown/String" md5="AB80F9D0F2F7837B8D75848F318DBB83">The display name is no good : '{0}'</TranslatableMessage>
    <TranslatableMessage id="DisplayPathNoGood" parameters="unknown/String" md5="3BB9F4CD8ED7ECAC2AE86B06D5B9EAAA">The display path is no good : '{0}'</TranslatableMessage>
    <TranslatableMessage id="DescriptionNoGood" parameters="unknown/String" md5="86E120B0989EE9F180E3DF86AB0CC257">The description is no good : '{0}'</TranslatableMessage>
    <TranslatableMessage id="ExternVarNamesNoGood" parameters="unknown/String" md5="150637047E9FB929149053BB3BB590F1">The external variable name is no good : '{0}'</TranslatableMessage>
    <TranslatableMessage id="IconStringNoGood" parameters="unknown/String" md5="D8A425DC2E6E6581F24DEAFBAC0941E8">The icon string is no good : '{0}'</TranslatableMessage>
    <TranslatableMessage id="IconLengthNoGood" parameters="unknown/int" md5="BFFDABBD02DEB9A17C0D11FB6D45F915">The icon length is no good : '{0}'</TranslatableMessage>
    <TranslatableMessage id="ClientTypeIdNoGood" parameters="unknown/int" md5="904C51B3EA607055B80DFC02F35BBB09">The client type id is no good : '{0}'</TranslatableMessage>
    <TranslatableMessage id="LicenseBad" parameters="unknown/String" md5="607AD82E2EDBB28B333514A22D5D26C3">Problem with the license: {0:T}</TranslatableMessage>
    <TranslatableMessage id="InvalidValue" parameters="unknown/String" md5="AA637CFB2474AE72437EC2EDF29D0568">Value is invalid: {0}</TranslatableMessage>
    <TranslatableMessage id="EnabledCannotBeTrue" md5="D8236026AA1398BCD7EF8D7ABC6FB769">The value of 'Enabled' must either be inherited or set to 'false'.</TranslatableMessage>
    <TranslatableMessage id="AdAttributeNotConfigured" md5="4B31EFBFA3D17B13E379368DF131DA33">The active directory attribute is not set in the tenant configuration</TranslatableMessage>
    <TranslatableMessage id="InvalidServicePointFormat" parameters="unknown/String" md5="FBFFD44F2C1B2B929BE5FE8F7A8D433E">Value '{0}' is not a valid service point. Expecting httpScheme://address[:port]</TranslatableMessage>
    <TranslatableMessage id="CannotDeleteAllResources" md5="A2344582C4D2280012DAE0C485717692">Cannot delete the 'all resources' group</TranslatableMessage>
    <TranslatableMessage id="CannotDeleteAllHosts" md5="7D504A94E711489062544C0D6677777B">Cannot delete the 'all hosts' group</TranslatableMessage>
    <TranslatableMessage id="InvalidHostGroupId" parameters="unknown/String" md5="BA4DB529BF147978979195B7E11D84F8">HostGroupId is not valid '{0}'</TranslatableMessage>
    <TranslatableMessage id="InvalidRemoteHostId" parameters="unknown/String" md5="F4154A5FC046F1FC375F25608DAF2F07">RemoteHostId is not valid '{0}'</TranslatableMessage>
    <TranslatableMessage id="InvalidRemoteHostGroupName" parameters="unknown/String" md5="9F841EDEA75143E1D2A3E8B745FD9208">Can not have two RemoteHostGroups with the same name '{0}'</TranslatableMessage>
    <TranslatableMessage id="AllResourcesCanNotHaveResourceDefinitionIds" parameters="" md5="D23780E314260D7DB38B5F33996C80CD">A membership list of the 'all resources' resource group cannot be supplied</TranslatableMessage>
    <TranslatableMessage id="AllRemoteHostsCanNotHaveRemoteHostIds" parameters="" md5="A46F4A752BE9B6EA5D4DDFA035D851A5">With RemoteHostMembershipComputation.AllRemoteHosts can not have any remoteHostIds</TranslatableMessage>
    <TranslatableMessage id="InvalidResourceDefinitionId" parameters="unknown/String" md5="B24F25A20817990247C06F95122DBEF7">ResourceDefinitionId is not valid '{0}'</TranslatableMessage>
    <TranslatableMessage id="RepeatedHostGroups" parameters="unknown/String" md5="B60C87A8614A4A8FDBF6706F1740E19B">These HostGroups are repeated (CSV) '{0}'</TranslatableMessage>
    <TranslatableMessage id="RepeatedResourceDefinitions" parameters="unknown/String" md5="B9A77ABDE1FB902088BE5CC4C1C24BB3">These ResourceDefinitions are repeated (CSV) '{0}'</TranslatableMessage>
    <TranslatableMessage id="RepeatedRemoteHosts" parameters="unknown/String" md5="3E776D303182CEDFFDBC20537C28C86F">These RemoteHosts are repeated (CSV) '{0}'</TranslatableMessage>
    <TranslatableMessage id="UnableToConnectToRadiusServer" parameters="unknown/String" md5="86A5A347E9BBB333109142F9FD3F5D0F">Unable to connect to the RADIUS server '{0}'</TranslatableMessage>
    <TranslatableMessage id="ExtraBindingGroupIds" parameters="unknown/String" md5="E84786864A633FD6BE1368AA8C6E2B82">ResourceGroup has extra BindingGroup IDs'{0}'</TranslatableMessage>
    <TranslatableMessage id="ActiveDirectoryRuleRepeated" parameters="unknown/String" md5="BBC767172F390CAC234E67248CFED30E">Active directory rule is repeated with '{0}'</TranslatableMessage>
    <TranslatableMessage id="ActiveDirectoryRulePermissionDenied" parameters="unknown/String unknown/String" md5="69F72851E87EB1A699866CA5AD2476B9">Active directory {0} is not permitted for tenant {1}</TranslatableMessage>
    <TranslatableMessage id="MaxApplicationLicenseUsed" parameters="used/int licensed/int" md5="005400569E6B106219B15CE8E9F0BF48">The maximum number of applications licensed is already used {0} of {1}</TranslatableMessage>
    <TranslatableMessage id="UnknownLanguage" parameters="language/string LanguageList/string" md5="646812DD9BBB9C5AA287E746CE2658C6">Unknown language: {0}. Languages are: {1}</TranslatableMessage>
    <TranslatableMessage id="ChangeRoleWithMorePremissions" parameters="role/String">Cannot change permissions of a role that has any privilege that you do not have. ({0})</TranslatableMessage>
    <TranslatableMessage id="AddDeleteRoleWithMorePremissions" parameters="role/String">Cannot delete a role that has any privilege that you do not have. ({0})</TranslatableMessage>
    <TranslatableMessage id="LoginRoleNameEmpty" parameters="roleDescription/String" md5="34BDAF2B16872F5E809DC5369A12117D">The login role name is empty '{0}'</TranslatableMessage>
    <TranslatableMessage id="LoginRoleNameRepeated" parameters="roleName/String" md5="BB16311863B854328898E10C0AC041EC">The login role name is repeated '{0}'</TranslatableMessage>
    <TranslatableMessage id="LoginRoleRequestedNotAuthorisedMissing" parameters="missingRoles/String" md5="056C0DBE7D9E9F619C426FDDCAE7CD94">The login role requested is not authorised because we are missing roles '{0}'</TranslatableMessage>
    <TranslatableMessage id="SystemRolesBindingSyntaxIsIncorrect" parameters="BindingGroupType/String ActiveDirectoryDomain/String ActiveDirectoryObjectName/String" md5="0BF0A30F425035342A818EB589370AEE">The login role binding is incorrect '{0}' '{1}' '{2}'</TranslatableMessage>
    <TranslatableMessage id="LoginRolesNeedsBuiltIn" parameters="" md5="473A0F9D356FFA0B70ED18A65623C379">The login role should have the BUILTIN privilege</TranslatableMessage>
    <TranslatableMessage id="InsufficientRoleRequested" parameters="" md5="D3AA30B19A9318721F824AD832AB36C9">When setting 'View &amp; Manage' for 'Publish' you must also set 'View' for 'Systems' </TranslatableMessage>
    <TranslatableMessage id="AdminUserRepeated" parameters="name/String" md5="1317A368E3D6063C414E893B296E6E33">The user or group name is repeated '{0}'</TranslatableMessage>
    <TranslatableMessage id="DelegatedAdminNotLicenced" md5="931C9FE0F9004DCB983B66879ED8BB41">Only roles with full privileges can be created in this license</TranslatableMessage>
  </TranslatableMessages>
  <TranslatableMessages groupName="GenericMessageDescriptors" namespace="Ericom.MegaConnect.Runtime.XapApi" purpose="exception">
    <TranslatableMessage id="GenericException" parameters="exceptionFullName/String exceptionMessage/String ExcludedExceptionString/String" md5="EF7C6B2D02A1C76699F6D0C56897A8C2">Type={0}; Message={1}</TranslatableMessage>
    <TranslatableMessage id="GenericMessage" parameters="unknown/String" md5="EC38C180DDCB14F889CBF0A3ACB4671E">{0}</TranslatableMessage>
  </TranslatableMessages>
  <TranslatableMessages groupName="SecurityMessageDescriptors" namespace="Ericom.MegaConnect.Runtime.XapApi" purpose="log">
    <TranslatableMessage id="EndUserLoginFailed" parameters="user/String tenantUrl/String message/String" md5="E1172B26C1388579922381F9341B0BED">Login failed for {0} on tenant {1}: {2}</TranslatableMessage>
    <TranslatableMessage id="EndUserLoginSucceeded" parameters="user/String tenantUrl/String" md5="C4BD200B68EEBC3CBD1E86B065CDA60A">Login succeeded for {0} on tenant {1}</TranslatableMessage>
    <TranslatableMessage id="AdminLoginFailed" parameters="user/String tenantUrl/String message/String" md5="20A81CBD894EDC06607293879E890DDD">Admin Login failed for {0} on tenant {1}: {2}</TranslatableMessage>
    <TranslatableMessage id="AdminLoginSucceeded" parameters="user/String tenantUrl/String" md5="A2022E8CD4698416C79BA96E16295AD4">Admin Login succeeded for {0} on tenant {1}</TranslatableMessage>
    <TranslatableMessage id="ActiveDirectoryNotAvailable" parameters="adName/String errorMessage/string" md5="5685E47D0495277CB026F7582DE3C4B5">Active Directory {0} is not available. Error reason: {1}</TranslatableMessage>
  </TranslatableMessages>
  <TranslatableMessages groupName="EndUserWebServiceMessageDescriptors" namespace="Ericom.MegaConnect.Runtime.XapApi" purpose="exception">
    <TranslatableMessage id="InternalError" md5="2AB1E368B64168C0AD62A09062160EBB">An internal error has occurred.  Please contact your system administrator.</TranslatableMessage>
    <TranslatableMessage id="CannotLaunchApplication" md5="B586208E275C2CA3D0B470F1361E1E93">No server is currently available to run the application.  Please contact your system administrator if this persists.</TranslatableMessage>
    <!-- various login errors -->
    <TranslatableMessage id="LoginFailedInternalError" md5="F3FFF601BF36B2DB225E8C80123F2808">An error occurred during login. Contact your system administrator.</TranslatableMessage>
    <TranslatableMessage id="LoginFailedAuthenticationRejected" md5="DF1A95F5786EFFBF7298C5F07F360D18">Authentication rejected. Contact your system administrator.</TranslatableMessage>
    <TranslatableMessage id="LoginFailedInvalidCredentials" md5="00CFEFDE8AA7886BBF55A3D5A896985E">Invalid credentials. Check your account name and password.</TranslatableMessage>
    <TranslatableMessage id="LoginFailedLockedout" md5="35174AB7C5DBBF84614E1C3DE8E7A38C">The account is locked.</TranslatableMessage>
    <TranslatableMessage id="LoginFailedRadiusPasswordRejected" md5="05EFD88DE5C4CAFDE215C867C084EC7E">Invalid RADIUS password.</TranslatableMessage>
    <TranslatableMessage id="LoginFailedRadiusAccessRejected" md5="ECBC63DCD494F5C61EC68B9FB3A1BECB">RADIUS access rejected.</TranslatableMessage>
    <TranslatableMessage id="CannotChangeTenant" md5="22E0286B758D792125DE8E0E9C9896B4">You have previously logged in to a different tenant.  Please contact your system administrator.</TranslatableMessage>
    <!-- following should not occur in Connect-->
    <TranslatableMessage id="LoginFailedLicenseError" md5="488774BC952C8DA7077D68AB46435D5A">Unable to obtain a license.</TranslatableMessage>
    <!-- situations involving need to change password -->
    <TranslatableMessage id="PasswordExpired" md5="718C7B9A56D49070789D2AEB374FE2F8">Your password has expired.</TranslatableMessage>
    <TranslatableMessage id="PasswordWillExpireToday" md5="34E40DB8339173E93DBFFF49391855F0">Your password will expire today.</TranslatableMessage>
    <TranslatableMessage id="PasswordWillExpireTomorrow" md5="C0F244E06F872E66DD0201C0AEE21225">Your password will expire tomorrow.</TranslatableMessage>
    <TranslatableMessage id="PasswordIsAboutToExpireInXDays" parameters="days/int" md5="EE255E4DAEE86B21A4D592069C44FD43">Your password will expire in {0} days.</TranslatableMessage>
    <TranslatableMessage id="PasswordMustBeChangedNextLogin" md5="C256EB399E1FD32F6DA52725E85CCB8E">You must change your password before logging in.</TranslatableMessage>
    <TranslatableMessage id="ConfirmPasswordDoesNotMatch" md5="39832F3B0EF0A1B09FDF8482D0F705F4">The two passwords do not match.</TranslatableMessage>
    <TranslatableMessage id="InvalidPassword" md5="E0AA50BC90E0FFCFE4FC3FC8A69FB708">The old password is not correct.</TranslatableMessage>
    <TranslatableMessage id="FailedToChangePassword" md5="C48A4F3DF5EEFAC9689B2681166C077C">The password does not meet the password policy requirements. Check the minimum password length, password complexity and password history requirements.</TranslatableMessage>
    <TranslatableMessage id="EndUserSessionNoLongerValid" md5="CD665C77E4365375CC4DB711BB3DF44E">Your session is no longer valid. Please login again.</TranslatableMessage>
    <TranslatableMessage id="CantGetEndUserAccountInfo" parameters="user/string" md5="6FB63A60BDD505DDD9FB6BFCF7D859CE">Unable to get account information for user {0}</TranslatableMessage>
  </TranslatableMessages>
  <TranslatableMessages groupName="SystemLevelPropertySetNames" namespace="Ericom.MegaConnect.Runtime.XapApi" purpose="ui">
    <TranslatableMessage id="SystemProperties" md5="FBED185D92AC47ED48CEAE416C5A756A">System Level System Properties</TranslatableMessage>
    <TranslatableMessage id="RadiusProperties" md5="9A534F21E3462A5A469BB721B5E567DF">System Level RADIUS Properties</TranslatableMessage>
    <TranslatableMessage id="ESGSettings" md5="44B677DFF149D4B3E2EE582069622E1A">System Level ESG Settings</TranslatableMessage>
    <TranslatableMessage id="EndUserWebServiceSettings" md5="B8B5D23761B3560DB13E83ACB25DCCEA">System Level End User Web Service Settings</TranslatableMessage>
    <TranslatableMessage id="BusinessLogicServiceSettings" md5="0E46E4144DF253520AB7404B34695DC2">System Level Business Logic Service Settings</TranslatableMessage>
    <TranslatableMessage id="RemoteAgentSettings" md5="4644AF43468AC4DDEE6435A0917874F2">System Level Remote Agent Settings</TranslatableMessage>
    <TranslatableMessage id="AdminWebServiceSettings" md5="FCA227CEF4803F48669236C920F5D018">System Level Admin Web Service Settings</TranslatableMessage>
    <TranslatableMessage id="RemoteHostSettings" md5="D099B2E66934578B2A3D7F7783BD4B40">System Level Remote Host Settings</TranslatableMessage>
    <TranslatableMessage id="ResourceBindingSettings" md5="86B7989DB03FD7416977276FD7DB7A5A">System Level Resource Binding Settings</TranslatableMessage>
    <TranslatableMessage id="ConnectionSettings" md5="3C20A24DB1279A7917602F8F4670EE0F">System Level Connection Settings</TranslatableMessage>
  </TranslatableMessages>
  <TranslatableMessages groupName="TenantLevelPropertySetNames" namespace="Ericom.MegaConnect.Runtime.XapApi" purpose="ui">
    <TranslatableMessage id="TenantProperties" md5="D8DCF07782EEC1F8E216EA9851D5ECA7">Tenant Level Tenant Properties</TranslatableMessage>
    <TranslatableMessage id="ResourceBindingSettings" md5="B248A9672330E1CAA6C6637E0887051A">Tenant Level Resource Binding Settings</TranslatableMessage>
    <TranslatableMessage id="ConnectionSettings" md5="C252F23A976F93962869B2934E214E47">Tenant Level Connection Settings</TranslatableMessage>
    <TranslatableMessage id="RadiusSettings" md5="BF6C910E2B359BA7D95A3EA24C996519">Tenant Level RADIUS Settings</TranslatableMessage>
    <TranslatableMessage id="RemoteHostSettings" md5="B84B2476F430AAA5FA4A1190391A3B40">Tenant Level Remote Host Settings</TranslatableMessage>
  </TranslatableMessages>
  <TranslatableMessages groupName="InstanceLevelPropertySetNames" namespace="Ericom.MegaConnect.Runtime.XapApi" purpose="ui">
    <!--<TranslatableMessage id="SystemProperties">Instance Level System Properties</TranslatableMessage>-->
    <TranslatableMessage id="RadiusProperties" md5="9E9FEEF0E0FEEC022391807524FA6620">Instance Level RADIUS Properties</TranslatableMessage>
    <TranslatableMessage id="ESGSettings" md5="E5F349E5E9270510A0C58D723F0CB38B">Instance Level ESG Settings</TranslatableMessage>
    <TranslatableMessage id="EndUserWebServiceSettings" md5="37FFE39545CB18D7D9E295044D7A3BE5">Instance Level End User Web Service Settings</TranslatableMessage>
    <TranslatableMessage id="BusinessLogicServiceSettings" md5="E34F5D74750BFD6E84642104640527B5">Instance Level Business Logic Service Settings</TranslatableMessage>
    <TranslatableMessage id="RemoteAgentSettings" md5="FD26712785F9F158F022A3F63AFE3CE5">Instance Level Remote Agent Settings</TranslatableMessage>
    <TranslatableMessage id="AdminWebServiceSettings" md5="10B032E2BA846410A65B3C8CE79AA7ED">Instance Level Admin Web Service Settings</TranslatableMessage>
    <TranslatableMessage id="RemoteHostSettings" md5="23FC12F3C007898E1CB610DA854F00C6">Instance Level Remote Host Settings</TranslatableMessage>
    <TranslatableMessage id="ResourceBindingSettings" md5="29386A4559457CF663F128DA0BABEFAB">Instance Level Resource Binding Settings</TranslatableMessage>
    <TranslatableMessage id="ConnectionSettings" md5="FB60841DDB2C7ACBA82F928A08F77EDE">Instance Level Connection Settings</TranslatableMessage>
    <TranslatableMessage id="RemoteHostGroupSettings" md5="00F6A17F9F5E205C8CD909C14438466E">Instance Level Remote Host Group Settings</TranslatableMessage>
    <TranslatableMessage id="ResourceAppBasicSettings" md5="B9356A695A3472EAA9BEED4FBC483175">Instance Level Resource App Basic Settings</TranslatableMessage>
    <TranslatableMessage id="ResourceDesktopBasicSettings" md5="C048B8EFBE3831494E5AB611809A52A8">Instance Level Resource Desktop Basic Settings</TranslatableMessage>
    <TranslatableMessage id="ResourceGroupBasicSettings" md5="414BAB29FD7E6B55B7D93ACF5AD427BE">Instance Level Resource Group Basic Settings</TranslatableMessage>
    <TranslatableMessage id="BindingGroupSettings" md5="03A7E8C92F1C661C2EC21B5859504855">Instance Level Binding Group Settings</TranslatableMessage>
    <TranslatableMessage id="AppDisplayProperties" md5="5477A576DFA2382A11B0014C9F7F1063">Instance Level App Display Settings</TranslatableMessage>
    <TranslatableMessage id="SystemInformationProperties" md5="FD24365925D0193B400F9E99A84E34C2">Instance Level System Information Settings</TranslatableMessage>
  </TranslatableMessages>
</TranslatableMessageGroups>