<?xml version="1.0" encoding="utf-8"?>
<TranslatableMessageGroups xmlns:xsi="http://www.w3.org/2001/XMLSchema-instance" xsi:noNamespaceSchemaLocation="..\..\EricomUtilities\GenericUtilities\TranslatableMessages.xsd">
  <TranslatableMessages groupName="EndUserWebServiceError" namespace="Ericom.Utilities.Generic" purpose="exception">
    <TranslatableMessage id="UntreatedPendingStatusErrorId" parameters="unknown/object" md5="ABA51AFDD5B522E78E97467BF2B10549">Untreated pending status. ErrorId={0}</TranslatableMessage>
    <TranslatableMessage id="ESGMustPassClientAddressHeader" parameters="" md5="B7BAE5F482E468FDAAC8E43C4AE926F8">ESG must pass ClientAddress Header</TranslatableMessage>
    <TranslatableMessage id="ESGMustPassClientEsgAddressHeader" parameters="" md5="3B3D629F81943144B3E799C371E23317">ESG must pass ClientEsgAddress Header</TranslatableMessage>
    <TranslatableMessage id="ClientIpCantBeNull" parameters="" md5="F92A5009581450B3EB278E0A56617708">clientIp can't be null</TranslatableMessage>
    <TranslatableMessage id="SSOCouldNotFindAppicationForUser" parameters="unknown/String unknown/String unknown/String" md5="532BAE8738385BC03B90E48640F49FD0">SSO could not find application for user: {0} - {1} - {2}</TranslatableMessage>
    <TranslatableMessage id="CouldNotCreateSession" parameters="unknown/String" md5="B38F6085F41C63D219F685E60D868F8E">Could not create session: {0}</TranslatableMessage>
  </TranslatableMessages>
  <TranslatableMessages groupName="EndUserWebServiceException" namespace="Ericom.Utilities.Generic" purpose="exception">
    <TranslatableMessage id="DidntGetConnectionSettings" parameters="" md5="1F284BBA16616DF55611E7DFCA905A79">Didn't get connection settings</TranslatableMessage>
    <TranslatableMessage id="ChangePasswordNotImplemented" parameters="" md5="67DA9AA514FA723C6B88FD0C004D16B2">Change password not implemented</TranslatableMessage>
    <TranslatableMessage id="FailedExtractingTheEndUserIdFromTheConnectionToken" parameters="" md5="BFEF450DBC51700C36102F0D66A788DF">Failed extracting the endUserId from the connection token</TranslatableMessage>
  </TranslatableMessages>
</TranslatableMessageGroups>