﻿<?xml version="1.0" encoding="utf-8" ?>
<!-- when changed, run   BuildOutput\Debug\bin\PropertySetCodeGenerator.exe generate  -->
<PropertySetDefinition class="EndUserWebServiceConfigurationProperties" namespace="Ericom.MegaConnect.Runtime.XapApi" access="public" partial="true"
                       xmlns:xsi="http://www.w3.org/2001/XMLSchema-instance" xsi:noNamespaceSchemaLocation="..\..\EricomUtilities\GenericUtilities\PropertySetDefinition.xsd">
    <CustomTypes>
        <CustomType name="X509FindType" assemblyName="System.Security.Cryptography.X509Certificates.X509FindType, System, Version=4.0.0.0, Culture=neutral, PublicKeyToken=b77a5c561934e089"
                     code="System.Security.Cryptography.X509Certificates.X509FindType"/>
        <CustomType name="CcLogFilter"/>
    </CustomTypes>
   
    <Section name="" useSectionNamePrefix="true">
        <PropertyDefinition name="UrlHost" computationMethods="literal inherit variable" type="string" default="LocalHostDnsName" defaultComputation="variable" validation="hostnameOrIpAddress" blankAllowed="false"  visibleInUI="false" visibleInCommonUI="false" >
            <Variables>
                <Variable name="LocalHostDnsName"/>
            </Variables>
        </PropertyDefinition>
        <PropertyDefinition name="UrlPort" computationMethods="literal inherit" type="int" default="8011" validation="tcpPort"/>
        <PropertyDefinition name="UrlFolder" computationMethods="literal inherit" type="string" default="EricomXml" validation="typeOnly" blankAllowed="false"/>
        <PropertyDefinition name="HttpEnabled" computationMethods="literal inherit" type="bool" default="true" validation="typeOnly"/>
        <PropertyDefinition name="HttpPort" computationMethods="literal inherit" type="int" default="8033" validation="tcpPort"/>
        <PropertyDefinition name="DefaultUrl" computationMethods="literal inherit" type="string" default="index.html" validation="typeOnly" blankAllowed="true"/>

        <PropertyDefinition name="CertificateFindBy" computationMethods="literal inherit" type="X509FindType" default="FindByExtension" validation="typeOnly"/>
        <PropertyDefinition name="CertificateFindValue" computationMethods="literal inherit variable" type="string" validation="typeOnly" default="EricomConnectExtensionOid" defaultComputation="variable" blankAllowed="false" >
            <Variables>
                <Variable name="EricomConnectExtensionOid"/>
            </Variables>
        </PropertyDefinition>
        <PropertyDefinition name="LoggingConfiguration" type="CcLogFilter" computationMethods="literal inherit" default="default=Info" validation="typeOnly"  visibleInUI="false" visibleInCommonUI="false" />
        <!-- this is the timeout for the corresponding session expiration in SystemConfigurationProperties.EndUserSessionTimeoutKaMultiplier -->
        <PropertyDefinition name="ClientSessionKeepAliveFrequencySeconds" type="int" computationMethods="literal inherit" default="300" validation="typeOnly" minInclusive="10" maxInclusive="3600"/>
        <PropertyDefinition name="StandaloneServerKeepAliveFrequencySeconds" type="int" computationMethods="literal inherit" default="10" validation="typeOnly" visibleInUI="false" visibleInCommonUI="true" minInclusive="10" maxInclusive="3600"/>
    </Section>
</PropertySetDefinition>
