<?xml version="1.0" encoding="utf-8"?>
<TranslatableMessageGroups xmlns:xsi="http://www.w3.org/2001/XMLSchema-instance" xsi:noNamespaceSchemaLocation="..\..\EricomUtilities\GenericUtilities\TranslatableMessages.xsd">
  <TranslatableMessages groupName="EndUserWebServiceWindowServiceError" namespace="Ericom.Utilities.Generic" purpose="exception">
    <TranslatableMessage id="MendUserWebServiceImplMustBeCreatedBeforeWeSetTheConfig" parameters="" md5="23C741F011C82083D8FE90C6E4AA25F6">m_endUserWebServiceImpl must be created before we set the config</TranslatableMessage>
    <TranslatableMessage id="InvalidUrlPortValueMustBeGreaterThan0" parameters="unknown/int" md5="CF067B41605B0D3965858D29AE08EA6C">Invalid UrlPort: {0}. Value must be &gt;= 0.</TranslatableMessage>
    <TranslatableMessage id="PortIsInUse" parameters="unknown/int" md5="F0E9E9466B5B84E3FCCA55140B319116">Port {0} is in use</TranslatableMessage>
    <TranslatableMessage id="CannotFindCorrectAdapterConfiguration" parameters="" md5="9DD727D5D0A53B84F0AD532FC8543195">Cannot find correct AdapterConfiguration</TranslatableMessage>
    <TranslatableMessage id="CannotFindCorrectDefaultDomain" parameters="" md5="F98E97061EAEAE5A25B814DC0138498E">Cannot find correct DefaultDomain</TranslatableMessage>
    <TranslatableMessage id="CannotFindCorrectServerType" parameters="" md5="CF15E439B620BC8ABD8E696FCA3CDB73">Cannot find correct ServerType</TranslatableMessage>
    <TranslatableMessage id="CannotFindCorrectClientAddress" parameters="" md5="ED01833A552E95D670E031D06DC422B6">Cannot find correct ClientAddress</TranslatableMessage>
    <TranslatableMessage id="CannotFindCorrectSessionTimeout" parameters="" md5="6806C6E821A88803F15E9104D51A5013">Cannot find correct SessionTimeout</TranslatableMessage>
    <TranslatableMessage id="CannotFindWebPageDirectory" parameters="" md5="DB5C5AF2334E40FD0160BAE7D5CAC238">Cannot find web page directory</TranslatableMessage>
    <TranslatableMessage id="AdministrativePrivilegesNeededToStartEndUserWebservice" parameters="" md5="06A14593048A954BC73F3C94D2941928">Administrative privileges needed to start EndUserWebservice</TranslatableMessage>
    <TranslatableMessage id="ThisApplicationRequiresAdministrativeRights" parameters="" md5="43C38912AAC720DDA30AFA348ACA465E">This application requires administrative rights</TranslatableMessage>
  </TranslatableMessages>
  <TranslatableMessages groupName="EndUserWebServiceWindowServiceException" namespace="Ericom.Utilities.Generic" purpose="exception">
    <TranslatableMessage id="CannotParseCommandLine" parameters="" md5="3AA71A16FC4BE6B6A89409BA8EF1896F">Cannot parse command line</TranslatableMessage>
    <TranslatableMessage id="TheWebServerFolderProvidedInTheCommandLineDoesNotExist" parameters="" md5="D7E5203DDEC44E2537360C01A1377C8F">The Web Server folder provided in the command line does not exist</TranslatableMessage>
    <TranslatableMessage id="UnknownStartModeOptionsMStartModeValue" parameters="unknown/object" md5="30A071285824E511996CF7F3E73D0E9E">Unknown start mode '{0}'</TranslatableMessage>
  </TranslatableMessages>
</TranslatableMessageGroups>