﻿<?xml version="1.0" encoding="utf-8" ?>
<!-- when changed, run   BuildOutput\Debug\bin\PropertySetCodeGenerator.exe generate  -->
<PropertySetDefinition class="EsgConfigurationProperties" 
                       namespace="Ericom.MegaConnect.Runtime.XapApi" 
                       access="public" partial="true" version="1.0"
                       xmlns:xsi="http://www.w3.org/2001/XMLSchema-instance" 
                       xsi:noNamespaceSchemaLocation="..\..\EricomUtilities\GenericUtilities\PropertySetDefinition.xsd">

    <CustomTypes>
        <CustomType name="WebServerFolder"/>
        <CustomType name="list(WebServerFolder)" 
                    code="List&lt;WebServerFolder&gt;"
                    />
        <CustomType name="TraceLevel" 
                    assemblyName="Ericom.MegaConnect.Runtime.XapApi.TraceLevel, MegaConnectRuntimeXapApi"
                    />
        <CustomType name="X509FindType" 
                    assemblyName="System.Security.Cryptography.X509Certificates.X509FindType, System, Version=4.0.0.0, Culture=neutral, PublicKeyToken=b77a5c561934e089" 
                    code="System.Security.Cryptography.X509Certificates.X509FindType"
                    />
        <CustomType name="SslProtocols"
                    assemblyName="System.Security.Authentication.SslProtocols, System, Version=4.0.0.0, Culture=neutral, PublicKeyToken=b77a5c561934e089"
                    code="System.Security.Authentication.SslProtocols"
                    />
        <CustomType name="CcLogFilter"/>
        <CustomType name="UrlServicePointsFilter"/>

    </CustomTypes>

    <Section name="">
        <Section name="Admin" visibleInUI="false">
            <PropertyDefinition name="InactivityTimeoutMinutes"
                                computationMethods="inherit literal"
                                type="int"
                                default="5"
                                validation="typeOnly"
                                minInclusive="1"
                                />
            <PropertyDefinition name="LockdownByIPAddressesEnabled"
                                computationMethods="inherit literal"
                                type="bool"
                                default="true"
                                validation="typeOnly"
                                />
            <PropertyDefinition name="LockdownAllowedIPv4Addresses" 
                                computationMethods="inherit literal" 
                                type="string" 
                                default=""
                                validation="ipAddressRangeV4" 
                                valueSeparator=";"
                                />
            <PropertyDefinition name="LockdownAllowedIPv6Addresses" 
                                computationMethods="inherit literal" 
                                type="string" 
                                default=""
                                validation="ipAddressRangeV6" 
                                valueSeparator=";"
                                />
        </Section>

        <Section name="Advanced" visibleInUI="false">
            <PropertyDefinition name="EnhancedSsl" 
                                computationMethods="inherit literal" 
                                type="bool" 
                                default="true"
                                validation="typeOnly"
                                />
            <PropertyDefinition name="ConfigureNetworkInternalBufferSize" 
                                computationMethods="inherit literal" 
                                type="bool" 
                                default="true"
                                validation="typeOnly"
                                />
            <!-- GCCollectFreqSeconds: Zero means GC collection is disables-->
            <PropertyDefinition name="GCCollectFreqSeconds" 
                                computationMethods="inherit literal" 
                                type="int" 
                                default="0"
                                validation="typeOnly"
                                minInclusive="0"
                                />
        </Section>

        <Section name="AuthenticationServer" visibleInUI="false">
            <PropertyDefinition name="Enabled" 
                                computationMethods="inherit literal" 
                                type="bool" 
                                default="false"
                                validation="typeOnly"
                                />
            <PropertyDefinition name="Address" 
                                computationMethods="inherit literal" 
                                type="string" 
                                default="localhost"
                                validation="hostnameOrIpAddress"
                                blankAllowed="!AuthenticationServer$Enabled"
                                />
            <PropertyDefinition name="Port" 
                                computationMethods="inherit literal" 
                                type="int" 
                                default="444"
                                validation="tcpPort"
                                />
            <PropertyDefinition name="CertificateDnsIdentity" 
                                computationMethods="inherit literal" 
                                type="string" 
                                default=""
                                validation="typeOnly"
                                />
            <!-- MaxClockSkewMinutes: Zero means no difference is allowed between the system clocks of the two parties that are communicating-->
            <PropertyDefinition name="MaxClockSkewMinutes" 
                                computationMethods="inherit literal" 
                                type="int" 
                                default="180"
                                validation="typeOnly"
                                minInclusive="0"
                                maxInclusive="1440"
                                />
            <!-- KeepAliveFreqSeconds: Zero means the timer is disables-->
            <PropertyDefinition name="KeepAliveFreqSeconds" 
                                computationMethods="inherit literal" 
                                type="int" 
                                default="30"
                                validation="typeOnly"
                                minInclusive="0"
                                />
        </Section>

        <Section name="Security" displayName="Sections.Security">
            <PropertyDefinition name="CertificateFindBy"
                                computationMethods="literal inherit"
                                type="X509FindType"
                                default="FindByExtension"
                                validation="typeOnly"
                                />
            <PropertyDefinition name="CertificateFindValue"
                                computationMethods="literal inherit variable"
                                type="string"
                                default="EricomConnectExtensionOid"
                                defaultComputation="variable"
                                validation="typeOnly"
                                blankAllowed="false"
                                >
                <!--validation="custom" validator="CertificateCustomValidator" -->
                <Variables>
                    <Variable name="EricomConnectExtensionOid"/>
                </Variables>
            </PropertyDefinition>
            <PropertyDefinition name="ConnectionBrokerOnlyMode"
                                computationMethods="inherit literal"
                                type="bool"
                                default="false"
                                validation="typeOnly"
                                visibleInUI="false" visibleInCommonUI="false"
                                />
            <PropertyDefinition name="IgnoreClientCertificateErrors"
                                computationMethods="inherit literal"
                                type="bool"
                                default="true"
                                validation="typeOnly"
                                />
            <PropertyDefinition name="IgnoreHostCertificateErrors"
                                computationMethods="inherit literal"
                                type="bool"
                                default="true"
                                validation="typeOnly"
                                />
            <PropertyDefinition name="IgnoreHttpWebHostCertificateErrors"
                                computationMethods="inherit literal"
                                type="bool"
                                default="true"
                                validation="typeOnly"
                                />
            <PropertyDefinition name="SslProtocolsWithClient"
                                computationMethods="literal inherit"
                                type="SslProtocols"
                                default="Tls,Tls11,Tls12"
                                validation="typeOnly"
                                visibleInUI="false" visibleInCommonUI="false"
                                />
            <PropertyDefinition name="SslProtocolsWithHost"
                                computationMethods="literal inherit"
                                type="SslProtocols"
                                default="Tls,Tls11,Tls12"
                                validation="typeOnly"
                                visibleInUI="false" visibleInCommonUI="false"
                                />
        </Section>

        <Section name="Network" displayName="Sections.Network">
            <PropertyDefinition name="SecuredPort"
                                computationMethods="inherit literal"
                                type="int"
                                default="443"
                                validation="tcpPort"
                                visibleInUI="false" visibleInCommonUI="true"
                                />
            <PropertyDefinition name="SecuredPortBindAddress"
                                computationMethods="inherit literal"
                                type="string"
                                default=""
                                validation="ipAddress"
                                />
            <PropertyDefinition name="NonSecuredPort"
                                computationMethods="inherit literal"
                                type="int"
                                default="80"
                                validation="tcpPort"
                                visibleInUI="false" visibleInCommonUI="false"
                                />
            <PropertyDefinition name="NonSecuredPortBindAddress"
                                computationMethods="inherit literal"
                                type="string"
                                default=""
                                validation="ipAddress"
                                />
            <PropertyDefinition name="EnableNonSecuredPortForHttpsAutoRedirect"
                                computationMethods="inherit literal"
                                type="bool"
                                default="false"
                                validation="typeOnly"
                                />
            <PropertyDefinition name="ListenBacklog"
                                computationMethods="inherit literal"
                                type="int"
                                default="100"
                                validation="typeOnly"
                                minInclusive="0"
                                visibleInUI="false" visibleInCommonUI="false"
                                />
            <PropertyDefinition name="DrainingMode"
                                computationMethods="inherit literal"
                                type="bool"
                                default="false"
                                validation="typeOnly"
                                />
        </Section>

        <Section name="Visitor" displayName="Sections.Visitor">
            <PropertyDefinition name="HandshakeTimeoutSeconds"
                                computationMethods="inherit literal"
                                type="int"
                                impact="restart"
                                default="60"
                                validation="typeOnly"
                                minInclusive="15"
                                visibleInUI="false" visibleInCommonUI="false"
                                />
            <PropertyDefinition name="LockdownByIPAddressesEnabled"
                                computationMethods="inherit literal"
                                type="bool"
                                default="false"
                                validation="typeOnly"
                                />
            <PropertyDefinition name="LockdownAllowedIPv4Addresses"
                                computationMethods="inherit literal"
                                type="string"
                                default=""
                                validation="ipAddressRangeV4"
                                valueSeparator=";"
                                blankAllowed="!Visitor$LockdownByIPAddressesEnabled"
                                />
            <PropertyDefinition name="LockdownAllowedIPv6Addresses"
                                computationMethods="inherit literal"
                                type="string"
                                default=""
                                validation="ipAddressRangeV6"
                                valueSeparator=";"
                                blankAllowed="!Visitor$LockdownByIPAddressesEnabled"
                                />
        </Section>


        <!-- ExternalWebServer section: managed by the server -->
        <Section name="ExternalWebServer" visibleInUI="false">
            <PropertyDefinition name="UrlServicePointsFilter" 
                                computationMethods="literal inherit" 
                                type="UrlServicePointsFilter" 
                                default="" 
                                validation="typeOnly"/>
            <PropertyDefinition name="UrlDefaultServicePoints"
                                computationMethods="inherit literal"
                                type="list(string)"
                                default=""
                                validation="typeOnly"
                                />
        </Section>

        <Section name="InternalWebServer" visibleInUI="false">
            <PropertyDefinition name="Enabled"
                                computationMethods="inherit literal"
                                type="bool"
                                default="false"
                                validation="typeOnly"
                                />
            <PropertyDefinition name="ForwardOriginalHostHeader" 
                                computationMethods="inherit literal" 
                                type="bool" 
                                default="false"
                                validation="typeOnly"
                                />
            <PropertyDefinition name="ForwardFaviconRequest" 
                                computationMethods="inherit literal" 
                                type="bool" 
                                default="false"
                                validation="typeOnly"
                                />
            <PropertyDefinition name="AllowAccessForNonListedFolders" 
                                computationMethods="inherit literal" 
                                type="bool" 
                                default="false"
                                validation="typeOnly"
                                />
            <PropertyDefinition name="DefaultFolder" 
                                computationMethods="inherit literal" 
                                type="string" 
                                default="" 
                                validation="pathname"
                                />
            <PropertyDefinition name="FolderList" type="list(WebServerFolder)" 
                                computationMethods="literal"
                                default="AccessNow,start.html,True"
                                validation="typeOnly"
                                />
        </Section>

        <Section name="EventLog" visibleInUI="false">
            <PropertyDefinition name="Enabled"
                                computationMethods="inherit literal"
                                type="bool"
                                default="false"
                                validation="typeOnly"
                                />
        </Section>

        <Section name="Log" displayName="Sections.Log">
            <Section name="Level">
                <Section name="HttpDataWatch" visibleInUI="false">
                    <PropertyDefinition name="AccessPortal"
                                        computationMethods="inherit literal"
                                        type="TraceLevel"
                                        default="Off"
                                        validation="typeOnly"
                                        visibleInUI="false" visibleInCommonUI="false" 
                                        />
                    <PropertyDefinition name="Admin" 
                                        computationMethods="inherit literal" 
                                        type="TraceLevel" 
                                        default="Off"
                                        validation="typeOnly"
                                        visibleInUI="false" visibleInCommonUI="false" 
                                        />
                    <PropertyDefinition name="EricomWebServer"
                                        computationMethods="inherit literal"
                                        type="TraceLevel"
                                        default="Off"
                                        validation="typeOnly"
                                        visibleInUI="false" visibleInCommonUI="false" 
                                        />
                    <PropertyDefinition name="ExternalWebServer" 
                                        computationMethods="inherit literal" 
                                        type="TraceLevel" 
                                        default="Off"
                                        validation="typeOnly"
                                        visibleInUI="false" visibleInCommonUI="false" 
                                        />
                    <PropertyDefinition name="FileTransfer" 
                                        computationMethods="inherit literal" 
                                        type="TraceLevel" 
                                        default="Off"
                                        validation="typeOnly"
                                        visibleInUI="false" visibleInCommonUI="false" 
                                        />
                    <PropertyDefinition name="HttpProxy"
                                        computationMethods="inherit literal"
                                        type="TraceLevel"
                                        default="Off"
                                        validation="typeOnly"
                                        visibleInUI="false" visibleInCommonUI="false" 
                                        />
                    <PropertyDefinition name="HttpSession" 
                                        computationMethods="inherit literal" 
                                        type="TraceLevel" 
                                        default="Off"
                                        validation="typeOnly"
                                        visibleInUI="false" visibleInCommonUI="false" 
                                        />
                    <PropertyDefinition name="InternalWebServer" 
                                        computationMethods="inherit literal" 
                                        type="TraceLevel" 
                                        default="Off"
                                        validation="typeOnly"
                                        visibleInUI="false" visibleInCommonUI="false" 
                                        />
                    <PropertyDefinition name="Sso" 
                                        computationMethods="inherit literal" 
                                        type="TraceLevel" 
                                        default="Off"
                                        validation="typeOnly"
                                        visibleInUI="false" visibleInCommonUI="false" 
                                        />
                    <PropertyDefinition name="VMwareView" 
                                        computationMethods="inherit literal" 
                                        type="TraceLevel" 
                                        default="Off"
                                        validation="typeOnly"
                                        visibleInUI="false" visibleInCommonUI="false" 
                                        />
                    <PropertyDefinition name="WebSocketHandshake" 
                                        computationMethods="inherit literal" 
                                        type="TraceLevel" 
                                        default="Off"
                                        validation="typeOnly"
                                        visibleInUI="false" visibleInCommonUI="false" 
                                        />
                    <PropertyDefinition name="Other" 
                                        computationMethods="inherit literal" 
                                        type="TraceLevel" 
                                        default="Off"
                                        validation="typeOnly"
                                        visibleInUI="false" visibleInCommonUI="false" 
                                        />
                </Section>
                <Section name="Role">
                    <PropertyDefinition name="Visitor" 
                                        computationMethods="inherit literal" 
                                        type="TraceLevel" 
                                        default="Info"
                                        validation="typeOnly"
                                        />
                    <PropertyDefinition name="Session" 
                                        computationMethods="inherit literal" 
                                        type="TraceLevel" 
                                        default="Info"
                                        validation="typeOnly"
                                        />
                    <PropertyDefinition name="WebServer" 
                                        computationMethods="inherit literal" 
                                        type="TraceLevel" 
                                        default="Info"
                                        validation="typeOnly"
                                        />
                    <PropertyDefinition name="Statistics" 
                                        computationMethods="inherit literal" 
                                        type="TraceLevel" 
                                        default="Info"
                                        validation="typeOnly"
                                        visibleInUI="false" visibleInCommonUI="false" 
                                        />
                    <PropertyDefinition name="Admin" computationMethods="inherit literal" 
                                        type="TraceLevel" 
                                        default="Info"
                                        validation="typeOnly"
                                        visibleInUI="false" visibleInCommonUI="false" 
                                        />
                    <PropertyDefinition name="ASKeepAlive" 
                                        computationMethods="inherit literal" 
                                        type="TraceLevel" 
                                        default="Info"
                                        validation="typeOnly"
                                        visibleInUI="false" visibleInCommonUI="false" 
                                        />
                </Section>
                <Section name="Report">
                    <Section name="Sessions" displayName="Sections.Sessions">
                        <PropertyDefinition name="Enabled"
                                            computationMethods="inherit literal"
                                            type="bool"
                                            default="true"
                                            validation="typeOnly"
                                            />
                    </Section>
                    <Section name="Http">
                        <PropertyDefinition name="Enabled"
                                            computationMethods="inherit literal"
                                            type="bool"
                                            default="false"
                                            validation="typeOnly"
                                            visibleInUI="false" visibleInCommonUI="false" 
                                            />
                        <PropertyDefinition name="AccessPortal_GetThresholdMs"
                                            computationMethods="inherit literal"
                                            type="int"
                                            default="-1"
                                            validation="typeOnly"
                                            minInclusive="-1"
                                            visibleInUI="false" visibleInCommonUI="false" 
                                            />
                        <PropertyDefinition name="AccessPortal_PostThresholdMs"
                                            computationMethods="inherit literal"
                                            type="int"
                                            default="-1"
                                            validation="typeOnly"
                                            minInclusive="-1"
                                            visibleInUI="false" visibleInCommonUI="false" 
                                            />
                        <PropertyDefinition name="FileTransfer_GetThresholdMs"
                                            computationMethods="inherit literal"
                                            type="int"
                                            default="-1"
                                            validation="typeOnly"
                                            minInclusive="-1"
                                            visibleInUI="false" visibleInCommonUI="false" 
                                            />
                        <PropertyDefinition name="FileTransfer_PostThresholdMs"
                                            computationMethods="inherit literal"
                                            type="int"
                                            default="-1"
                                            validation="typeOnly"
                                            minInclusive="-1"
                                            visibleInUI="false" visibleInCommonUI="false" 
                                            />
                        <PropertyDefinition name="EricomWebServer_GetThresholdMs"
                                            computationMethods="inherit literal"
                                            type="int"
                                            default="-1"
                                            validation="typeOnly"
                                            minInclusive="-1"
                                            visibleInUI="false" visibleInCommonUI="false" 
                                            />
                        <PropertyDefinition name="EricomWebServer_PostThresholdMs"
                                            computationMethods="inherit literal"
                                            type="int"
                                            default="-1"
                                            validation="typeOnly"
                                            minInclusive="-1"
                                            visibleInUI="false" visibleInCommonUI="false" 
                                            />
                        <PropertyDefinition name="ExternalWebServer_GetThresholdMs"
                                            computationMethods="inherit literal"
                                            type="int"
                                            default="-1"
                                            validation="typeOnly"
                                            minInclusive="-1"
                                            visibleInUI="false" visibleInCommonUI="false" 
                                            />
                        <PropertyDefinition name="ExternalWebServer_PostThresholdMs"
                                            computationMethods="inherit literal"
                                            type="int"
                                            default="-1"
                                            validation="typeOnly"
                                            minInclusive="-1"
                                            visibleInUI="false" visibleInCommonUI="false" 
                                            />
                        <PropertyDefinition name="InternalWebServer_GetThresholdMs"
                                            computationMethods="inherit literal"
                                            type="int"
                                            default="-1"
                                            validation="typeOnly"
                                            minInclusive="-1"
                                            visibleInUI="false" visibleInCommonUI="false" 
                                            />
                        <PropertyDefinition name="InternalWebServer_PostThresholdMs"
                                            computationMethods="inherit literal"
                                            type="int"
                                            default="-1"
                                            validation="typeOnly"
                                            minInclusive="-1"
                                            visibleInUI="false" visibleInCommonUI="false" 
                                            />
                    </Section>
                    <Section name="SystemInformation">
                        <PropertyDefinition name="Enabled"
                                            computationMethods="inherit literal"
                                            type="bool"
                                            default="false"
                                            validation="typeOnly"
                                            visibleInUI="false" visibleInCommonUI="false" 
                                            />
                    </Section>
                </Section>
            </Section> 
            <Section name="Settings">
                <!-- StatisticsFreqSeconds: Zero means the timer is disables-->
                <PropertyDefinition name="StatisticsFreqSeconds" 
                                    computationMethods="inherit literal" 
                                    type="int" 
                                    default="60"
                                    validation="typeOnly" 
                                    minInclusive="0" 
                                    visibleInUI="false" visibleInCommonUI="false" 
                                    />
            </Section>
        </Section>

        <Section name="MailAlert" visibleInUI="false">
            <Section name="Alerts">
                <PropertyDefinition name="GatewayStarted" 
                                    computationMethods="inherit literal" 
                                    type="bool" 
                                    default="false"
                                    validation="typeOnly"
                                    />
                <PropertyDefinition name="GatewayStopped" 
                                    computationMethods="inherit literal" 
                                    type="bool" 
                                    default="false"
                                    validation="typeOnly"
                                    />
                <PropertyDefinition name="GatewayCrashed" 
                                    computationMethods="inherit literal" 
                                    type="bool" 
                                    default="false"
                                    validation="typeOnly"
                                    />
                <PropertyDefinition name="GatewayFailedBindToPort" 
                                    computationMethods="inherit literal" 
                                    type="bool" 
                                    default="false"
                                    validation="typeOnly"
                                    />
                <PropertyDefinition name="UnableToConnectToHost" 
                                    computationMethods="inherit literal" 
                                    type="bool" 
                                    default="false"
                                    validation="typeOnly"
                                    />
                <PropertyDefinition name="UnableToContactWebConnectServer" 
                                    computationMethods="inherit literal" 
                                    type="bool"
                                    default="false"
                                    validation="typeOnly"
                                    />
                <PropertyDefinition name="UnableToContactVMwareViewServer" 
                                    computationMethods="inherit literal" 
                                    type="bool" 
                                    default="false"
                                    validation="typeOnly"
                                    />
                <PropertyDefinition name="UnableToContactWebServer" 
                                    computationMethods="inherit literal" 
                                    type="bool" 
                                    default="false"
                                    validation="typeOnly"
                                    />
                <PropertyDefinition name="UnableToContactAuthenticationServer" 
                                    computationMethods="inherit literal" 
                                    type="bool" 
                                    default="false"
                                    validation="typeOnly"
                                    />
            </Section>
            <Section name="Mail">
                <PropertyDefinition name="From" 
                                    computationMethods="inherit literal" 
                                    type="string" 
                                    default=""
                                    validation="emailAddress" 
                                    />
                <PropertyDefinition name="To" 
                                    computationMethods="inherit literal" 
                                    type="string" 
                                    default=""
                                    validation="emailAddress" 
                                    />
                <PropertyDefinition name="SubjectPrefix" 
                                    computationMethods="inherit literal" 
                                    type="string" 
                                    default="Ericom Secure Gateway mail alert:"
                                    validation="typeOnly"
                                    />
            </Section>
            <Section name="SmtpServer">
                <PropertyDefinition name="Address" 
                                    computationMethods="inherit literal" 
                                    type="string" 
                                    default=""
                                    validation="hostnameOrIpAddress"
                                    />
                <PropertyDefinition name="Port" 
                                    computationMethods="inherit literal" 
                                    type="int" 
                                    default="25"
                                    validation="tcpPort"
                                    />
                <PropertyDefinition name="UserName" 
                                    computationMethods="inherit literal" 
                                    type="string" 
                                    default=""
                                    validation="typeOnly"
                                    />
                <PropertyDefinition name="Password" 
                                    computationMethods="inherit literal" 
                                    type="string" 
                                    default=""
                                    validation="typeOnly"
                                    />
                <PropertyDefinition name="SecuredConnection" 
                                    computationMethods="inherit literal" 
                                    type="bool" 
                                    default="false"
                                    validation="typeOnly"
                                    />
            </Section>
        </Section>

        <Section name="Misc"  visibleInUI="false">
        </Section>

        <Section name="SessionRecording" visibleInUI="false">
            <PropertyDefinition name="ClientRecv" 
                                computationMethods="inherit literal" 
                                type="bool" 
                                default="false"
                                validation="typeOnly"
                                />
            <PropertyDefinition name="ClientSend" 
                                computationMethods="inherit literal" 
                                type="bool" 
                                default="false"
                                validation="typeOnly"
                                />
            <PropertyDefinition name="ServerRecv" 
                                computationMethods="inherit literal" 
                                type="bool" 
                                default="false"
                                validation="typeOnly"
                                />
            <PropertyDefinition name="ServerSend" 
                                computationMethods="inherit literal" 
                                type="bool" 
                                default="false"
                                validation="typeOnly"
                                />
            <!-- RecordingMaxSizeMB: Zero means the log file size us unlimitted. 
                                     If bigger than zero, a new file will be generated each time the log size reached the maximum allowed.-->
            <PropertyDefinition name="RecordingMaxSizeMB" 
                                computationMethods="inherit literal" 
                                type="int" 
                                default="0"
                                validation="typeOnly" 
                                minInclusive="0"
                                />
        </Section>

        <Section name="Sessions" displayName="Sections.Sessions">
            <Section name="Gateway">
                <Section name="Common">
                    <PropertyDefinition name="ReconnectOpportunitySeconds" 
                                        computationMethods="inherit literal" 
                                        type="int" 
                                        impact="restart" 
                                        default="360"
                                        validation="typeOnly" 
                                        minInclusive="15"
                                        visibleInUI="false" visibleInCommonUI="false" 
                                        />
                    <PropertyDefinition name="RedirectOpportunitySeconds" 
                                        computationMethods="inherit literal" 
                                        type="int" 
                                        impact="restart" 
                                        default="30"
                                        validation="typeOnly" 
                                        minInclusive="15"
                                        visibleInUI="false" visibleInCommonUI="false" 
                                        />
                    <PropertyDefinition name="ClientSocketKeepAliveFirstProbeTimeMs"
                                        computationMethods="inherit literal"
                                        type="int"
                                        default="10000"
                                        validation="typeOnly"
                                        minInclusive="0"
                                        visibleInUI="false" visibleInCommonUI="false" 
                                        />
                    <PropertyDefinition name="ClientSocketKeepAliveProbesIntervalMs"
                                        computationMethods="inherit literal"
                                        type="int"
                                        default="500"
                                        validation="typeOnly"
                                        minInclusive="0"
                                        visibleInUI="false" visibleInCommonUI="false" 
                                        />
                    <PropertyDefinition name="HostSocketKeepAliveFirstProbeTimeMs"
                                        computationMethods="inherit literal"
                                        type="int"
                                        default="10000"
                                        validation="typeOnly"
                                        minInclusive="0"
                                        visibleInUI="false" visibleInCommonUI="false" 
                                        />
                    <PropertyDefinition name="HostSocketKeepAliveProbesIntervalMs"
                                        computationMethods="inherit literal"
                                        type="int"
                                        default="500"
                                        validation="typeOnly"
                                        minInclusive="0"
                                        visibleInUI="false" visibleInCommonUI="false" 
                                        />
                </Section>
                <Section name="Http">
                    <PropertyDefinition name="ClientPullDataTimeoutSeconds" 
                                        computationMethods="inherit literal" 
                                        type="int" 
                                        impact="restart" 
                                        default="30"
                                        validation="typeOnly" 
                                        minInclusive="1"
                                        visibleInUI="false" visibleInCommonUI="false" 
                                        />
                    <PropertyDefinition name="ServerPushDataTimeoutSeconds" 
                                        computationMethods="inherit literal" 
                                        type="int" 
                                        impact="restart" 
                                        default="10"
                                        validation="typeOnly" 
                                        minInclusive="1"
                                        visibleInUI="false" visibleInCommonUI="false" 
                                        />
                </Section>
                <Section name="Native" visibleInUI="false">
                    <PropertyDefinition name="ClientBufferSizeKB" 
                                        computationMethods="inherit literal" 
                                        type="int" 
                                        impact="restart" 
                                        default="128"
                                        validation="typeOnly" 
                                        minInclusive="1"
                                        visibleInUI="false" visibleInCommonUI="false" 
                                        />
                    <PropertyDefinition name="HostBufferSizeKB" 
                                        computationMethods="inherit literal" 
                                        type="int" 
                                        impact="restart" 
                                        default="512"
                                        validation="typeOnly" 
                                        minInclusive="1"
                                        visibleInUI="false" visibleInCommonUI="false" 
                                        />
                </Section>
                <Section name="WebConnect">
                    <PropertyDefinition name="ClientBufferSizeKB" 
                                        computationMethods="inherit literal" 
                                        type="int" 
                                        impact="restart" 
                                        default="40"
                                        validation="typeOnly" 
                                        minInclusive="1"
                                        visibleInUI="false" visibleInCommonUI="false" 
                                        />
                    <PropertyDefinition name="HostBufferSizeKB" 
                                        computationMethods="inherit literal" 
                                        type="int" 
                                        impact="restart" 
                                        default="128"
                                        validation="typeOnly" 
                                        minInclusive="1"
                                        visibleInUI="false" visibleInCommonUI="false" 
                                        />
                </Section>
            </Section>
            <Section name="InternalWebServer">
                <PropertyDefinition name="BufferSizeKB" 
                                    computationMethods="inherit literal" 
                                    type="int" 
                                    impact="restart" 
                                    default="256"
                                    validation="typeOnly" 
                                    minInclusive="1"
                                    visibleInUI="false" visibleInCommonUI="false" 
                                    />
                <PropertyDefinition name="RequestHeaderMaxSizeKB" 
                                    computationMethods="inherit literal" 
                                    type="int" 
                                    impact="restart" 
                                    default="10"
                                    validation="typeOnly" 
                                    minInclusive="1"
                                    visibleInUI="false" visibleInCommonUI="false" 
                                    />
                <PropertyDefinition name="RequestPayloadMaxSizeKB" 
                                    computationMethods="inherit literal" 
                                    type="int" 
                                    impact="restart" 
                                    default="20"
                                    validation="typeOnly" 
                                    minInclusive="1"
                                    visibleInUI="false" visibleInCommonUI="false" 
                                    />                
            </Section>
            <Section name="ExternalWebServer">
                <PropertyDefinition name="RespondTimeoutSeconds"
                                    computationMethods="inherit literal"
                                    type="int"
                                    impact="restart"
                                    default="30"
                                    validation="typeOnly"
                                    minInclusive="1"
                                    visibleInUI="false" visibleInCommonUI="false" 
                                    />
                <PropertyDefinition name="MaxConnectionsPerServicePoint"
                                    computationMethods="inherit literal"
                                    type="int"
                                    impact="restart"
                                    default="32"
                                    validation="typeOnly"
                                    minInclusive="2"
                                    />
                <PropertyDefinition name="MaxServicePointsTriesPerRequest"
                                    computationMethods="inherit literal"
                                    type="int"
                                    default="3"
                                    validation="typeOnly"
                                    minInclusive="1"
                                    />                
            </Section>
        </Section>

        <Section name="GridSettings" displayName="Sections.GridSettings">
            <PropertyDefinition name="StandaloneServerKeepAliveFrequencySeconds"
                                computationMethods="inherit literal"
                                type="int"
                                default="10"
                                validation="typeOnly" visibleInUI="false" visibleInCommonUI="true"
                                minInclusive="10"
                                maxInclusive="3600"
                                />
            <PropertyDefinition name="NewConnectionAuthenticationResponseTimeoutSeconds"
                                type="int"
                                computationMethods="literal inherit"
                                default="60"
                                validation="typeOnly"
                                minInclusive="2"
                                />
            <PropertyDefinition name="ReconnectAuthenticationResponseTimeoutSeconds"
                                type="int"
                                computationMethods="literal inherit"
                                default="60"
                                validation="typeOnly"
                                minInclusive="2"
                                />
            <PropertyDefinition name="RedirectAuthenticationResponseTimeoutSeconds"
                                type="int"
                                computationMethods="literal inherit"
                                default="60"
                                validation="typeOnly"
                                minInclusive="2"
                                />
            <!-- LoggingConfiguration: managed by the server -->
            <PropertyDefinition name="LoggingConfiguration"
                                 type="CcLogFilter"
                                 computationMethods="literal inherit"
                                 default="default=Warning"
                                 validation="typeOnly"
                                 visibleInUI="false" visibleInCommonUI="false"
                                />
        </Section>

        <Section name="VMwareViewServer" visibleInUI="false">
            <PropertyDefinition name="Address" 
                                computationMethods="inherit literal" 
                                type="string" 
                                default=""
                                validation="hostnameOrIpAddress"
                                />
            <PropertyDefinition name="Port" 
                                computationMethods="inherit literal" 
                                type="int" 
                                default="443"
                                validation="tcpPort"
                                />
            <PropertyDefinition name="SecuredConnection" 
                                computationMethods="inherit literal" 
                                type="bool" 
                                default="true"
                                validation="typeOnly"
                                />
        </Section>

        <Section name="WebConnectServer" visibleInUI="false">
            <PropertyDefinition name="Address" 
                                computationMethods="inherit literal" 
                                type="string" 
                                default="localhost"
                                validation="hostnameOrIpAddress"
                                />
            <PropertyDefinition name="Port" 
                                computationMethods="inherit literal" 
                                type="int" 
                                default="4000"
                                validation="tcpPort"
                                />
        </Section>
    </Section>
</PropertySetDefinition>
