﻿<?xml version="1.0" encoding="utf-8"?>
<!-- 
This template was written to work with NHibernate.Test.
Copy the template to your NHibernate.Test project folder and rename it in hibernate.cfg.xml and change it 
for your own use before compile tests in VisualStudio.
-->
<!-- This is the System.Data.dll provider for SQL Server -->
<hibernate-configuration  xmlns="urn:nhibernate-configuration-2.2" >
    <session-factory name="NHibernate.Test">
        <property name="connection.driver_class">NHibernate.Driver.SqlClientDriver</property>
        <property name="connection.connection_string">${sqlConnectionString}</property> 
        <property name="dialect">NHibernate.Dialect.MsSql2008Dialect</property>

        <property name="use_proxy_validator">false</property>

        <property name="show_sql">false</property>
        <property name="format_sql">true</property>
        <property name="use_sql_comments">false</property>
        <property name="prepare_sql">true</property>

        <!--This will create the tables in the database for your persistent classes according to the mapping file.-->
        <!--If the tables are already created this will recreate them and clear the data!-->
        <!-- <property name="hbm2ddl.auto">create</property>    -->
    </session-factory>
</hibernate-configuration>  