﻿<?xml version="1.0" encoding="utf-8" ?>
<PropertySetDefinition class="RadiusConfigurationProperties" namespace="Ericom.MegaConnect.Runtime.XapApi" access="public" partial="true" 
                       xmlns:xsi="http://www.w3.org/2001/XMLSchema-instance" xsi:noNamespaceSchemaLocation="..\..\EricomUtilities\GenericUtilities\PropertySetDefinition.xsd">
    <CustomTypes>
        <CustomType name="RadiusAuthMethod" assemblyName="Ericom.Utilities.Generic.RadiusAuthenticationLayer+AuthMethod, GenericUtilities"
                    code="RadiusAuthenticationLayer.AuthMethod"/>
        <CustomType name="RadiusMode" assemblyName="Ericom.Utilities.Generic.RadiusAuthenticationLayer+Mode, GenericUtilities"
                    code="RadiusAuthenticationLayer.Mode"/>
        <CustomType name="RadiusUseConditionType" assemblyName="Ericom.MegaConnect.Runtime.XapApi.RadiusUseConditionType, MegaConnectRuntimeXapApi"
                     />
    </CustomTypes>
    <Section name="System Configuration" displayName="Sections.SystemConfiguration" useSectionNamePrefix="false">
        <PropertyDefinition name="UseRadius" type="bool" computationMethods="literal" default="false" validation="typeOnly"/>
        <PropertyDefinition name="RadiusHostname" type="string" computationMethods="literal" default="" validation="hostnameOrIpAddress" blankAllowed="!UseRadius"/>
        <PropertyDefinition name="RadiusPort" type="int" computationMethods="literal" default="1812" validation="tcpPort"/>
        <PropertyDefinition name="RadiusSharedSecret" type="string" computationMethods="literal" default="" validation="typeOnly" blankAllowed="!UseRadius"/>
        <PropertyDefinition name="RadiusSocketTimeoutSec" type="int" computationMethods="literal" default="6" validation="typeOnly"  minInclusive="1" maxInclusive="30"/>
        <PropertyDefinition name="RadiusRetries" type="int" computationMethods="literal" default="3" validation="typeOnly" minInclusive="1" maxInclusive="6"/>
        <PropertyDefinition name="RadiusDefaultDomain" type="string" computationMethods="literal" default="" validation="typeOnly"  blankAllowed="true"/> 
        <PropertyDefinition name="RadiusSendUserDomain" type="bool" computationMethods="literal" default="false" validation="typeOnly"/>
        <PropertyDefinition name="RadiusAuthMethod" type="RadiusAuthMethod" computationMethods="literal" default="Passcode" validation="typeOnly"/>
        <PropertyDefinition name="RadiusMode" type="RadiusMode" computationMethods="literal" default="Production" validation="typeOnly" visibleInUI="false" visibleInCommonUI="false"/>
        <PropertyDefinition name="RadiusRecordingsFolder" type="string" computationMethods="literal" default="" 
                            validation="pathname" blankAllowed="true" visibleInCommonUI="false" visibleInUI="false" />
        <PropertyDefinition name="RadiusUseCondition" type="RadiusUseConditionType" computationMethods="literal" default="Always" validation="typeOnly"/>
    </Section>
</PropertySetDefinition>
