﻿<?xml version="1.0" encoding="utf-8" ?>
<!-- when changed, run   BuildOutput\Debug\bin\PropertySetCodeGenerator.exe generate  -->
<PropertySetDefinition class="RemoteHostGroupConfigurationProperties" namespace="Ericom.MegaConnect.Runtime.XapApi" access="public" partial="true"
                       xmlns:xsi="http://www.w3.org/2001/XMLSchema-instance" xsi:noNamespaceSchemaLocation="..\..\EricomUtilities\GenericUtilities\PropertySetDefinition.xsd">
    <CustomTypes>
        <CustomType name="RemoteHostMembershipComputation" assemblyName="Ericom.MegaConnect.Runtime.XapApi.RemoteHostMembershipComputation, MegaConnectRuntimeXapApi"/>
        <CustomType name="CcLogFilter"/>
    </CustomTypes>
    <Section name="">
        <PropertyDefinition name="Enabled" computationMethods="literal inherit" type="bool" default="true" visibleInUI="true" visibleInCommonUI="true" validation="typeOnly"/>
        <PropertyDefinition name="GroupName" computationMethods="literal" type="string" default="" visibleInUI="true" visibleInCommonUI="true" validation="typeOnly" blankAllowed="false"/>
        <PropertyDefinition name="MembershipComputation" computationMethods="literal inherit" validation="typeOnly"
                            type="RemoteHostMembershipComputation" default="Explicit" visibleInUI="false" visibleInCommonUI="false" />
        <PropertyDefinition name="EsgHostAddress" type="string" computationMethods="literal" default="" validation="hostnameNotIpAddressOptionalPort"/>
    </Section>
</PropertySetDefinition>
