﻿<?xml version="1.0" encoding="utf-8" ?>
<!-- when changed, run   BuildOutput\Debug\bin\PropertySetCodeGenerator.exe generate  -->
<PropertySetDefinition class="RemoteHostConfigurationProperties" namespace="Ericom.MegaConnect.Runtime.XapApi" access="public" partial="true"
                       xmlns:xsi="http://www.w3.org/2001/XMLSchema-instance" xsi:noNamespaceSchemaLocation="..\..\EricomUtilities\GenericUtilities\PropertySetDefinition.xsd">
    <CustomTypes>
        <CustomType name="RemoteHostResourceBindingStatus" assemblyName="Ericom.MegaConnect.Runtime.XapApi.RemoteHostResourceBindingStatus, MegaConnectRuntimeXapApi"/>
        <CustomType name="RemoteHostConnectWith" assemblyName="Ericom.MegaConnect.Runtime.XapApi.RemoteHostConnectWith, MegaConnectRuntimeXapApi"/>
        <CustomType name="CcLogFilter"/>
    </CustomTypes>
    <Section name="">
        <PropertyDefinition name="Enabled" computationMethods="literal inherit" type="bool" default="true" validation="typeOnly"/>

        <!-- do not validated these since they cannot be edited by the user -->
        <PropertyDefinition name="DomainQualifiedHostName" computationMethods="literal" type="string" default="" visibleInUI="true" visibleInCommonUI="false" validation="typeOnly" 
                                                           readonlyInUI="true"/>
        <PropertyDefinition name="HostName" computationMethods="literal" type="string" default="" visibleInUI="true" visibleInCommonUI="false" validation="typeOnly"   readonlyInUI="true"/>
        <PropertyDefinition name="IpAddress" computationMethods="literal" type="string" default="" visibleInUI="true" visibleInCommonUI="false" validation="typeOnly"  readonlyInUI="true" />
        
        <!-- should be validated -->
        <PropertyDefinition name="NameInBlazeFile" computationMethods="literal" type="string" default="" visibleInUI="true" visibleInCommonUI="false" validation="hostnameOrIpAddress" />   

        <PropertyDefinition name="BindingStatus" computationMethods="literal inherit" type="RemoteHostResourceBindingStatus" default="Enabled" validation="typeOnly" visibleInUI="false" visibleInCommonUI="false" />
        <PropertyDefinition name="RemoteHostConnectWith" computationMethods="literal inherit" type="RemoteHostConnectWith" default="DomainQualifiedHostName" validation="typeOnly"/>
        <PropertyDefinition name="DefaultAccessServerPort" computationMethods="literal inherit" type="int" default="8080" validation="tcpPort" visibleInUI="false" visibleInCommonUI="false" />
        <PropertyDefinition name="DefaultRdpServerPort" computationMethods="literal inherit" type="int" default="3389" validation="tcpPort" visibleInUI="false" visibleInCommonUI="false" />
        <PropertyDefinition name="LoggingConfiguration" type="CcLogFilter" computationMethods="literal inherit"  default="default=Info" validation="typeOnly" visibleInUI="false" visibleInCommonUI="false" />
        <PropertyDefinition name="BuildVersion" type="string" computationMethods="literal" default="" validation="typeOnly" readonlyInUI="true"  visibleInCommonUI="false"/>
    </Section>
</PropertySetDefinition>
