﻿<?xml version="1.0" encoding="utf-8" ?>

<ResourceDefinition id="word2013#1">
    <DisplayProperties>
        <PropertySet>
            <Property name ="DisplayName" value="Word 2013"/>
        </PropertySet>
    </DisplayProperties>
    <ConnectionProperties>
        <PropertySet>
            <Property name ="alternate_S_shell" value="&quot;${ProgramFiles,ProgramFilesX86}\Microsoft Office\Office15\winword.EXE&quot;"/>
            <Property name ="remoteapplicationmode" value="true"/>
            <Property name ="session_S_sharing" value="false"/> 
        </PropertySet>
    </ConnectionProperties>
</ResourceDefinition>
