﻿<?xml version="1.0" encoding="utf-8" ?>

<ResourceDefinition id="calc#1">
    <DisplayProperties>
        <IconFromFile>%windir%\system32\calc.exe</IconFromFile>
        <PropertySet>
            <Property name ="DisplayName" value="Calculator"/>
        </PropertySet>
    </DisplayProperties>
    
    <ConnectionProperties>
        <PropertySet>
            <Property name ="alternate_S_shell" value="${CommonPrograms}\Accessories\Calculator.lnk"/>
            <Property name ="remoteapplicationmode" value="true"/>
            <Property name ="session_S_sharing" value="false"/>
        </PropertySet>
    </ConnectionProperties>
</ResourceDefinition>
