﻿<?xml version="1.0" encoding="utf-8" ?>
<PropertySetDefinition class="ResourceBindingProperties" namespace="Ericom.MegaConnect.Runtime.XapApi" access="public" partial="true"
                       xmlns:xsi="http://www.w3.org/2001/XMLSchema-instance" xsi:noNamespaceSchemaLocation="..\..\EricomUtilities\GenericUtilities\PropertySetDefinition.xsd">
    <Section name="" displayName="Resource Binding Properties">
        <!-- the default value 'unrestricted' must match the corresponding value in the resource binding code -->
        <PropertyDefinition name="Enabled" type="bool" computationMethods="literal inherit" default="true" validation="typeOnly" visibleInUI="false" visibleInCommonUI="false" />
        <PropertyDefinition name="HostRestriction" type="string" computationMethods="literal inherit" default="" validation="typeOnly" visibleInUI="false" visibleInCommonUI="false" />
        <PropertyDefinition name="MinFreeMemoryMb" type="int" computationMethods="literal inherit" default="200" validation="typeOnly" minInclusive="0"/>
        <PropertyDefinition name="MinIdlePercent" type="int" computationMethods="literal inherit" default="15" validation="typeOnly" minInclusive="0" maxInclusive="100"/>
        <PropertyDefinition name="MinDiskAvailableTimePercent" type="int" computationMethods="literal inherit" default="0" validation="typeOnly" minInclusive="0" maxInclusive="100"/>
        <PropertyDefinition name="MaxNumberRemoteSessions" type="int" computationMethods="literal inherit" default="100000" validation="typeOnly" minInclusive="0"/>
        <PropertyDefinition name="MinFreeDiskCGB" type="int" computationMethods="literal inherit" default="1" validation="typeOnly" minInclusive="0"/>
        <PropertyDefinition name="MinFreeDiskDGB" type="int" computationMethods="literal inherit" default="0" validation="typeOnly" minInclusive="0"/>
        <PropertyDefinition name="ReconnectIfPossible" type="bool" computationMethods="literal inherit" default="true" validation="typeOnly"/>
        <!-- It is not possible to disable session sharing on the Blaze server at the moment -->
        <PropertyDefinition name="UseConnectionSharingIfPossible" type="bool" computationMethods="literal inherit" default="true" validation="typeOnly" readonlyInUI="true" visibleInUI="false" visibleInCommonUI="false" />
        <PropertyDefinition name="IgnoreConditionsOnWorkstations" type="bool" computationMethods="literal inherit" default="true" validation="typeOnly" visibleInUI="true" />
        <PropertyDefinition name="AllowAppsOnWorkstations"     type="bool" computationMethods="literal inherit" default="false" validation="typeOnly"/>

        <PropertyDefinition name="RestrictViaActiveDirectory" type="string" computationMethods="literal inherit" default="" validation="typeOnly" visibleInUI="false" visibleInCommonUI="false" />

    </Section>
</PropertySetDefinition>
