﻿<?xml version="1.0" encoding="utf-8" ?>
<ResourceGroup id="office#1">
    <DisplayProperties>
        <PropertySet>
            <Property name="DisplayName" value="Office 2013"/>
        </PropertySet>  
    </DisplayProperties>
    
    <ConnectionProperties>
        <PropertySet>
            
        </PropertySet>
    </ConnectionProperties>

    <ResourceDefinitionList>
        <ResourceDefinition>excel2013#1</ResourceDefinition>
        <ResourceDefinition>word2013#1</ResourceDefinition>
    </ResourceDefinitionList>

    <BindingGroupList>
        <BindingGroup id="ccadmin">
            <Name>CC Administrators</Name>
       
            <BindingGroupType>Custom</BindingGroupType>
            <!--<ActiveDirectoryUser></ActiveDirectoryUser>-->
            <ActiveDirectoryRule>UserAccount='ccadmin' || Contains(GroupNames, 'CloudConnectAdmin')</ActiveDirectoryRule>
            <EndUserSessionRule>true</EndUserSessionRule>

            <ConnectionProperties>
                <PropertySet>

                </PropertySet>
            </ConnectionProperties>
            
        </BindingGroup>

        <BindingGroup id="everyone#1">
            <Name>Everyone</Name>
           
            <BindingGroupType>All</BindingGroupType>
            <EndUserSessionRule>true</EndUserSessionRule>

            <ConnectionProperties>
                <PropertySet>

                </PropertySet>
            </ConnectionProperties>

        </BindingGroup>
        
    </BindingGroupList>
    
</ResourceGroup>
