﻿<?xml version="1.0" encoding="utf-8" ?>

<ResourceDefinition id="genericdesktop#1">
    <DisplayProperties>    
        <PropertySet>
            <Property name ="DisplayName" value="Desktop"/>
        </PropertySet>
        <IconFromFile>%windir%\system32\mstsc.exe</IconFromFile>
        
    </DisplayProperties>
    <ConnectionProperties>
        <PropertySet>
            <Property name ="remoteapplicationmode" value="false"/>
            <Property name ="desktopwidth" value="800"/>
            <Property name ="desktopheight" value="600"/>
            <Property name="screen_S_mode_S_id" value="Normal"/>
        </PropertySet>
    </ConnectionProperties>
</ResourceDefinition>
