﻿<?xml version="1.0" encoding="utf-8" ?>

<ResourceDefinition id="nonexist#1">
    <DisplayProperties>
        <PropertySet>
            <Property name ="DisplayName" value="App that does not exist"/>
        </PropertySet>
    </DisplayProperties>
    <ConnectionProperties>
        <PropertySet>
            <Property name ="alternate_S_shell" value="&quot;${ProgramFiles,ProgramFilesX86}\Microsoft Office\Office15\mulblefish.exe&quot;"/>
            <Property name ="remoteapplicationmode" value="true"/>
        </PropertySet>
    </ConnectionProperties>
</ResourceDefinition>
