﻿<?xml version="1.0" encoding="utf-8" ?>
<PropertySetDefinition class="ResourceAppBasicProperties" namespace="Ericom.MegaConnect.Runtime.XapApi" access="public" partial="true"
                       xmlns:xsi="http://www.w3.org/2001/XMLSchema-instance" xsi:noNamespaceSchemaLocation="..\..\EricomUtilities\GenericUtilities\PropertySetDefinition.xsd">

    <CustomTypes>
        <CustomType name="ItemDescriptor"/>
        <CustomType name="list(ItemDescriptor)"
                    code="List&lt;ItemDescriptor&gt;"
                    />
    </CustomTypes>
    
    <Section name="">
        <Section name="Basic Settings" displayName="Sections.BasicSettings" useSectionNamePrefix="false">
            <PropertyDefinition name="enabled" type="bool" computationMethods="literal" default="false" validation="typeOnly" />
            <PropertyDefinition name="name" type="string" computationMethods="literal" default="" validation="typeOnly" blankAllowed="false" />
            <PropertyDefinition name="location" type="string" computationMethods="literal" default="" validation="pathname" readonlyInUI="true" blankAllowed="false" />
            <PropertyDefinition name="working directory" type="string" computationMethods="literal" default="" validation="pathname" />
            <PropertyDefinition name="parameters" type="string" computationMethods="literal" default="" multiline="true" validation="typeOnly" />
            <PropertyDefinition name="description" type="string" computationMethods="literal" default="" multiline="true" validation="typeOnly" />
            <PropertyDefinition name="resource groups" type="list(ItemDescriptor)" computationMethods="literal" default="" validation="typeOnly" readonlyInUI="true" />
            <PropertyDefinition name="icon" type="string" computationMethods="literal" default="" validation="icon" blankAllowed="false"/>
            <PropertyDefinition name="ShortcutDesktop" type="bool" computationMethods="literal"  default="false" validation="typeOnly" visibleInUI="true" visibleInCommonUI="false" />
            <PropertyDefinition name="ShortcutMenuAccessPad" type="bool" computationMethods="literal"  default="false" validation="typeOnly" visibleInUI="false" visibleInCommonUI="false" />
            <PropertyDefinition name="ShortcutMenuProgram" type="bool" computationMethods="literal"  default="false" validation="typeOnly" visibleInUI="false" visibleInCommonUI="false" />
        </Section>
    </Section>
</PropertySetDefinition>

