<?xml version="1.0" encoding="utf-8"?>
<TranslatableMessageGroups xmlns:xsi="http://www.w3.org/2001/XMLSchema-instance" xsi:noNamespaceSchemaLocation="..\..\EricomUtilities\GenericUtilities\TranslatableMessages.xsd">
  <TranslatableMessages groupName="RuntimeClientServerInterfaceError" namespace="Ericom.Utilities.Generic" purpose="exception">
    <TranslatableMessage id="SystemAdminMemberWasntAssigned" parameters="" md5="92CA928E0ED3D7F4D9A5EF526EE93B2D">SystemAdmin member wasn't assigned</TranslatableMessage>
    <TranslatableMessage id="ExpressionDidNotReturnABoolean" parameters="" md5="B2B22C0741E853A903E98D96FCB9775D">Expression did not return a boolean</TranslatableMessage>
    <TranslatableMessage id="InvalidDefaultSuffix" parameters="" md5="BCEA5AFB0EC15827A03824A61D0362C4">Invalid DefaultSuffix</TranslatableMessage>
    <TranslatableMessage id="UserNameMustContainDomain" parameters="" md5="6B7C577936B2BA2952F0B05932C179B7">user name must contain domain</TranslatableMessage>
    <TranslatableMessage id="CustomActiveDirectoryRuleMustNotHaveAValue" parameters="" md5="C1A428FBCFABCF90ECB7A8CF128BB2B2">Custom active directory rule must not have a value</TranslatableMessage>
    <TranslatableMessage id="CustomActiveDirectoryRuleMustHaveAValue" parameters="" md5="2317CEA020FB82BDB78BEFE77BB238C5">Custom active directory rule must have a value</TranslatableMessage>
    <TranslatableMessage id="WeShouldHaveAReasonableValueForBindingGroupType" parameters="unknown/object" md5="C4F9140C439D9319A9C5CD41D146FDE9"> we should have a reasonable value for bindingGroupType:{0}</TranslatableMessage>
    <TranslatableMessage id="UnsupportedShareMode" parameters="unknown/object" md5="CDCE1FDE23F91C615BF7AD305A55401F">Unsupported ShareMode: {0}</TranslatableMessage>
    <TranslatableMessage id="MustInheritFromPropertySetOfSameType" parameters="unknown/String unknown/String" md5="BBA98572971FCD88546021509033396B">Must inherit from property set of same type: {0} - {1}</TranslatableMessage>
    <TranslatableMessage id="SpacePropertySetOfTypeNotProperlyInitialized" parameters="unknown/String" md5="8D2735024901CEAA6FC63E2C526E0117">SpacePropertySet of type {0} not properly initialized</TranslatableMessage>
    <TranslatableMessage id="RootMustBeTrueForAppDisplayProperties" parameters="" md5="B35D1830FF72CEA5C184BB621C1488C0">Root must be true for AppDisplayProperties</TranslatableMessage>
    <TranslatableMessage id="RootMustBeTrueForTenantProperties" parameters="" md5="71218230031D2F20242C6CCA16552125">Root must be true for TenantProperties</TranslatableMessage>
    <TranslatableMessage id="RootOfInheritanceTreeMustBeTrueForRadiusConfigurationProperties" parameters="" md5="DC9EA6C3EC15DFAA7CF958DBA1F965F2">rootOfInheritanceTree must be true for RadiusConfigurationProperties</TranslatableMessage>
    <TranslatableMessage id="UnableToContactDomain" parameters="unknown/String unknown/String" md5="9A6E8CB604DB3F711322E759BE7E5B5C">Unable to contact domain {0}: {1}</TranslatableMessage>
    <TranslatableMessage id="UserMustBeInUPNForm" parameters="unknown/String unknown/String" md5="659EF479399681E3C81F21B4E2DE52D4">User must be in UPN form. {0} ({1})</TranslatableMessage>
    <TranslatableMessage id="CannotFindUserInDomain" parameters="unknown/String unknown/String" md5="17CCE330F874515BF20334673AB104BB">Cannot find user {0} in domain {1}</TranslatableMessage>
    <TranslatableMessage id="CannotFindGroupIn" parameters="unknown/String unknown/String" md5="9757D78F53FA09CAC760A7F7C0D83A83">Cannot find group {0} in {1}</TranslatableMessage>
  </TranslatableMessages>
  <TranslatableMessages groupName="RuntimeClientServerInterfaceException" namespace="Ericom.Utilities.Generic" purpose="exception">
    <TranslatableMessage id="BindingGroupIdIsNotBoundToThisResourceGroupId" parameters="unknown/String unknown/String" md5="AA9607FE57750B5EBC6B78965BA4748F">BindingGroupId '{0}' is not bound to this resource group id='{1}'</TranslatableMessage>
    <TranslatableMessage id="ForLoggingSyntaxIsModulelevelmodulelevelMustHaveAModuleNamed" parameters="unknown/String unknown/String unknown/String" md5="01A5A01B32BDF6DEBC35EE6F9C6648BF">For '{0}': {1}Logging syntax is module=level[;module=level]*.  Must have a module named 'default'. Valid levels: {2}</TranslatableMessage>
  </TranslatableMessages>
</TranslatableMessageGroups>