<?xml version="1.0" encoding="utf-8"?>
<TranslatableMessageGroups xmlns:xsi="http://www.w3.org/2001/XMLSchema-instance" xsi:noNamespaceSchemaLocation="..\..\EricomUtilities\GenericUtilities\TranslatableMessages.xsd">
  <TranslatableMessages groupName="RuntimeClientServerInterface2_Net4Error" namespace="Ericom.Utilities.Generic" purpose="exception">
    <TranslatableMessage id="IdTooLong" parameters="unknown/String" md5="107F7EA18504A747449BD87A72211268">id too long. {0}</TranslatableMessage>
    <TranslatableMessage id="NotInitialized" parameters="" md5="A4A6F6CD9D8200BE1368F58F438B1419">Not initialized</TranslatableMessage>
    <TranslatableMessage id="DoNotHaveAnEventToLog" parameters="" md5="550F8AA03712DE261ADF360F649D4382">Do not have an event to log</TranslatableMessage>
    <TranslatableMessage id="LogFilterFunctionNotSet" parameters="" md5="0A17087BBBF134E2C47CC54E760F2557">Log filter function not set</TranslatableMessage>
    <TranslatableMessage id="ConfigInitMustOnlyBeCalledOnce" parameters="" md5="3B46A1BBBE38CFA066901FA208087CD6">Config.Init() must only be called once.</TranslatableMessage>
    <TranslatableMessage id="ModuleNameMustNotBeNull" parameters="" md5="5B6F2444765D05347BAFA39FC80F5BBD">Module name must not be null</TranslatableMessage>
    <TranslatableMessage id="ExpectedRestriction" parameters="" md5="DAEB3F30C9BAF9C342C916F8D0163583">Expected - Restriction</TranslatableMessage>
  </TranslatableMessages>
</TranslatableMessageGroups>