<?xml version="1.0" encoding="utf-8"?>
<TranslatableMessageGroups xmlns:xsi="http://www.w3.org/2001/XMLSchema-instance" xsi:noNamespaceSchemaLocation="..\..\EricomUtilities\GenericUtilities\TranslatableMessages.xsd">
  <TranslatableMessages namespace="Ericom.Utilities.Generic" groupName="System.Security.Cryptography.X509Certificates.X509FindType" purpose="ui">
    <TranslatableMessage id="FindByThumbprint" md5="4DFAB8CAB044140D91F045EA3169CAC8">Find By Thumbprint</TranslatableMessage>
    <TranslatableMessage id="FindBySubjectName" md5="AE513717B5D4EA8D9E89BACC73CCD693">Find By SubjectName</TranslatableMessage>
    <TranslatableMessage id="FindBySubjectDistinguishedName" md5="4E6B5A9CB0964D182D6BC3AC840AB4C1">Find By Subject Distinguished Name</TranslatableMessage>
    <TranslatableMessage id="FindByIssuerName" md5="8C41C714AAE3602EE68EC8A02165F1E1">Find By Issuer Name</TranslatableMessage>
    <TranslatableMessage id="FindByIssuerDistinguishedName" md5="2452EF2306B60903F05F40C8D9DC10E8">Find By Issuer Distinguished Name</TranslatableMessage>
    <TranslatableMessage id="FindBySerialNumber" md5="C2F4E4613F91384352F0B923383D56A0">Find By Serial Number</TranslatableMessage>
    <TranslatableMessage id="FindByTimeValid" md5="4023DFC7BCF017BF240C51350CC97F5C">Find By Time Valid</TranslatableMessage>
    <TranslatableMessage id="FindByTimeNotYetValid" md5="EED8A0D880E5AC2D168D7646BD9F816B">Find By Time Not Yet Valid</TranslatableMessage>
    <TranslatableMessage id="FindByTimeExpired" md5="5788C62DD450D0C9A7D9C50D78A3BFD0">Find By Time Expired</TranslatableMessage>
    <TranslatableMessage id="FindByTemplateName" md5="D8FBF7976845AFB3E3B16CF7D2435133">Find By Template Name</TranslatableMessage>
    <TranslatableMessage id="FindByApplicationPolicy" md5="3185CC02D9BDDE106C0E54A9F8CAD9E7">Find By Application Policy</TranslatableMessage>
    <TranslatableMessage id="FindByCertificatePolicy" md5="3CB3B047815A38E3EC9EAD281065CF9C">Find By Certificate Policy</TranslatableMessage>
    <TranslatableMessage id="FindByExtension" md5="ECD0E3FB56FF91576FBA3D6427DB3088">Find By Extension</TranslatableMessage>
    <TranslatableMessage id="FindByKeyUsage" md5="491326D09F78C5C5132B0BBC377AB9F5">Find By Key Usage</TranslatableMessage>
    <TranslatableMessage id="FindBySubjectKeyIdentifier" md5="8831EAA355AA6204DB640218B1668CF3">Find By Subject Key Identifier</TranslatableMessage>
  </TranslatableMessages>
  <TranslatableMessages namespace="Ericom.Utilities.Generic" groupName="Ericom.MegaConnect.Runtime.XapApi.RemoteHostMembershipComputation" purpose="ui">
    <TranslatableMessage id="Explicit" md5="9E7808A81ABFEF7DC7077CFF5976F0AE">Explicit</TranslatableMessage>
    <TranslatableMessage id="AllRemoteHosts" md5="8FF50ABC22F64DE2D219E92AE8D1FA9D">All Remote Hosts</TranslatableMessage>
  </TranslatableMessages>
  <TranslatableMessages namespace="Ericom.Utilities.Generic" groupName="Ericom.MegaConnect.Runtime.XapApi.RemoteHostConnectWith" purpose="ui">
    <TranslatableMessage id="DomainQualifiedHostName" md5="A147B613A4CF84EEB92CEDE81EBAB4AB">Domain Qualified Host Name</TranslatableMessage>
    <TranslatableMessage id="HostName" md5="5F0135841FFCF40DD2F0FAFF933A02B0">Host Name</TranslatableMessage>
    <TranslatableMessage id="StaticIpAddress" md5="3EFCAD5020F06D911E8C5DA6A2C0CDA4">Static Ip Address</TranslatableMessage>
    <TranslatableMessage id="Dynamic" md5="4569EF49F8F6D5464DB4F2CAB6E8D755">Dynamic</TranslatableMessage>
  </TranslatableMessages>
  <TranslatableMessages namespace="Ericom.Utilities.Generic" groupName="Ericom.MegaConnect.Runtime.XapApi.RemoteHostResourceBindingStatus" purpose="ui">
    <TranslatableMessage id="None" md5="156EF32B04D511039CBD9603B5280DBB">None</TranslatableMessage>
    <TranslatableMessage id="Enabled" md5="C74963A704F64B66D77AA53AC0FDE690">Enabled</TranslatableMessage>
    <TranslatableMessage id="Disabled" md5="863138225F0C130671DBE62F05BA0749">Disabled</TranslatableMessage>
  </TranslatableMessages>
  <TranslatableMessages namespace="Ericom.Utilities.Generic" groupName="Ericom.MegaConnect.Runtime.XapApi.BindingGroupType" purpose="ui">
    <TranslatableMessage id="Unset" md5="18E6D88BFFCC78AD4513F7804FCF99F8">Unset</TranslatableMessage>
    <TranslatableMessage id="User" md5="B4AC3C690267069FCB7E084B2552E931">User</TranslatableMessage>
    <TranslatableMessage id="Group" md5="782743F1529D5384B5C3C8AFE48ECBC4">Group</TranslatableMessage>
    <TranslatableMessage id="All" md5="CDA01088D7D36E892C265A86444CAE89">All</TranslatableMessage>
    <TranslatableMessage id="AllInDomain" md5="F09F1A8D19F3579352DABB5E31481CB6">All In Domain</TranslatableMessage>
    <TranslatableMessage id="Custom" md5="42465F1271328251F0A164E3E2272BBA">Custom</TranslatableMessage>
  </TranslatableMessages>
  <TranslatableMessages namespace="Ericom.Utilities.Generic" groupName="Ericom.MegaConnect.Runtime.XapApi.MsRdpScreenModeId" purpose="ui">
    <TranslatableMessage id="Normal" md5="B1805FBEE51D3643DF3856099B42D50F">Normal</TranslatableMessage>
    <TranslatableMessage id="FullScreen" md5="954082518FEA91BF389A1ED3BEFFB0F1">Full Screen</TranslatableMessage>
  </TranslatableMessages>
  <TranslatableMessages namespace="Ericom.Utilities.Generic" groupName="Ericom.MegaConnect.Runtime.XapApi.MsRdpDisplayConnectionBar" purpose="ui">
    <TranslatableMessage id="No" md5="F8F06480B128D187067BF28EEB2FC576">No</TranslatableMessage>
    <TranslatableMessage id="Yes" md5="E5A2E318CEED637A86B492ECB02E7DC3">Yes</TranslatableMessage>
    <TranslatableMessage id="Pinned" md5="A70B821DCE1938DB5EECEB223445C4A6">Pinned</TranslatableMessage>
  </TranslatableMessages>
  <TranslatableMessages namespace="Ericom.Utilities.Generic" groupName="Ericom.MegaConnect.Runtime.XapApi.MsRdpAudioMode" purpose="ui">
    <TranslatableMessage id="PlayOnClient" md5="C7B20CF5F522B4AB89D2D86C8A59AF0E">Play On Client</TranslatableMessage>
    <TranslatableMessage id="PlayOnServer" md5="0BA0BAAD26B4149F75AA3F32CFAF596E">Play On Server</TranslatableMessage>
    <TranslatableMessage id="DontPlay" md5="79280E131B5C7743A5E3C942676845FE">Don't Play</TranslatableMessage>
  </TranslatableMessages>
  <TranslatableMessages namespace="Ericom.Utilities.Generic" groupName="Ericom.MegaConnect.Runtime.XapApi.MsRdpKbdHookMode" purpose="ui">
    <TranslatableMessage id="Local" md5="25CD273C07C8FADD7BD2468558EDFB81">Local</TranslatableMessage>
    <TranslatableMessage id="Remote" md5="3AA6DB62BE7042FE65F3A7FE7BB85F2F">Remote</TranslatableMessage>
    <TranslatableMessage id="FullScreen" md5="954082518FEA91BF389A1ED3BEFFB0F1">Full Screen</TranslatableMessage>
  </TranslatableMessages>
  <TranslatableMessages namespace="Ericom.Utilities.Generic" groupName="Ericom.MegaConnect.Runtime.XapApi.MsRdpAudioCaptureMode" purpose="ui">
    <TranslatableMessage id="DontRecord" md5="67BC0E5B53EB8675DB4F3EC24AFFFA2D">Don't Record</TranslatableMessage>
    <TranslatableMessage id="RecordLocal" md5="B208F7096A6C72AC84E849614C432AA9">Record Local</TranslatableMessage>
  </TranslatableMessages>
  <TranslatableMessages namespace="Ericom.Utilities.Generic" groupName="Ericom.MegaConnect.Runtime.XapApi.RdpRedirectPrinters" purpose="ui">
    <TranslatableMessage id="Off" md5="BA79A4339520A1AFD64A094C0C75E440">Off</TranslatableMessage>
    <TranslatableMessage id="Native" md5="0F488DE08E0C3B8C4B36FAF599EB900C">Native</TranslatableMessage>
    <TranslatableMessage id="Universal" md5="EB506AA2A8EB3306A377B17F4A02F3E6">Universal</TranslatableMessage>
    <TranslatableMessage id="Both" md5="96D4F5DBD36B46846565C4BD2A4EF9B9">Both</TranslatableMessage>
  </TranslatableMessages>
  <TranslatableMessages namespace="Ericom.Utilities.Generic" groupName="Ericom.MegaConnect.Runtime.XapApi.MsRdpAuthFailMode" purpose="ui">
    <TranslatableMessage id="DontWarn" md5="0936111633207B968520B422A0610EEE">Don't Warn</TranslatableMessage>
    <TranslatableMessage id="DontConnect" md5="979A558012B0840FB189305F64969466">Don't Connect</TranslatableMessage>
    <TranslatableMessage id="Warn" md5="E39CCF859B72B7C4ED42C6EFD72DCB5E">Warn</TranslatableMessage>
  </TranslatableMessages>
  <TranslatableMessages namespace="Ericom.Utilities.Generic" groupName="Ericom.MegaConnect.Runtime.XapApi.ShowWindowType" purpose="ui">
    <TranslatableMessage id="Minimized" md5="A38FED6D131EDEE5C00710984A38E62C">Minimized</TranslatableMessage>
    <TranslatableMessage id="Normal" md5="B1805FBEE51D3643DF3856099B42D50F">Normal</TranslatableMessage>
    <TranslatableMessage id="Maximized" md5="A020F868BF0F9733221A2B4A8A3F7F2C">Maximized</TranslatableMessage>
  </TranslatableMessages>
  <TranslatableMessages namespace="Ericom.Utilities.Generic" groupName="Ericom.MegaConnect.Runtime.XapApi.RdpRedirectClipboard" purpose="ui">
    <TranslatableMessage id="Off" md5="BA79A4339520A1AFD64A094C0C75E440">Off</TranslatableMessage>
    <TranslatableMessage id="Enabled" md5="C74963A704F64B66D77AA53AC0FDE690">Enabled</TranslatableMessage>
    <TranslatableMessage id="ToHostOnly" md5="57221C9798ADB7E0C226A224B23030DA">To Host Only</TranslatableMessage>
    <TranslatableMessage id="FromHostOnly" md5="4502DC0046BB61F324823D22F94064B4">From Host Only</TranslatableMessage>
  </TranslatableMessages>
  <TranslatableMessages namespace="Ericom.Utilities.Generic" groupName="Ericom.MegaConnect.Runtime.XapApi.MonitorForRemoteSession" purpose="ui">
    <TranslatableMessage id="Current" md5="6DAAA0CBCA602A184FD4DB3701E3B211">Current</TranslatableMessage>
    <TranslatableMessage id="UseAll" md5="B0678175AF5B043A70D224B86DEA26FF">Use All</TranslatableMessage>
    <TranslatableMessage id="SpanAll" md5="8B3DA2C560FAF10B2A34DC0C9313D6D5">Span All</TranslatableMessage>
    <TranslatableMessage id="Monitor3" md5="C7244687490BB3BAF519D659502E722F">Monitor 3</TranslatableMessage>
    <TranslatableMessage id="Monitor2" md5="D6A2958544D035600731E89BA25A78E3">Monitor 2</TranslatableMessage>
    <TranslatableMessage id="Monitor1" md5="6232C5029AEE1E0D408AFB51016413FE">Monitor 1</TranslatableMessage>
  </TranslatableMessages>
  <TranslatableMessages namespace="Ericom.Utilities.Generic" groupName="Ericom.MegaConnect.Runtime.XapApi.RdpNetworkTypes" purpose="ui">
    <TranslatableMessage id="None" md5="156EF32B04D511039CBD9603B5280DBB">None</TranslatableMessage>
    <TranslatableMessage id="Modem" md5="588C3E54030616B2A13B9F01C22F3CE6">Modem</TranslatableMessage>
    <TranslatableMessage id="BroadbandLow" md5="5578F1B4566CEBA64BA1A66F7699E55A">Broadband Low</TranslatableMessage>
    <TranslatableMessage id="Satellite" md5="07B09DB64140172D07A53AA7DECC3DCE">Satellite</TranslatableMessage>
    <TranslatableMessage id="BroadbandHigh" md5="1CF5B0EBC45CA6575967F92780865DC8">Broadband High</TranslatableMessage>
    <TranslatableMessage id="Wan" md5="C3A9445AED4B314DA645D64AFC24526E">WAN</TranslatableMessage>
    <TranslatableMessage id="Lan" md5="4C5C676843BCBE365540B91E0FCB9F5B">LAN</TranslatableMessage>
    <TranslatableMessage id="AutoDetect" md5="2C7F58B7BD75ED5927840E7D99E20EE9">Auto Detect</TranslatableMessage>
  </TranslatableMessages>
  <TranslatableMessages namespace="Ericom.Utilities.Generic" groupName="Ericom.MegaConnect.Runtime.XapApi.ApplicationClientType" purpose="ui">
    <TranslatableMessage id="QuickVNC" md5="509AADFC6F49602C5A838478C4EBD425">Quick VNC</TranslatableMessage>
    <TranslatableMessage id="HostView" md5="2F49D388BA5574B08B7A282196C439D1">Host View</TranslatableMessage>
    <TranslatableMessage id="RemoteView" md5="E011253E023B63937B84C54ACA62AC8A">Remote View</TranslatableMessage>
    <TranslatableMessage id="HostViewDBCS" md5="0F19E514B73663BADE226B29CBCF1F67">Host View DBCS</TranslatableMessage>
  </TranslatableMessages>
  <TranslatableMessages namespace="Ericom.Utilities.Generic" groupName="Ericom.MegaConnect.Runtime.XapApi.MsRdpSessionBpp" purpose="ui">
    <TranslatableMessage id="HighColor15Bit" md5="BC52200D24FCD559292DFBF98A434541">High Color 15 Bit</TranslatableMessage>
    <TranslatableMessage id="HighColor16Bit" md5="822A211DA1D5FF91939397293A729BD8">High Color 16 Bit</TranslatableMessage>
    <TranslatableMessage id="TrueColor24Bit" md5="907E79CDEB67E644502598C4AFCCCD39">True Color 24 Bit</TranslatableMessage>
    <TranslatableMessage id="HighestQuality32Bit" md5="CF93FBE03B6138391D7E1F00030CA457">Highest Quality 32 Bit</TranslatableMessage>
  </TranslatableMessages>
  <TranslatableMessages namespace="Ericom.Utilities.Generic" groupName="Ericom.MegaConnect.Runtime.XapApi.SeamlessType" purpose="ui">
    <TranslatableMessage id="Microsoft" md5="AC5EB4EDD2FA9CDBB840DAB445AF8B44">Microsoft</TranslatableMessage>
    <TranslatableMessage id="Ericom" md5="836D0E233863A1FA7A172C8D8BAB6EA7">Ericom</TranslatableMessage>
  </TranslatableMessages>
  <TranslatableMessages namespace="Ericom.Utilities.Generic" groupName="Ericom.MegaConnect.Runtime.XapApi.LoginNameStyle" purpose="ui">
    <TranslatableMessage id="AsLoggedIn" md5="8E39E1F56AA01F89666A02AECD99E615">Same as Logged In</TranslatableMessage>
    <TranslatableMessage id="UserPrincipalName" md5="C9F120DC54823FDBFDF276CF6F887595">User Principal Name</TranslatableMessage>
    <TranslatableMessage id="DownLevelLogonName" md5="F3B166A2D6F01EEF337C2DC4AD220CE4">Down Level Logon Name</TranslatableMessage>
  </TranslatableMessages>
  <TranslatableMessages namespace="Ericom.Utilities.Generic" groupName="Ericom.MegaConnect.Runtime.XapApi.BlazeImageQuality" purpose="ui">
    <TranslatableMessage id="Fair" md5="D6AC1ACC66B5D48B0255915B722656AB">Fastest / Fair Quality</TranslatableMessage>
    <TranslatableMessage id="Good" md5="31CD5885CC2F04D0A9443040BED98CAF">Very Fast / Good Quality (Recommended)</TranslatableMessage>
    <TranslatableMessage id="High" md5="C7B9021C3E25BD5D2E81252995A281B0">Fast / High Quality</TranslatableMessage>
    <TranslatableMessage id="Best" md5="8FFC8FF077D10DAC22B494470869E9CE">Good / Very High Quality</TranslatableMessage>
    <TranslatableMessage id="Lossless" md5="73816C2928637A52E7AF7AE8319E0BB7">Moderate / Highest Quality (Lossless)</TranslatableMessage>
    <TranslatableMessage id="Low" md5="6D864840AFFD5A0A0FFD812C5BC6CF59">Low</TranslatableMessage>
  </TranslatableMessages>
  <TranslatableMessages namespace="Ericom.Utilities.Generic" groupName="Ericom.Utilities.Generic.RadiusAuthenticationLayer+AuthMethod" purpose="ui">
    <TranslatableMessage id="Password" md5="FCD9449DF6E7E5ADAA69B9CF32860E14">Password</TranslatableMessage>
    <TranslatableMessage id="Passcode" md5="DCC9D17BCBC4DBBD3A58422AA887D725">Passcode</TranslatableMessage>
    <TranslatableMessage id="PasswordAndPasscode" md5="36EB3E0EDDA336B5B3383AA51178C660">Password And Passcode</TranslatableMessage>
    <TranslatableMessage id="PasscodeAndPassword" md5="6C8C37702A207FD39BDCAB161622DBAD">Passcode And Password</TranslatableMessage>
  </TranslatableMessages>
  <TranslatableMessages namespace="Ericom.Utilities.Generic" groupName="Ericom.Utilities.Generic.RadiusAuthenticationLayer+Mode" purpose="ui">
    <TranslatableMessage id="Production" md5="79DA29316786935C9D228E1ACF692F8E">Production</TranslatableMessage>
    <TranslatableMessage id="ProductionDebug" md5="D4FCF27EB283AB89ABADD9C19DC1FA88">Production Debug</TranslatableMessage>
    <TranslatableMessage id="UnitTest" md5="9AD024A26DBD3AB0833561B06A0EB353">Unit Test</TranslatableMessage>
  </TranslatableMessages>
  <TranslatableMessages namespace="Ericom.Utilities.Generic" groupName="Ericom.MegaConnect.Runtime.XapApi.LicenseStatus" purpose="ui">
    <TranslatableMessage id="LicenseValid" md5="D32FE7E3455761E9D892A66E75A6B218">License Valid</TranslatableMessage>
    <TranslatableMessage id="LicenseInvalid" md5="D84F192B1F3BC059B1E7CB14EBFF6F62">License Invalid</TranslatableMessage>
    <TranslatableMessage id="LicenseCorrupted" md5="1A1632DF39816EC46D6D2F33B6D592CD">License Corrupted</TranslatableMessage>
    <TranslatableMessage id="LicenseExpired" md5="EDFEE424864CD581FB1BB83121204966">License Expired</TranslatableMessage>
    <TranslatableMessage id="LicenseUnlicensed" md5="01B90725D8BCB57CA4970BFFB7B9CD6C">License Unlicensed</TranslatableMessage>
    <TranslatableMessage id="LicenseCannotBeVerified" md5="A2B225C04FF3B89C27CA22CFDE6A242E">License Cannot Be Verified</TranslatableMessage>
    <TranslatableMessage id="LicenseInvalidGridName" md5="9CF2C4ADD43C6F2101D5EF20B1DD6EE0">License Invalid due to incorrect GridName</TranslatableMessage>
    <TranslatableMessage id="LicenseInvalidDemoExpired" md5="DC1CB8877CC586C8930F2A2589953C4B">License Invalid since the demo has expired</TranslatableMessage>
    <TranslatableMessage id="LicenseInvalidDemoMaxSessions" md5="E819B8B35B0DD7BCBCF9DCE4638C19D6">License Invalid due to demo max sessions exceeded</TranslatableMessage>
    <TranslatableMessage id="LicenseInvalidTestExpiration" md5="0B1F0B834D07C8D59151020B2BBEA205">License Invalid due to test expiration</TranslatableMessage>
  </TranslatableMessages>
  <TranslatableMessages namespace="Ericom.Utilities.Generic" groupName="Ericom.MegaConnect.Runtime.XapApi.LicenseType" purpose="ui">
    <TranslatableMessage id="Demo" md5="32CE613CDDC495B38DBAC555E4F39FA6">Demo</TranslatableMessage>
    <TranslatableMessage id="Issued" md5="6D87996E9F0123698A28389342109721">Issued</TranslatableMessage>
    <TranslatableMessage id="Test" md5="8E06915D5F5D4F8754F51892D884C477">Test</TranslatableMessage>
    <TranslatableMessage id="Unknown" md5="AEA4110BC80AA3F6CB0C220EAFBC7805">Unknown</TranslatableMessage>
  </TranslatableMessages>
  <TranslatableMessages namespace="Ericom.Utilities.Generic" groupName="Ericom.MegaConnect.Runtime.XapApi.EditionType" purpose="ui">
    <TranslatableMessage id="Enterprise" md5="1218EAF026BBFB946E6D142536C3C947">Enterprise</TranslatableMessage>
    <TranslatableMessage id="Professional" md5="E52C6A922A7EF290F458070BB80B9494">Professional</TranslatableMessage>
    <TranslatableMessage id="Unknown" md5="AEA4110BC80AA3F6CB0C220EAFBC7805">Unknown</TranslatableMessage>
  </TranslatableMessages>
  <TranslatableMessages namespace="Ericom.Utilities.Generic" groupName="Ericom.MegaConnect.Runtime.XapApi.CcSystemState" purpose="ui">
    <TranslatableMessage id="Error" md5="847F9DCE3478DB6F05BC5BE39852B375">Error</TranslatableMessage>
    <TranslatableMessage id="Preinitializing" md5="DEEFCDB35CD23A86DC5495CDB34123A2">Pre-initializing</TranslatableMessage>
    <TranslatableMessage id="Initializing" md5="F0BB1114DD87EA9B81B52B4A33B65562">Initializing</TranslatableMessage>
    <TranslatableMessage id="WaitingForBootstrapData" md5="C7AFB1E530168AF9EB12F87AE9B96E86">Waiting For Bootstrap Data</TranslatableMessage>
    <TranslatableMessage id="Running" md5="1350ACCF79B72BBA9EDD84C15397A0A6">Running</TranslatableMessage>
    <TranslatableMessage id="Paused" md5="7E7778A17A5B6828EA4B6B67D359B54A">Paused</TranslatableMessage>
    <TranslatableMessage id="ShuttingDown" md5="289C3E8390CD27DDE3EA8F03473DCA3B">Shutting Down</TranslatableMessage>
    <TranslatableMessage id="BackupPartition" md5="C9CFA1C4D2472452051296C8B68C35B1">Backup Partition</TranslatableMessage>
  </TranslatableMessages>
  <TranslatableMessages namespace="Ericom.Utilities.Generic" groupName="Ericom.MegaConnect.Runtime.XapApi.RemoteHostState" purpose="ui">
    <TranslatableMessage id="None" md5="156EF32B04D511039CBD9603B5280DBB">None</TranslatableMessage>
    <TranslatableMessage id="Registered" md5="A94A69947566376C73425CC375948508">Pre-Registered</TranslatableMessage>
    <TranslatableMessage id="Running" md5="1350ACCF79B72BBA9EDD84C15397A0A6">Running</TranslatableMessage>
    <TranslatableMessage id="Stopped" md5="B08EF2FCFEB442E1147144456FA82966">Stopped</TranslatableMessage>
    <TranslatableMessage id="LostContact" md5="959517F91397BE82BCEAA537E1FA926C">Lost Contact</TranslatableMessage>
    <TranslatableMessage id="PermanentlyDisconnected" md5="ACEF9E2054472DEDB0B3634013FE9E8A">Permanently Disconnected</TranslatableMessage>
    <TranslatableMessage id="TemporarilyDisconnected" md5="B1A49EDC130801FF19451414B93447C5">Temporarily Disconnected</TranslatableMessage>
  </TranslatableMessages>
  <TranslatableMessages namespace="Ericom.Utilities.Generic" groupName="Ericom.MegaConnect.Runtime.XapApi.AccessServerInfoState" purpose="ui">
    <TranslatableMessage id="Error" md5="847F9DCE3478DB6F05BC5BE39852B375">Error</TranslatableMessage>
    <TranslatableMessage id="NotInstalled" md5="8268F5422FCF27ACC2EE8D1714950D17">Not Installed</TranslatableMessage>
    <TranslatableMessage id="NotRunning" md5="0DF835B3A8D196F5286D32E040D99FD2">Not Running</TranslatableMessage>
    <TranslatableMessage id="NotResponding" md5="A2F820809BFA1C1C83685372DE5C9EFC">Not Responding</TranslatableMessage>
    <TranslatableMessage id="OK" md5="A2CE4C7B743725199DA04033B5B57469">OK</TranslatableMessage>
    <TranslatableMessage id="Unknown" md5="AEA4110BC80AA3F6CB0C220EAFBC7805">Unknown</TranslatableMessage>
  </TranslatableMessages>
  <TranslatableMessages namespace="Ericom.Utilities.Generic" groupName="PropertySetInheritedFrom" purpose="ui">
    <TranslatableMessage id="BuiltInDefault" md5="63F4C311F1BFC3016AD3339A3553FD2C">Built in Default</TranslatableMessage>
    <TranslatableMessage id="SpecifiedLocally" md5="C99F7DC206356BE977F3E33A2F927523">Specified Locally</TranslatableMessage>
    <TranslatableMessage id="NotInheritable" md5="63ED3A375E62DA79B410C0E4F564C949">Not Inheritable</TranslatableMessage>
  </TranslatableMessages>
  <TranslatableMessages namespace="Ericom.Utilities.Generic" groupName="Ericom.Utilities.Generic.DrainModes" purpose="ui">
    <TranslatableMessage id="AllowAllConnections" md5="2501B66AF9DDB22EB8EA0053A56397FC">Allow All Connections</TranslatableMessage>
    <TranslatableMessage id="NoNewLogonsUntilRestart" md5="23A18E8170188D9A55F03B1490DE4508">No New Logons Until Restart</TranslatableMessage>
    <TranslatableMessage id="NoNewLogons" md5="A275FA99A3B885F491E1A34263FE25D5">No New Logons</TranslatableMessage>
    <TranslatableMessage id="StationDisabled" md5="21B069512027E83364417523176CD743">Station Disabled</TranslatableMessage>
  </TranslatableMessages>
  <TranslatableMessages namespace="Ericom.Utilities.Generic" groupName="Ericom.Utilities.Generic.DriveTypes" purpose="ui">
    <TranslatableMessage id="Unknown" md5="AEA4110BC80AA3F6CB0C220EAFBC7805">Unknown</TranslatableMessage>
    <TranslatableMessage id="No_Root_Directory" md5="C2F3D3E6FEEA7E959EAB757488D9EEA9">No Root Directory</TranslatableMessage>
    <TranslatableMessage id="Removable_Disk" md5="0D7AC4876F72E16148AD5C3C4FBF7700">Removable Disk</TranslatableMessage>
    <TranslatableMessage id="Local_Disk" md5="FECF61AE7BB9A3AF189A56A3E5AD793B">Local Disk</TranslatableMessage>
    <TranslatableMessage id="Network_Drive" md5="94B5486A56DDD461722B5EBBB54DDB25">Network Drive</TranslatableMessage>
    <TranslatableMessage id="Compact_Disc" md5="9B5D1B54AE1CAFA3CBAE497BF1FA233E">Compact Disc</TranslatableMessage>
    <TranslatableMessage id="RAM_Disk" md5="E573F82F67FD427407DFE064A9E87790">RAM Disk</TranslatableMessage>
  </TranslatableMessages>
  <TranslatableMessages namespace="Ericom.Utilities.Generic" groupName="Ericom.MegaConnect.Runtime.XapApi.TraceLevel" purpose="ui">
    <TranslatableMessage id="Off" md5="BA79A4339520A1AFD64A094C0C75E440">Off</TranslatableMessage>
    <TranslatableMessage id="Fatal" md5="E3025E62A54E3DE035287245601F4C3D">Fatal</TranslatableMessage>
    <TranslatableMessage id="Error" md5="847F9DCE3478DB6F05BC5BE39852B375">Error</TranslatableMessage>
    <TranslatableMessage id="Warn" md5="E39CCF859B72B7C4ED42C6EFD72DCB5E">Warn</TranslatableMessage>
    <TranslatableMessage id="Info" md5="EC21AEF0E32BDFAFD671387FDA865EB1">Info</TranslatableMessage>
    <TranslatableMessage id="Debug" md5="41418349C76450445CC2D58243F955AA">Debug</TranslatableMessage>
    <TranslatableMessage id="Verbose" md5="56BB77A73F30D4EC08D2C9408459F3CC">Verbose</TranslatableMessage>
  </TranslatableMessages>
  <TranslatableMessages namespace="Ericom.Utilities.Generic" groupName="Ericom.MegaConnect.Runtime.XapApi.StandaloneServerState" purpose="ui">
    <TranslatableMessage id="Uninitialized" md5="E32EC307923F844439A2456DC915A824">Uninitialized</TranslatableMessage>
    <TranslatableMessage id="Registered" md5="39D1D7DAC6F749EC921C4F6F2FBAE3B9">Registered</TranslatableMessage>
    <TranslatableMessage id="Running" md5="1350ACCF79B72BBA9EDD84C15397A0A6">Running</TranslatableMessage>
    <TranslatableMessage id="UnableToFunction" md5="7D37107C24E3CD5602C8AE6BF4E8D530">Unable To Function</TranslatableMessage>
    <TranslatableMessage id="Stopped" md5="B08EF2FCFEB442E1147144456FA82966">Stopped</TranslatableMessage>
    <TranslatableMessage id="LostContact" md5="959517F91397BE82BCEAA537E1FA926C">Lost Contact</TranslatableMessage>
    <TranslatableMessage id="DisconnectedPermanently" md5="ACEF9E2054472DEDB0B3634013FE9E8A">Permanently Disconnected</TranslatableMessage>
    <TranslatableMessage id="PermanentlyDisconnected" md5="ACEF9E2054472DEDB0B3634013FE9E8A">Permanently Disconnected</TranslatableMessage>
    <TranslatableMessage id="TemporarilyDisconnected" md5="B1A49EDC130801FF19451414B93447C5">Temporarily Disconnected</TranslatableMessage>
  </TranslatableMessages>
  <TranslatableMessages namespace="Ericom.Utilities.Generic" groupName="Ericom.Utilities.Generic.WTS_CONNECTSTATE_CLASS" purpose="ui">
    <TranslatableMessage id="WTSActive" md5="F441188D5F969BF3D3844B4EDA0F9DAC">Active</TranslatableMessage>
    <TranslatableMessage id="WTSConnected" md5="BB74119A8FCBBDC9282E778EC1C72753">Connected</TranslatableMessage>
    <TranslatableMessage id="WTSConnectQuery" md5="F4B407AAF2A0B7654F83F3CDFFE753C1">Connect Query</TranslatableMessage>
    <TranslatableMessage id="WTSShadow" md5="ABFD91C0719084309C136EEDAF7D6F33">Shadow</TranslatableMessage>
    <TranslatableMessage id="WTSDisconnected" md5="19CB714F1F507BBA51D3BECB4707D87B">Disconnected</TranslatableMessage>
    <TranslatableMessage id="WTSIdle" md5="79FD9CBF04BDF8FD556C22D3C5F159DB">Idle</TranslatableMessage>
    <TranslatableMessage id="WTSListen" md5="D3EEFFD605AFE1849D213F623C1FC661">Listen</TranslatableMessage>
    <TranslatableMessage id="WTSReset" md5="2C90CF807A6986597E5F00CDC090685F">Reset</TranslatableMessage>
    <TranslatableMessage id="WTSDown" md5="229C7763B566F7FC188DCE8E3D359805">Down</TranslatableMessage>
    <TranslatableMessage id="WTSInit" md5="D7F400549EB345C13E6D1B966F3FCDFA">Init</TranslatableMessage>
    <TranslatableMessage id="WTSLoggOff" md5="53FDC0CA5CA6FBFD84C7E078191614C1">Logoff</TranslatableMessage>
    <TranslatableMessage id="None" md5="156EF32B04D511039CBD9603B5280DBB">None</TranslatableMessage>
  </TranslatableMessages>
  <TranslatableMessages namespace="Ericom.Utilities.Generic" groupName="Ericom.MegaConnect.Runtime.XapApi.SystemRoles" purpose="ui">
    <TranslatableMessage id="None" md5="156EF32B04D511039CBD9603B5280DBB">None</TranslatableMessage>
    <TranslatableMessage id="BuiltIn" md5="99F3D6D7AB77475CBC1BC65004E6FF6B">BuiltIn</TranslatableMessage>
    <TranslatableMessage id="TenantDashboard" md5="2D7C4C845895819E9D629A51988D8328">Dashboard</TranslatableMessage>
    <TranslatableMessage id="SysadminDiagnostics" md5="7D9D7AA2AF9FB667702ED8162DC6F87C">Sysadmin Diagnostics</TranslatableMessage>
    <TranslatableMessage id="TenantReports" md5="D09A8981CE38355BB49B9BE1573DB2A1">Reports</TranslatableMessage>
    <TranslatableMessage id="SysadminSystemConfigurationRo" md5="04FC9D6DD96FA2C657B5597AF6C93F1F">System Configuration *</TranslatableMessage>
    <TranslatableMessage id="SysadminSystemConfigurationRw" md5="04FC9D6DD96FA2C657B5597AF6C93F1F">System Configuration *</TranslatableMessage>
    <TranslatableMessage id="TenantResourcePublishingRo" md5="CFD801FF99507BAB95EB4435553D5C35">Publish</TranslatableMessage>
    <TranslatableMessage id="TenantResourcePublishingRw" md5="CFD801FF99507BAB95EB4435553D5C35">Publish</TranslatableMessage>
    <TranslatableMessage id="SysadminComponentConfigurationRo" md5="DABAA0ECD1203333460C5EBE0C1673F4">Connect Services *</TranslatableMessage>
    <TranslatableMessage id="SysadminComponentConfigurationRw" md5="DABAA0ECD1203333460C5EBE0C1673F4">Connect Services *</TranslatableMessage>
    <TranslatableMessage id="TenantEndUserConfigurationRo" md5="0FC0DAF6C115D6363A74F2905FC48C78">Users</TranslatableMessage>
    <TranslatableMessage id="TenantEndUserConfigurationRw" md5="0FC0DAF6C115D6363A74F2905FC48C78">Users</TranslatableMessage>
    <TranslatableMessage id="SysadminGridConfigurationRo" md5="CB7E1EBE325031569F834955F10121B0">Sysadmin Grid Configuration *</TranslatableMessage>
    <TranslatableMessage id="SysadminGridConfigurationRw" md5="CB7E1EBE325031569F834955F10121B0">Sysadmin Grid Configuration *</TranslatableMessage>
    <TranslatableMessage id="SysadminTenantManagementRo" md5="7B2F3BF69C48A0A813381AD9DD631672">Create Tenant *</TranslatableMessage>
    <TranslatableMessage id="SysadminTenantManagementRw" md5="7B2F3BF69C48A0A813381AD9DD631672">Create Tenant *</TranslatableMessage>
    <TranslatableMessage id="TenantRemoteHostManagementRo" md5="466F67960B43B6D77499634360A9701A">Systems</TranslatableMessage>
    <TranslatableMessage id="TenantRemoteHostManagementRw" md5="466F67960B43B6D77499634360A9701A">Systems</TranslatableMessage>
    <TranslatableMessage id="TenantTenantConfigurationRo" md5="8D5FA45FD0A39EA623BACD18617D3963">Tenant Configuration</TranslatableMessage>
    <TranslatableMessage id="TenantTenantConfigurationRw" md5="8D5FA45FD0A39EA623BACD18617D3963">Tenant Configuration</TranslatableMessage>
  </TranslatableMessages>
  <TranslatableMessages namespace="Ericom.Utilities.Generic" groupName="Ericom.MegaConnect.Runtime.XapApi.RadiusUseConditionType" purpose="ui">
    <TranslatableMessage id="Always" md5="8CBD42292698773D9112310C0436C1B9">Always</TranslatableMessage>
    <TranslatableMessage id="Never" md5="A1FB5DE9D120DAD3B41FE18D0E119D33">Never</TranslatableMessage>
    <TranslatableMessage id="WhenViaEsg" md5="A54534FC1B14588F4605A340F5BF775A">When connected via ESG</TranslatableMessage>
  </TranslatableMessages>
  <TranslatableMessages namespace="Ericom.Utilities.Generic" groupName="Ericom.MegaConnect.Runtime.XapApi.HostBindingRuleType" purpose="ui">
    <TranslatableMessage id="IpAddress" md5="1AE7BFD07FFAFBE135DC1514718402B5">IP Address</TranslatableMessage>
    <TranslatableMessage id="DomainQualifiedHostname" md5="A147B613A4CF84EEB92CEDE81EBAB4AB">Domain Qualified Host Name</TranslatableMessage>
    <TranslatableMessage id="ConfigData" md5="D8923945516E163319B677462B49489B">Host Tenant Information</TranslatableMessage>
  </TranslatableMessages>
  <TranslatableMessages namespace="Ericom.Utilities.Generic" groupName="Ericom.MegaConnect.Runtime.XapApi.SessionEndReason" purpose="ui">
    <TranslatableMessage id="ClientLogoff" md5="CBD7810B6B0F12CFF4BE7DDEE9D1C06A">Client Logoff</TranslatableMessage>
    <TranslatableMessage id="LostContact" md5="959517F91397BE82BCEAA537E1FA926C">Lost Contact</TranslatableMessage>
    <TranslatableMessage id="KilledByAdministrator" md5="C100D10EA64DBD5692EC4FBF71CCF8D9">Killed By Administrator</TranslatableMessage>
  </TranslatableMessages>
  <TranslatableMessages namespace="Ericom.Utilities.Generic" groupName="Ericom.Utilities.Generic.AuthenticationErrorId" purpose="ui">
    <TranslatableMessage id="NoError" md5="60E41C7DDAE7D24B74B18300700987B6">No Error</TranslatableMessage>
    <TranslatableMessage id="InternalError" md5="7A914BC70757A290F85944AEF8A18654">Internal Error</TranslatableMessage>
    <TranslatableMessage id="NotMemberOfTenant" md5="DCE14ECDD06A60A13F8DB93F4AE1B79B">Not Member Of Tenant</TranslatableMessage>
    <TranslatableMessage id="TenantNotFound" md5="796AE6B29BCC05CE390636E0FB6D3185">Tenant Not Found</TranslatableMessage>
    <TranslatableMessage id="DuplicateDomain" md5="89229BE80C98D9B6936E50B68ECAC7BF">Duplicate Domain</TranslatableMessage>
    <TranslatableMessage id="NoSuchDomain" md5="FFE3F2D68A14D9968AD8DBB93B5DFB9A">No Such Domain</TranslatableMessage>
    <TranslatableMessage id="DomainNotOperational" md5="3798B714E3FB8A701746C3E7ECEA5B7C">Domain Not Operational</TranslatableMessage>
    <TranslatableMessage id="MissingDomainQualifier" md5="10A067319BC671B1561D21DFB1518A58">Missing Domain Qualifier</TranslatableMessage>
    <TranslatableMessage id="UsernameNotSpecified" md5="549CF465A7C5C05AF96F7D6C6C6DA30B">Username Not Specified</TranslatableMessage>
    <TranslatableMessage id="MissingUserPrincipalName" md5="75957793C0A9063FD3977BADC3C1AD8D">Missing User Principal Name</TranslatableMessage>
    <TranslatableMessage id="NoSuchUser" md5="062BABD5D828E271AAF09D7F4EE0C2E9">No Such User</TranslatableMessage>
    <TranslatableMessage id="UserAccountDisabled" md5="9F86C4E516DBA17BA51535611BBF0020">User Account Disabled</TranslatableMessage>
    <TranslatableMessage id="UserAccountExpired" md5="CDE4280C8A44E3F8E5FE3FEBB72292D8">User Account Expired</TranslatableMessage>
    <TranslatableMessage id="UserAccountLockedout" md5="F94361ABB5C93794130E0492BE7D751B">User Account Locked Out</TranslatableMessage>
    <TranslatableMessage id="PasswordMustBeChangedNextLogin" md5="65D023A299218830E8FD1EA847393EA6">Password Must Be Changed On Next Login</TranslatableMessage>
    <TranslatableMessage id="PasswordIsAboutToExpire" md5="3E472633D327121CDC85818ADAC38FBC">Password Is About To Expire</TranslatableMessage>
    <TranslatableMessage id="PasswordExpired" md5="7C242FF0DBFB09369F652677FDD9B9D0">Password Expired</TranslatableMessage>
    <TranslatableMessage id="DeniedLogonTime" md5="5301284D36820817AEB1A8680DB60D6D">Denied Logon Time</TranslatableMessage>
    <TranslatableMessage id="InvalidPassword" md5="E46B940A930DB12977F9E74AF510BAD5">Invalid Password</TranslatableMessage>
    <TranslatableMessage id="UnknownUserAuthenticationFailureReason" md5="D0863AE3B4FB78873BD7AD7F43EF74FD">Unknown User Authentication Failure Reason</TranslatableMessage>
    <TranslatableMessage id="FailedToChangePassword" md5="B1ABC0E849F55EC0F62410AB4EBCFF3A">Failed To Change Password</TranslatableMessage>
    <TranslatableMessage id="UserCannotChangePassword" md5="562EED4B27DE9C0BB4956FE267C86D2C">User Cannot Change Password</TranslatableMessage>
    <TranslatableMessage id="ConfirmPasswordDoesNotMatch" md5="39A8CDB8E76793531A4FC1AFDB3A4D87">Confirm Password Does Not Match</TranslatableMessage>
    <TranslatableMessage id="RadiusAccessChallenge" md5="F93AE2E9C5FCA3F7CB4909099B363BC4">Radius Access Challenge</TranslatableMessage>
    <TranslatableMessage id="RadiusAccessRejected" md5="24588B99B7E7C90E8BC2FE974BAF85A7">Radius Access Rejected</TranslatableMessage>
    <TranslatableMessage id="RadiusPasswordRejected" md5="7F76C8B5FE2C9F473B09DCC6369B7B58">Radius Password Rejected</TranslatableMessage>
    <TranslatableMessage id="RadiusRecordingFileNotFound" md5="E721BE99EFC4A3F0911D436ED6F0C037">Radius Recording File Not Found</TranslatableMessage>
    <TranslatableMessage id="RadiusAnyOtherRejectReason" md5="1B6E48031075C9499EF5D8CF555A1DAE">Radius Any Other Reject Reason</TranslatableMessage>
    <TranslatableMessage id="LicenseError" md5="E67211DF79B37CE0EDBF1693E4A266B9">License Error</TranslatableMessage>
    <TranslatableMessage id="NotAdmininstrator" md5="4DDA1C663D369C88C14BBFEEEE29BA53">Not Admininstrator</TranslatableMessage>
    <TranslatableMessage id="CannotChangeTenant" md5="680806CBBA2E31B93DA384B00196B7A3">Cannot Change Tenant</TranslatableMessage>
  </TranslatableMessages>
  <TranslatableMessages namespace="Ericom.Utilities.Generic" groupName="System.Boolean" purpose="ui">
    <TranslatableMessage id="True" md5="E3C805D130A9D5B949DC59D60D470C87">True</TranslatableMessage>
    <TranslatableMessage id="False" md5="4A014A3984D06C706F0AD1DAF2F85552">False</TranslatableMessage>
  </TranslatableMessages>
</TranslatableMessageGroups>