﻿<?xml version="1.0" encoding="utf-8" ?>
<PropertySetDefinition class="SystemConfigurationProperties" namespace="Ericom.MegaConnect.Runtime.XapApi" access="public" partial="true" 
                       xmlns:xsi="http://www.w3.org/2001/XMLSchema-instance" xsi:noNamespaceSchemaLocation="..\..\EricomUtilities\GenericUtilities\PropertySetDefinition.xsd">
    <CustomTypes>
        <CustomType name="CcLogFilter"/>
        <CustomType name="ActiveDirectoryList"/>
        <CustomType name="LoginRolesList"/>
    </CustomTypes>
    
    <Section name="System Configuration" displayName="Sections.SystemConfiguration" useSectionNamePrefix="false">
        <PropertyDefinition name="OrganizationName" type="string" computationMethods="literal" default="" validation="typeOnly"/>
        <PropertyDefinition name="DefaultLanguage" type="string" computationMethods="literal" default="en-us" validation="typeOnly"/>

        <PropertyDefinition name="EsgHostAddress" type="string" computationMethods="literal" default="" validation="hostnameNotIpAddressOptionalPort"/>
        <!-- ACCESS_PORTAL_SERVER_COMPONENT <PropertyDefinition name="AccessPortalOnEsgHost" type="bool" computationMethods="literal" default="false" validation="typeOnly"/> -->
        
        <!-- this is the timeout for the corresponding keep alive in EndUserWebServiceConfigurationProperties.ClientSessionKeepAliveFrequencySeconds -->
        <PropertyDefinition name="EndUserSessionTimeoutKaMultiplier" type="int" computationMethods="literal" default="3" validation="typeOnly" minInclusive="2" maxInclusive="10"/>
        <PropertyDefinition name="LicenseStatusCheckIntervalSec" type="int" computationMethods="literal" default="300" validation="typeOnly" minInclusive="1" maxInclusive="100000"/>

        <!-- note:  2 misses means after 30 seconds -->
        <PropertyDefinition name="StandaloneServerTransitionToLostContactNumberMissedKeepAlives" type="int" computationMethods="literal" default="2" validation="typeOnly" minInclusive="1" maxInclusive="3600"/>
        <PropertyDefinition name="RemoteHostTransitionToLostContactIntervalSec" type="int" computationMethods="literal" default="600" validation="typeOnly" minInclusive="10" maxInclusive="3600"/>        
        
        <!-- make this longer than one minute.  needs to be longer than the longest time from when blaze file is created to we hear about the 
        rdp session. so ... must take into account the potential user profile creation time -->
        <PropertyDefinition name="LaunchRequestExpirationSec" type="int" computationMethods="literal" default="600" validation="typeOnly" minInclusive="30" visibleInUI="false" visibleInCommonUI="false" maxInclusive="3600"/>

        <PropertyDefinition name="LicensedToActiveDirectory" type="string" computationMethods="literal" default="" validation="typeOnly" readonlyInUI="true" blankAllowed="false" visibleInCommonUI="false"/>
        <PropertyDefinition name="TimeAcceleration" type="int" computationMethods="literal" default="1" validation="typeOnly" minInclusive="1"  visibleInUI="false" visibleInCommonUI="false"/>
       
        <PropertyDefinition name="OfferPasswordChangeWithinExpirationDays" type="int" computationMethods="literal" default="14" validation="typeOnly"/>
        <PropertyDefinition name="LoggingConfiguration" type="CcLogFilter" computationMethods="literal" default="default=Info" validation="typeOnly"  visibleInUI="false" visibleInCommonUI="false" />
        <PropertyDefinition name="LoggingToConsole" type="bool" computationMethods="literal" default="false" validation="typeOnly"  visibleInUI="false" visibleInCommonUI="false"/>
        <PropertyDefinition name="LoggingToDebugStream" type="bool" computationMethods="literal" default="false" validation="typeOnly"  visibleInUI="false" visibleInCommonUI="false"/>
        <PropertyDefinition name="LicenseDetails" type="string" computationMethods="literal" default="" validation="typeOnly" visibleInUI="false" visibleInCommonUI="false"  blankAllowed="false"/>

        <PropertyDefinition name="InstallationSettings" type="string" computationMethods="literal" default="" validation="typeOnly"  visibleInUI="false" visibleInCommonUI="false"/>

        <PropertyDefinition name="DebugTranslation" type ="bool" computationMethods="literal" default="false" visibleInUI="false" validation="typeOnly"/>


        <PropertyDefinition name="RecentLaunchHistorySizePerPartition" type ="int" computationMethods="literal" default="500" visibleInUI="true" validation="typeOnly" 
                                                                minInclusive="100" maxInclusive="10000"/>
    </Section>
</PropertySetDefinition>
