﻿<?xml version="1.0" encoding="utf-8" ?>
<PropertySetDefinition class="SystemInformationProperties" namespace="Ericom.MegaConnect.Runtime.XapApi" access="public" partial="true"
                       xmlns:xsi="http://www.w3.org/2001/XMLSchema-instance" xsi:noNamespaceSchemaLocation="..\..\EricomUtilities\GenericUtilities\PropertySetDefinition.xsd">
    
    <Section name="" useSectionNamePrefix="true">
        <Section name="StaticInformation" displayName="Sections.StaticInformation" useSectionNamePrefix="false">
            <PropertyDefinition name="ComputerName" type="string" computationMethods="literal" default="" validation="typeOnly" readonlyInUI="true"/>
            <PropertyDefinition name="Domain" type="string" computationMethods="literal" default="" validation="typeOnly" readonlyInUI="true"/>

            <PropertyDefinition name="OSManufacturer" type="string" computationMethods="literal" default="" visibleInUI="false" visibleInCommonUI="false"  validation="typeOnly" readonlyInUI="true"/>
            <PropertyDefinition name="OSName" type="string" computationMethods="literal" default="" validation="typeOnly" readonlyInUI="true"/>
            <PropertyDefinition name="OSVersion" type="string" computationMethods="literal" default="" validation="typeOnly" readonlyInUI="true"/>

            <PropertyDefinition name="StandaloneServerBuildVersion" type="string" computationMethods="literal" default="" validation="typeOnly" readonlyInUI="true"/>
            
            <PropertyDefinition name="IsTerminalServer" type="bool" computationMethods="literal" default="false" visibleInUI="false" visibleInCommonUI="false"  validation="typeOnly" readonlyInUI="true"/>
            
            <PropertyDefinition name="NumberOfProcessors" type="int" computationMethods="literal" default="0" visibleInUI="false" visibleInCommonUI="false"  validation="typeOnly" readonlyInUI="true"/>
            <PropertyDefinition name="Processors" type="string" computationMethods="literal" default="" validation="typeOnly" readonlyInUI="true"  multiline="true"/>            
            <PropertyDefinition name="NumberOfLogicalProcessors" type="int" computationMethods="literal" default="0" visibleInUI="false" visibleInCommonUI="false"  validation="typeOnly" readonlyInUI="true"/>                       
                       
            <PropertyDefinition name="TotalPhysicalMemory" type="string" computationMethods="literal" default="0" validation="typeOnly" readonlyInUI="true"/>
            <PropertyDefinition name="FreePhysicalMemory" type="string" computationMethods="literal" default="0"  validation="typeOnly" readonlyInUI="true"/>
            
            <PropertyDefinition name="TotalVirtualMemory" type="string" computationMethods="literal" default="0" validation="typeOnly" readonlyInUI="true"/>
            <PropertyDefinition name="FreeVirtualMemory" type="string" computationMethods="literal" default="0" visibleInUI="false" visibleInCommonUI="false"  validation="typeOnly" readonlyInUI="true"/>

            <PropertyDefinition name="IdlePercent" type="int" computationMethods="literal" default="0" visibleInUI="false" visibleInCommonUI="false"  validation="typeOnly" readonlyInUI="true"/>
            <PropertyDefinition name="DiskAvailableTimePercent" type="int" computationMethods="literal" default="0" visibleInUI="false" visibleInCommonUI="false"  validation="typeOnly" readonlyInUI="true"/>
            <PropertyDefinition name="NumberRemoteSessions" type="int" computationMethods="literal" default="0" validation="typeOnly" readonlyInUI="true"/>
            <PropertyDefinition name="NumberOfAllowedSessions" type="int" computationMethods="literal" default="0" validation="typeOnly" readonlyInUI="true"/>
            <PropertyDefinition name="SessionBrokerDrainMode" type="string" computationMethods="literal" default="AllowAllConnections" validation="typeOnly" readonlyInUI="true"/>

            <PropertyDefinition name="PageFileSize" type="string" computationMethods="literal" default="0" visibleInUI="false" visibleInCommonUI="false"  validation="typeOnly" readonlyInUI="true"/>           
                      
            <PropertyDefinition name="LogicalDrives" type="string" computationMethods="literal" default="" validation="typeOnly" readonlyInUI="true" multiline="true"/>
                        
            <PropertyDefinition name="Adapters" type="string" computationMethods="literal" default="" validation="typeOnly" readonlyInUI="true"  multiline="true"/>            

            <PropertyDefinition name="Timezone" type="string" computationMethods="literal" default="" validation="typeOnly" readonlyInUI="true"/>
           
            <PropertyDefinition name="Locale" type="string" computationMethods="literal" default="" validation="typeOnly" readonlyInUI="true"/>
            
            <PropertyDefinition name="Bios" type="string" computationMethods="literal" default="" visibleInUI="false" visibleInCommonUI="false"  validation="typeOnly" readonlyInUI="true" />
            <PropertyDefinition name="WindowsDirectory" type="string" computationMethods="literal" default="" visibleInUI="false" visibleInCommonUI="false"  validation="typeOnly" readonlyInUI="true"/>

            <PropertyDefinition name="SystemManufacturer" type="string" computationMethods="literal" default="" visibleInUI="false" visibleInCommonUI="false"  validation="typeOnly" readonlyInUI="true"/>
            <PropertyDefinition name="SystemModel" type="string" computationMethods="literal" default="" visibleInUI="false" visibleInCommonUI="false"  validation="typeOnly" readonlyInUI="true"/>
            <PropertyDefinition name="SystemType" type="string" computationMethods="literal" default="" visibleInUI="false" visibleInCommonUI="false"  validation="typeOnly" readonlyInUI="true"/>           
            <PropertyDefinition name="ExtendedError" type="int" computationMethods="literal" default="0" visibleInUI="false" visibleInCommonUI="false"  validation="typeOnly" readonlyInUI="true"/>
            <PropertyDefinition name="IsUsable" type="bool" computationMethods="literal" default="false" visibleInUI="false" visibleInCommonUI="false"  validation="typeOnly" readonlyInUI="true" />
            <PropertyDefinition name="IsSuitable" type="bool" computationMethods="literal" default="false" visibleInUI="false" visibleInCommonUI="false"  validation="typeOnly" readonlyInUI="true" />          
        </Section>
    </Section>
        
</PropertySetDefinition>
