﻿<?xml version="1.0" encoding="utf-8" ?>
<PropertySetDefinition class="TenantProperties" namespace="Ericom.MegaConnect.Runtime.XapApi" access="public" partial="true"
                       xmlns:xsi="http://www.w3.org/2001/XMLSchema-instance"
                      xsi:noNamespaceSchemaLocation="..\..\EricomUtilities\GenericUtilities\PropertySetDefinition.xsd">
    <CustomTypes>
        <CustomType name="ActiveDirectoryList"/>
        <CustomType name="LoginRolesList"/>
        <CustomType name="HostBindingRuleType" assemblyName="Ericom.MegaConnect.Runtime.XapApi.HostBindingRuleType, MegaConnectRuntimeXapApi"/>
    </CustomTypes>
    <Section name="Tenant" displayName="Sections.Tenant" useSectionNamePrefix="false">
        <PropertyDefinition name="TenantName" computationMethods="literal" default="false" type="string" visibleInUI="true" visibleInCommonUI="false" validation="typeOnly" blankAllowed="false"/>    
        <PropertyDefinition name="TenantLoginkey" type="string" computationMethods="literal" default="" visibleInUI="true" visibleInCommonUI="false" validation="typeOnly" regex="^[a-zA-Z0-9]+$"/>
        <PropertyDefinition name="ClientLoginEnabled" computationMethods="literal" default="false" type="bool" visibleInUI="true" visibleInCommonUI="false" validation="typeOnly"/>
        <PropertyDefinition name="ActiveDirectories" type="ActiveDirectoryList" computationMethods="literal" default="" displayName="Active Directory Servers" visibleInUI="false" visibleInCommonUI="false" validation="typeOnly"/>
        <PropertyDefinition name="LoginRoles" type="LoginRolesList" computationMethods="literal" default="" visibleInUI="false" visibleInCommonUI="false" validation="typeOnly"/>
        <!-- The active directory rule that describes if a user is a member of this tenant -->
        <PropertyDefinition name="EndUserActiveDirectoryRule"  displayName="EndUser Active Directory Rule" type="bool" computationMethods="formula inherit" visibleInUI="false" visibleInCommonUI="false" validation="typeOnly" defaultComputation="formula" default="false" />
        <PropertyDefinition name="EndUserConnectionRule"  displayName="EndUser Connection Rule" type="bool" computationMethods="formula inherit" visibleInUI="false" visibleInCommonUI="false" validation="typeOnly" defaultComputation="formula" default="true" />
        <PropertyDefinition name="AdAttributesOfInterest" type="string" computationMethods="literal" default="" displayName="AD attributes of interest (comma separated)" validation="typeOnly" valueSeparator="," minNumberValues="0"/>        
        <PropertyDefinition name="AllowPublishFromWorkstation" type ="bool" computationMethods="literal" default="false" validation="typeOnly"/>
        <PropertyDefinition name="HostBindingRuleType" type="HostBindingRuleType" computationMethods="literal" default="ConfigData" visibleInUI="true" visibleInCommonUI="true" validation="typeOnly"/>
        <PropertyDefinition name="HostBindingRuleRegex" type="string" computationMethods="literal" default="" blankAllowed="false" visibleInUI="true" visibleInCommonUI="true" validation="typeOnly"/>
    </Section>
</PropertySetDefinition>
