﻿<?xml version="1.0" encoding="utf-8" ?>
<TestDriverConfig>
    <ClientPrograms>
        <Client name="chrome">
            <Path>C:\Program Files (x86)\Google\Chrome\Application\Chrome.exe</Path>
            <Path>C:\Program File\Google\Chrome\Application\Chrome.exe</Path>
            <Path>C:\Users\mila.lirtsman\AppData\Local\Google\Chrome\Application\chrome.exe</Path>
            <!-- dash-dash-new-window -->
            <CmdLine>--incognito ${url}</CmdLine>
        </Client>
        <Client name="firefox">
            <Path>C:\Program Files (x86)\Mozilla Firefox\firefox.exe</Path>
            <Path>C:\Program Files\Mozilla Firefox\firefox.exe</Path>
            <!-- dash-dash-new-window -->
            <CmdLine>-private ${url}</CmdLine>
        </Client>
        <Client name="ie">
            <Path>C:\Program Files (x86)\Internet Explorer\iexplore.exe</Path>
            <Path>C:\Program Files\Internet Explorer\iexplore.exe</Path>
            <CmdLine>-private ${url}</CmdLine>
        </Client>
    </ClientPrograms>
</TestDriverConfig>