<?xml version="1.0" encoding="utf-8"?>
<TranslatableMessageGroups xmlns:xsi="http://www.w3.org/2001/XMLSchema-instance" xsi:noNamespaceSchemaLocation="..\..\EricomUtilities\GenericUtilities\TranslatableMessages.xsd">
  <TranslatableMessages groupName="Sections" purpose="ui">
    <TranslatableMessage id="SystemConfiguration" md5="30F553695D00BAD5E02156571B6CDDEC">System Configuration</TranslatableMessage>
    <TranslatableMessage id="ApplicationStartup" md5="440A71EBBFB0D07D5A424FC18D8100A9">Application Startup</TranslatableMessage>
    <TranslatableMessage id="SessionConfiguration" md5="894E2F898949113FD6A152F747EE501F">Session Configuration</TranslatableMessage>
    <TranslatableMessage id="PrinterConfiguration" md5="7B8FFBDD6CC596EF910B3B85899D1AA2">Printing Configuration</TranslatableMessage>
    <TranslatableMessage id="AppliesToMacUsersOnly" md5="22BCA946BC0458D2DC77774C406A804C">Applies to Mac Users Only</TranslatableMessage>
    <TranslatableMessage id="AdvancedResourceServerSettings" md5="0BF46FCE6889E35BE0A2449DA995FE9D">Advanced Resource Server Settings</TranslatableMessage>
    <TranslatableMessage id="ESGParameters" md5="83116B4CE01A01258944AC6F58A6C202">ESG Parameters</TranslatableMessage>
    <TranslatableMessage id="BasicSettings" md5="122092300D8B563CF7E57BD8746AF694">Basic Settings</TranslatableMessage>
    <TranslatableMessage id="StaticInformation" md5="D752031D7E4F86E45662DE00002F1EAF">Static Information</TranslatableMessage>
    <TranslatableMessage id="Tenant" md5="6569142D30BF8FA69342749C16E044DA">Tenant</TranslatableMessage>
    <TranslatableMessage id="GridSettings" md5="6A52A24D5B0353045B6EDC9FC1AF7EF1">Grid Settings</TranslatableMessage>
    <TranslatableMessage id="Log" md5="4E03EE5AB6F466F03C7956910D31E6AF">Log</TranslatableMessage>
    <TranslatableMessage id="Network" md5="036C48A127712CC2EDC0B41E8A5E71AC">Network</TranslatableMessage>
    <TranslatableMessage id="Security" md5="FD7C77E062702F3C3772317259569958">Security</TranslatableMessage>
    <TranslatableMessage id="Sessions" md5="81AC9CC0B43ECD85AAC5F2CE910BAC04">Sessions</TranslatableMessage>
    <TranslatableMessage id="Visitor" md5="BA3202E05D21A1E3A69B224294C59604">Visitor</TranslatableMessage>
    <TranslatableMessage id="Appearance" md5="023143CEEBA8797435BF976B9F76D0A3">Appearance</TranslatableMessage>
    <TranslatableMessage id="Performance" md5="E6B00315772FE78663D67301D7B38F46">Performance</TranslatableMessage>
    <TranslatableMessage id="RedirectionConfiguration" md5="EE06F6FB5A9CBE5A83775186853600D4">Redirection Configuration</TranslatableMessage>
    <TranslatableMessage id="AccelerationConfiguration" md5="5D9B928D570634B748493C43A33E50EE">Acceleration Configuration</TranslatableMessage>
    <TranslatableMessage id="InputConfiguration" md5="D976E2A14EB17F4B859738F8279DCB27">Input Configuration</TranslatableMessage>
  </TranslatableMessages>
  <TranslatableMessages groupName="UiResourceDefinitionPage" purpose="ui">
    <TranslatableMessage id="BasicTabLabel" md5="F58331BCA3D17B3E90C19C269DE9501E">Basic</TranslatableMessage>
    <TranslatableMessage id="AdvancedTabLabel" md5="A4CEA25BA1FC544DB016B53B41E1A2DD">Advanced</TranslatableMessage>
    <TranslatableMessage id="RequirementsTabLabel" md5="0C1E54138017CC60A5C676CB9061BA2B">Requirements</TranslatableMessage>
    <TranslatableMessage id="SearchLabel" md5="4B289856AF88C1F655E32B9A1D76760F">Search</TranslatableMessage>
    <TranslatableMessage id="LeftSideTitle" md5="D79991CD45C7D724A2EB0F4DF780E2C5">Publish - Apps &amp; Desktops</TranslatableMessage>
    <TranslatableMessage id="AddApplicationBtn" md5="DF7D2E65585BAB7D5E757A3714CBC4A5">Add Application</TranslatableMessage>
    <TranslatableMessage id="AddDesktopBtn" md5="E9B3814DB0895D707DE4BBA99367DB1A">Add Desktop</TranslatableMessage>
    <TranslatableMessage id="AddToGroupBtn" md5="C7299700B2A460400E727A9F8D445D9C">Add to Group</TranslatableMessage>
    <TranslatableMessage id="DeleteBtn" md5="85CB1D08240F0AD23E0D8C053050FAF0">Delete</TranslatableMessage>
    <TranslatableMessage id="ShowAllDropDownSelect" md5="824878069A7DB367C899DF8DE6EB80D3">Show All</TranslatableMessage>
    <TranslatableMessage id="ApplicationsOnlyDropDownSelect" md5="2AE6C9DDD81A05B67EF01A2582C9F96C">Applications Only</TranslatableMessage>
    <TranslatableMessage id="DesktopsOnlyDropDownSelect" md5="677556C523483F2AE3BDB6D90FBE583C">Desktops Only</TranslatableMessage>
    <TranslatableMessage id="ByNameAscDropDownSelect" md5="1F66C224F33636ACD5A8DCC21B9328BF">By Name (A-Z)</TranslatableMessage>
    <TranslatableMessage id="ByNameDescDropDownSelect" md5="161E36370CE3D5B98047CDA7B1D45AD6">By Name (Z-A)</TranslatableMessage>
    <TranslatableMessage id="ByLastAddedAscDropDownSelect" md5="5128AF14EF52137103EFCA6C51FE9A0D">By Last Added (first-last)</TranslatableMessage>
    <TranslatableMessage id="ByLastAddedDescDropDownSelect" md5="48EC86407072A05BBD52C60AD931629F">By Last Added (last-first)</TranslatableMessage>
    <TranslatableMessage id="ByLastEditedAscDropDownSelect" md5="49CD647604F9B87A3E31C8C97E095B70">By Last Edited (first-last)</TranslatableMessage>
    <TranslatableMessage id="ByLastEditedDescDropDownSelect" md5="4954552BF90DCA77E3E26DDB9170867D">By Last Edited (last-first)</TranslatableMessage>
    <TranslatableMessage id="PropertiesLabel" md5="1650A9FECADDEA43C66685BFAD5CB3B7">Properties</TranslatableMessage>
    <TranslatableMessage id="SelectSection" md5="962CB5E9F3429F4A640075BFC3F723F4">Select Section</TranslatableMessage>
    <TranslatableMessage id="SaveBtn" md5="52A8524F51854A8D886847B463AEDE55">Save</TranslatableMessage>
    <TranslatableMessage id="DiscardChangesBtn" md5="1E1BE9054DE6622855E5FB4314009280">Discard Changes</TranslatableMessage>
    <TranslatableMessage id="ResetToDefaultBtn" md5="BB64ADEF9E3A11E224BE988084A7A65F">Reset to Default</TranslatableMessage>
    <TranslatableMessage id="NoResourcesMsg" md5="72F65C10CC8695242C3557E43899870B">You have no resources.</TranslatableMessage>
    <TranslatableMessage id="AddNewAppMsg" md5="2B14DBA7A1F61A56FA42EE8CE824063B">Add a new application or desktop</TranslatableMessage>
    <TranslatableMessage id="ResourceGroupHeaderNameLabel" md5="2DFFCF036379C6ECFCBD495538045821">Name</TranslatableMessage>
    <TranslatableMessage id="ResourceGroupHeaderTypeLabel" md5="6923B857AF58E2142D7044029EAB06C3">Type</TranslatableMessage>
    <TranslatableMessage id="ResourceHeaderNameLabel" md5="2DFFCF036379C6ECFCBD495538045821">Name</TranslatableMessage>
    <TranslatableMessage id="ResourceHeaderTypeLabel" md5="6923B857AF58E2142D7044029EAB06C3">Type</TranslatableMessage>
    <TranslatableMessage id="ResourceHeaderDateAddedLabel" md5="D8DE557357B0A2CC34CE131E8790A64D">Date Added</TranslatableMessage>
    <TranslatableMessage id="ResourceHeaderDateModifiedLabel" md5="01C9C91799A02BA0005D3FC12F19BF01">Date Modified</TranslatableMessage>
    <TranslatableMessage id="InfoNoAppsAddded" md5="92CE41023595475552FF56618D84AED1">There are no applications or desktops published. Publish an application using the Add Application button, or a desktop using the Add Desktop button.</TranslatableMessage>
    <TranslatableMessage id="Application" md5="ECA76FF98FC9D39EBA247C794065B26C">Application</TranslatableMessage>
    <TranslatableMessage id="Desktop" md5="76C2DA3F4BD6E48336BB762A3530CD08">Desktop</TranslatableMessage>
    <TranslatableMessage id="AddToExistingGroupLabel" md5="B46EB103EE839D0E0E5F41457388EE94">Add To Group</TranslatableMessage>
  </TranslatableMessages>
  <TranslatableMessages groupName="UiGroupsPage" purpose="ui">
    <TranslatableMessage id="NameLabel" md5="2DFFCF036379C6ECFCBD495538045821">Name</TranslatableMessage>
    <TranslatableMessage id="TypeLabel" md5="6923B857AF58E2142D7044029EAB06C3">Type</TranslatableMessage>
    <TranslatableMessage id="DomainLabel" md5="C7DF1F35DCFA2D790993E462A15413A8">Domain</TranslatableMessage>
    <TranslatableMessage id="PropertiesLabel" md5="1650A9FECADDEA43C66685BFAD5CB3B7">Properties</TranslatableMessage>
    <TranslatableMessage id="ServerNameLabel" md5="A5D46B9284CE057C6C649D2F76F67180">Server Name</TranslatableMessage>
    <TranslatableMessage id="IpAddressLabel" md5="1AE7BFD07FFAFBE135DC1514718402B5">IP Address</TranslatableMessage>
    <TranslatableMessage id="AccessServer" md5="B3B53357F830D67AE020A9756DB62B74">Access Server</TranslatableMessage>
    <TranslatableMessage id="AccessLevel" md5="B3B53357F830D67AE020A9756DB62B74">Access Server</TranslatableMessage>
    <TranslatableMessage id="ServiceStatus" md5="E3FABA9B9DFEE086FB3E54FF44E48DD5">Remote Agent</TranslatableMessage>
    <TranslatableMessage id="SearchLabel" md5="4B289856AF88C1F655E32B9A1D76760F">Search</TranslatableMessage>
    <TranslatableMessage id="DeleteBtn" md5="85CB1D08240F0AD23E0D8C053050FAF0">Delete</TranslatableMessage>
    <TranslatableMessage id="CreateGroupBtn" md5="C1320663E0B1109DFF0AA79CE540CAA7">Create Group</TranslatableMessage>
    <TranslatableMessage id="LeftSideTitle" md5="43BC60BB428B3656F4CF34B5FB2193B0">Resources - Groups</TranslatableMessage>
    <TranslatableMessage id="BasicTabLabel" md5="F58331BCA3D17B3E90C19C269DE9501E">Basic</TranslatableMessage>
    <TranslatableMessage id="ResourcesTabLabel" md5="7962B05081CD7CF6D67762F75F173359">Resources</TranslatableMessage>
    <TranslatableMessage id="AdvancedTabLabel" md5="A4CEA25BA1FC544DB016B53B41E1A2DD">Advanced</TranslatableMessage>
    <TranslatableMessage id="UsersTabLabel" md5="0FC0DAF6C115D6363A74F2905FC48C78">Users</TranslatableMessage>
    <TranslatableMessage id="ServersTabLabel" md5="466F67960B43B6D77499634360A9701A">Systems</TranslatableMessage>
    <TranslatableMessage id="ByNameAscDropDownSelect" md5="1F66C224F33636ACD5A8DCC21B9328BF">By Name (A-Z)</TranslatableMessage>
    <TranslatableMessage id="ByNameDescDropDownSelect" md5="161E36370CE3D5B98047CDA7B1D45AD6">By Name (Z-A)</TranslatableMessage>
    <TranslatableMessage id="CreateNewGroupMsg" md5="36123F5EA827D6B2445EEFB565241A24">Create a new group</TranslatableMessage>
    <TranslatableMessage id="AddToGroupBtn" md5="C7299700B2A460400E727A9F8D445D9C">Add to Group</TranslatableMessage>
    <TranslatableMessage id="RemoveFromGroupBtn" md5="A6AF0F036BB7820D8545AA593630860C">Remove From Group</TranslatableMessage>
    <TranslatableMessage id="AddServerGroupBtn" md5="FECFB7F4960FB40F7432E6E91613C487">Add Systems Group</TranslatableMessage>
    <TranslatableMessage id="RemoveServerGroupBtn" md5="5985DF201879D5A49D4B56725543FCCE">Remove Systems Group</TranslatableMessage>
    <TranslatableMessage id="RequirementsLabel" md5="0C1E54138017CC60A5C676CB9061BA2B">Requirements</TranslatableMessage>
    <TranslatableMessage id="AddADObjectBtn" md5="AF07ACA7A83BD1C97CBAD88853269CBB">Add Active Directory Object</TranslatableMessage>
    <TranslatableMessage id="RemoveADObjectBtn" md5="1DDF1E59CF65E7583557353805F52C8B">Remove Active Directory Object</TranslatableMessage>
    <TranslatableMessage id="WarningLabel" md5="07125838B30C26FA5284F98A7BC807D3">Properties edited here will apply to group users ONLY and to all resource in this group.</TranslatableMessage>
    <TranslatableMessage id="InfoLabel" md5="122F35D4E07359F8A5CC294CE4E28E62">Select server group from group list</TranslatableMessage>
  </TranslatableMessages>
  <TranslatableMessages groupName="UiAddApplicationModal" purpose="ui">
    <TranslatableMessage id="ModalTitle" md5="EC61282E9C7F471C2DC1368D0AAAD159">Select Location</TranslatableMessage>
    <TranslatableMessage id="WarningLabel" md5="70A115C23F2BA8AF2BBFB929E15FF22D">Properties edited here will apply to group users ONLY and to all resource in this group</TranslatableMessage>
    <TranslatableMessage id="InsertAppPathLabel" md5="36D9FD70443854DAE9D493188B9F2890">Enter the full Application path on Server</TranslatableMessage>
    <TranslatableMessage id="SelectServerLabel" md5="386662AA0F702733F80F292AA5A44384">Select Application from a selected Server</TranslatableMessage>
    <TranslatableMessage id="ServerLabel" md5="AAA4A57219A72BC7747A7C223D5BA9B8">Server</TranslatableMessage>
    <TranslatableMessage id="OnLabel" md5="2BB6C1069D2AAFECDE5B3C21169114CC">on</TranslatableMessage>
    <TranslatableMessage id="SearchByNamePlaceHolder" md5="58B9EEE365140C38A62E3C228DAE92CD">Search by name or location path</TranslatableMessage>
    <TranslatableMessage id="SearchApplicationPlaceHolder" md5="EF74088B1117BB56E510F0851E8AE63E">Search application on server</TranslatableMessage>
  </TranslatableMessages>
  <TranslatableMessages groupName="UiAddToGroupModal" purpose="ui">
    <TranslatableMessage id="ModalTitle" md5="B46EB103EE839D0E0E5F41457388EE94">Add To Group</TranslatableMessage>
    <TranslatableMessage id="CreateNewGroupLabel" md5="FA7768E5EBA2EF36AE774FF8ACF1F4C6">Create New Group</TranslatableMessage>
    <TranslatableMessage id="CreateLabel" md5="B3AAEDDF425B546E0D0ACA0B73C1A0C7">Create</TranslatableMessage>
    <TranslatableMessage id="AddToExistingGroupLabel" md5="835901141B586480742156E10D2504AC">Add To Existing Group</TranslatableMessage>
    <TranslatableMessage id="AddLabel" md5="8ED3831804F192E973E71152C68697C7">Add</TranslatableMessage>
    <TranslatableMessage id="NewGroupLabel" md5="A4BBB4AA64AA5D8BC82725FA44795AAB">New Group Name</TranslatableMessage>
    <TranslatableMessage id="SelectedResourceLabel" md5="591F9A13353CDB196D436944281FDB39">Selected Resource</TranslatableMessage>
    <TranslatableMessage id="ApplicationLabel" md5="ECA76FF98FC9D39EBA247C794065B26C">Application</TranslatableMessage>
    <TranslatableMessage id="DesktopsLabel" md5="42E27DDCA0DB328D603180AC2A57C828">Desktops</TranslatableMessage>
    <TranslatableMessage id="AddToRemoteGroupLabel" md5="C28813F591DA79B4A4EB995A0874B398">Add Systems To Groups</TranslatableMessage>
  </TranslatableMessages>
  <TranslatableMessages groupName="UiAddResourcesModal" purpose="ui">
    <TranslatableMessage id="ModalTitle" md5="B46EB103EE839D0E0E5F41457388EE94">Add To Group</TranslatableMessage>
    <TranslatableMessage id="TopTextLabel" md5="EDFF59C980DF5A55FBB401B0CF7DAD0C">Select items from applications and desktops lists in tabs below.</TranslatableMessage>
    <TranslatableMessage id="TopTextResourceGroupsLabel" md5="B579F9D89E575DA8231D6A775226CC5F">Select items from servers lists below.</TranslatableMessage>
    <TranslatableMessage id="ApplicationsLabel" md5="22A99D7E84D57D345D42F78A70F1DF14">Applications</TranslatableMessage>
    <TranslatableMessage id="DesktopsLabel" md5="42E27DDCA0DB328D603180AC2A57C828">Desktops</TranslatableMessage>
    <TranslatableMessage id="ServersLabel" md5="A67C27AEADF94E70B7860A02DCF7C8E6">Servers</TranslatableMessage>
    <TranslatableMessage id="ResourcesHeaderNameLabel" md5="2DFFCF036379C6ECFCBD495538045821">Name</TranslatableMessage>
    <TranslatableMessage id="ResourcesHeaderLastAddedLabel" md5="D4ABBE0974AAAEDC115B93CA436F7EC7">Last Added</TranslatableMessage>
  </TranslatableMessages>
  <TranslatableMessages groupName="UiCreateGroupModal" purpose="ui">
    <TranslatableMessage id="ModalTitle" md5="FA7768E5EBA2EF36AE774FF8ACF1F4C6">Create New Group</TranslatableMessage>
    <TranslatableMessage id="GroupNameLabel" md5="7772580C544C85F3CD5E6B26642D2DC8">Group Name</TranslatableMessage>
    <TranslatableMessage id="HeaderNameLabel" md5="2DFFCF036379C6ECFCBD495538045821">Name</TranslatableMessage>
    <TranslatableMessage id="HeaderLastAddedLabel" md5="D4ABBE0974AAAEDC115B93CA436F7EC7">Last Added</TranslatableMessage>
  </TranslatableMessages>
  <TranslatableMessages groupName="UiAddServerGroupModal" purpose="ui">
    <TranslatableMessage id="ModalTitle" md5="2F00161EBDC23E9AB1B216C317F508D5">Add Systems Group From Groups List</TranslatableMessage>
    <TranslatableMessage id="ServerGroupsLabel" md5="3B2BFEA42057CE83B98E843F2CD834FB">Systems Groups</TranslatableMessage>
    <TranslatableMessage id="BottomText" md5="2E7B7942D37E8E357CE7F6EFC887B16E">To Edit Systems Group Go To</TranslatableMessage>
    <TranslatableMessage id="BottomTextLink" md5="43DDA0686CB4C697C357A909439DF112">Page TBD</TranslatableMessage>
    <TranslatableMessage id="HeaderGroupNameLabel" md5="7772580C544C85F3CD5E6B26642D2DC8">Group Name</TranslatableMessage>
    <TranslatableMessage id="HeaderHostsLabel" md5="F7A1D75BAE5608452E8B88CB0CF27002">Hosts</TranslatableMessage>
    <TranslatableMessage id="HeaderGroupHostsLabel" md5="540776F7A3E860E06E38A1D8478788B1">Group Hosts</TranslatableMessage>
  </TranslatableMessages>
  <TranslatableMessages groupName="UiGroupsServerHostsModal" purpose="ui">
    <TranslatableMessage id="ModalTitle" md5="122F35D4E07359F8A5CC294CE4E28E62">Select server group from group list</TranslatableMessage>
    <TranslatableMessage id="ViewServerLabel" md5="0BDB1D5AF68DAD041BD51F060421CFE1">View Server</TranslatableMessage>
    <TranslatableMessage id="HeaderServerName" md5="A5D46B9284CE057C6C649D2F76F67180">Server Name</TranslatableMessage>
    <TranslatableMessage id="HeaderIp" md5="1EE9FACE60739B03D8E1420F7A16A797">IP</TranslatableMessage>
    <TranslatableMessage id="HeaderOs" md5="DEA0B3010983282BD08DC88C6ADBB7FD">OS</TranslatableMessage>
  </TranslatableMessages>
  <TranslatableMessages groupName="UiGroupsServerAddResources" purpose="ui">
    <TranslatableMessage id="HeaderServerName" md5="2DFFCF036379C6ECFCBD495538045821">Name</TranslatableMessage>
    <TranslatableMessage id="HeaderIpAddress" md5="1AE7BFD07FFAFBE135DC1514718402B5">IP Address</TranslatableMessage>
    <TranslatableMessage id="HeaderStatus" md5="3DE93EF5168B837FAE979F159515BE4E">Status</TranslatableMessage>
  </TranslatableMessages>
  <TranslatableMessages groupName="UiAddAdGroupModal" purpose="ui">
    <TranslatableMessage id="ModalTitle" md5="AF07ACA7A83BD1C97CBAD88853269CBB">Add Active Directory Object</TranslatableMessage>
    <TranslatableMessage id="SelectActiveDirectoryLabel" md5="1235620D2E3E41CFFEF1E408110587FD">Select Active Directory</TranslatableMessage>
    <TranslatableMessage id="AllItemLabel" md5="0DF2938C38F3147DBA589765DBBE9BD7">Everyone (all domains)</TranslatableMessage>
    <TranslatableMessage id="SearchItembytypeLabel" md5="0E67D001E05AE13C5A9BEBC9863DD6CB">Search Item by type (*)</TranslatableMessage>
    <TranslatableMessage id="requestTypeUsers" md5="0FC0DAF6C115D6363A74F2905FC48C78">Users</TranslatableMessage>
    <TranslatableMessage id="requestTypeGroups" md5="20C634FFF38ED695B6F8BF5CE213D5BB">Groups</TranslatableMessage>
    <TranslatableMessage id="requestTypeAll" md5="BDA2DFC0B1B447F410D0B09FE7C9A5DF">All types</TranslatableMessage>
    <TranslatableMessage id="AdHeaderNameLabel" md5="2DFFCF036379C6ECFCBD495538045821">Name</TranslatableMessage>
    <TranslatableMessage id="AdHeaderAdDomainLabel" md5="6923B857AF58E2142D7044029EAB06C3">Type</TranslatableMessage>
    <TranslatableMessage id="AdHeaderDescriptionLabel" md5="654631A61F5A3700FEC5F2BE1B395743">Description</TranslatableMessage>
    <TranslatableMessage id="PropSwitchAdvanced" md5="A4CEA25BA1FC544DB016B53B41E1A2DD">Advanced</TranslatableMessage>
    <TranslatableMessage id="PropSwitchRequirements" md5="0C1E54138017CC60A5C676CB9061BA2B">Requirements</TranslatableMessage>
  </TranslatableMessages>
  <TranslatableMessages groupName="UiModalGeneral" purpose="ui">
    <TranslatableMessage id="CancelLabel" md5="8E112F3F21ADD13A8763CDC441D246DE">Cancel</TranslatableMessage>
    <TranslatableMessage id="CloseLabel" md5="D79BFE88B8A398A8300C5A214B3D3B93">Close</TranslatableMessage>
    <TranslatableMessage id="SelectLabel" md5="E6A554AF3E3128BAFD4A8B963FC26F8A">Select</TranslatableMessage>
    <TranslatableMessage id="PublishLabel" md5="CFD801FF99507BAB95EB4435553D5C35">Publish</TranslatableMessage>
    <TranslatableMessage id="CreateLabel" md5="B3AAEDDF425B546E0D0ACA0B73C1A0C7">Create</TranslatableMessage>
    <TranslatableMessage id="AddLabel" md5="8ED3831804F192E973E71152C68697C7">Add</TranslatableMessage>
    <TranslatableMessage id="OkLabel" md5="A2CE4C7B743725199DA04033B5B57469">OK</TranslatableMessage>
    <TranslatableMessage id="SearchPlaceHolder" md5="4B289856AF88C1F655E32B9A1D76760F">Search</TranslatableMessage>
    <TranslatableMessage id="ProceedLabel" md5="2470E2D013B7C414E1EF0D74F37C20EC">Proceed?</TranslatableMessage>
    <TranslatableMessage id="PerformActionConfirm" md5="3E5EDAFEF583FDA3F4D5DF456BFA0C9A">Perform this action?</TranslatableMessage>
    <TranslatableMessage id="NoGroupSelected" md5="E7918EDBA393E4D75D7325DA247E516F">Do not add to group</TranslatableMessage>
  </TranslatableMessages>
  <TranslatableMessages groupName="UiDashBoardLoggedUsers" purpose="ui">
    <TranslatableMessage id="TitleLabel" md5="CF9C851D5D39756282606976670C328F">Logged in Users</TranslatableMessage>
    <TranslatableMessage id="UsersLabel" md5="0FC0DAF6C115D6363A74F2905FC48C78">Users</TranslatableMessage>
    <TranslatableMessage id="UsersLoggedText" md5="B3D74A5EE7C1BBA2D10FA3BDAF032B3F">Logged in now</TranslatableMessage>
  </TranslatableMessages>
  <TranslatableMessages groupName="UiDashBoardServerMemoryOverload" purpose="ui">
    <TranslatableMessage id="TitleLabel" md5="49D5CB701D84DD2CCABAEF701E070D14">Overloaded Systems (CPU / Memory)</TranslatableMessage>
    <TranslatableMessage id="HostNameLabel" md5="2DFFCF036379C6ECFCBD495538045821">Name</TranslatableMessage>
    <TranslatableMessage id="CpuLabel" md5="7F1E1200AD724623C96F2D407D310724">CPU</TranslatableMessage>
    <TranslatableMessage id="HostMemoryLabel" md5="D1082B160B7E6B4F1F624C24B7096A70">Memory</TranslatableMessage>
    <TranslatableMessage id="HostNumSessionsLabel" md5="81AC9CC0B43ECD85AAC5F2CE910BAC04">Sessions</TranslatableMessage>
  </TranslatableMessages>
  <TranslatableMessages groupName="UiServerStatus" purpose="ui">
    <TranslatableMessage id="TitleLabel" md5="2344F024109B3E1B76FB897A68FE67FA">Resource Server Status</TranslatableMessage>
    <TranslatableMessage id="HostNameLabel" md5="D6CED93A4F6F6EA3F609E5EF25AC0A07">System Name</TranslatableMessage>
    <TranslatableMessage id="CpuLabel" md5="7F1E1200AD724623C96F2D407D310724">CPU</TranslatableMessage>
    <TranslatableMessage id="HostMemoryLabel" md5="D1082B160B7E6B4F1F624C24B7096A70">Memory</TranslatableMessage>
    <TranslatableMessage id="HostNumSessionsLabel" md5="7ED4765B4CDCF2AB58AB3C6DA9A41AEE">All Sessions</TranslatableMessage>
  </TranslatableMessages>
  <TranslatableMessages groupName="UiAccessedResources" purpose="ui">
    <TranslatableMessage id="TitleLabel" md5="C2F19D451EEA236AE7251AC15C0F1656">Active Resource Status</TranslatableMessage>
    <TranslatableMessage id="DisplayNameLabel" md5="40AD2E41145186E2E682948414BC4507">Resource Name</TranslatableMessage>
    <TranslatableMessage id="ResourcesNumSessionsLabel" md5="893FEDE3E7D7C6B5224955D88F659AA6">Active Connect Sessions</TranslatableMessage>
  </TranslatableMessages>
  <TranslatableMessages groupName="UiRecentSessions" purpose="ui">
    <TranslatableMessage id="TitleLabel" md5="E963B4B51B1E686094CEFD5613200E7D">Recent Launches</TranslatableMessage>
    <TranslatableMessage id="HostNameLabel" md5="A5D46B9284CE057C6C649D2F76F67180">Server Name</TranslatableMessage>
    <TranslatableMessage id="UserFullNameLabel" md5="CE9B67ECD58AF0D44C3F6B363E14B4E9">User Name</TranslatableMessage>
    <TranslatableMessage id="UserAccountNameLabel" md5="35770AD54A8617DA903673E4CCB68226">Principal Name</TranslatableMessage>
    <TranslatableMessage id="ResourceDisplayNameLabel" md5="ECA76FF98FC9D39EBA247C794065B26C">Application</TranslatableMessage>
    <TranslatableMessage id="SessionStatusLabel" md5="3DE93EF5168B837FAE979F159515BE4E">Status</TranslatableMessage>
    <TranslatableMessage id="SessionStartUpTimeLabel" md5="965E3DA492A1C380CECDDC231F58CF24">Launch Time</TranslatableMessage>
  </TranslatableMessages>
  <TranslatableMessages groupName="UiDashBoardGeneral" purpose="ui">
    <TranslatableMessage id="CloudConnectTitleLabel" md5="162739632AD77AF2B19D5E28D8B908FD">Connect Status</TranslatableMessage>
    <TranslatableMessage id="DashBoardLabel" md5="2D7C4C845895819E9D629A51988D8328">Dashboard</TranslatableMessage>
    <TranslatableMessage id="SystemStartUpTimeLabel" md5="CFCDB2666946739B3F7B8BB9068F4910">Server up since</TranslatableMessage>
  </TranslatableMessages>
  <TranslatableMessages groupName="UiToolTip" purpose="ui">
    <TranslatableMessage id="InheritedText1" md5="4E3DE992A8CCAF6423FF29DCA9B1CF46">The value for this setting is now</TranslatableMessage>
    <TranslatableMessage id="InheritedText2" md5="3AD60BA34F947E401EBDA561F9E42B08">Override an inherited value by entering data and pressing Save.</TranslatableMessage>
    <TranslatableMessage id="InheritedText3" md5="315882B50916099EE4A129DD6E918873">To restore the Inherited value</TranslatableMessage>
    <TranslatableMessage id="InheritedText4" md5="E0149BB86AA2C90D21C0F3EB7F6A979C">click the</TranslatableMessage>
    <TranslatableMessage id="InheritedText5" md5="E109AA335083B7E161F5601F2B28F9D8">Icon</TranslatableMessage>
  </TranslatableMessages>
  <TranslatableMessages groupName="UiMenuTabLabels" namespace="Ericom.MegaConnect.Runtime.XapApi" purpose="ui">
    <TranslatableMessage id="DashBoard" md5="2D7C4C845895819E9D629A51988D8328">Dashboard</TranslatableMessage>
    <TranslatableMessage id="Reports" md5="D09A8981CE38355BB49B9BE1573DB2A1">Reports</TranslatableMessage>
    <TranslatableMessage id="Alerts" md5="0773BEEFB010D75BE726A746EE6DBDE3">Alerts</TranslatableMessage>
    <TranslatableMessage id="Resources" md5="CFD801FF99507BAB95EB4435553D5C35">Publish</TranslatableMessage>
    <TranslatableMessage id="ResourcesAppsAndDesktops" md5="AC804603FA7610C7B5E3A1B6704F287E">Apps &amp; Desktops</TranslatableMessage>
    <TranslatableMessage id="ResourcesGroups" md5="20C634FFF38ED695B6F8BF5CE213D5BB">Groups</TranslatableMessage>
    <TranslatableMessage id="Users" md5="0FC0DAF6C115D6363A74F2905FC48C78">Users</TranslatableMessage>
    <TranslatableMessage id="Settings" md5="A2087E42A8AB314CCFBD5F6443C9FF7B">Settings</TranslatableMessage>
    <TranslatableMessage id="Administration" md5="5BCC1F2F99134D103C134AE462373C4F">Administration</TranslatableMessage>
    <TranslatableMessage id="Configuration" md5="30F553695D00BAD5E02156571B6CDDEC">System Configuration</TranslatableMessage>
    <TranslatableMessage id="Network" md5="036C48A127712CC2EDC0B41E8A5E71AC">Network</TranslatableMessage>
    <TranslatableMessage id="TerminalServers" md5="466F67960B43B6D77499634360A9701A">Systems</TranslatableMessage>
    <TranslatableMessage id="NetworkCloudConnect" md5="931845936BF821107D16B0C44B2ECB4B">Connect</TranslatableMessage>
    <TranslatableMessage id="NetworkRemoteHosts" md5="39D1D7DAC6F749EC921C4F6F2FBAE3B9">Registered</TranslatableMessage>
    <TranslatableMessage id="NetworkRemoteGroups" md5="20C634FFF38ED695B6F8BF5CE213D5BB">Groups</TranslatableMessage>
    <TranslatableMessage id="TerminalServersCommon" md5="5B17FABC6E8C2B1A8D3180A08C2445D2">Common</TranslatableMessage>
    <TranslatableMessage id="ConnectServers" md5="05C57145828C93DD84258186DCB620C0">Connect Services</TranslatableMessage>
    <TranslatableMessage id="Authentication" md5="7BDA271A87EEC1B0A1D054FD39CC5C40">Authentication</TranslatableMessage>
    <TranslatableMessage id="AuthenticationADList" md5="96991BE2C10AC7EDCE989484D2C7D2A7">Active Directory List</TranslatableMessage>
    <TranslatableMessage id="AuthenticationAdminUsers" md5="2CA9BF90E63282F9A9825D84981E3E51">Admin Users</TranslatableMessage>
    <TranslatableMessage id="Authentication2Factor" md5="276F15DF8B696986F4E4773E88308F27">RADIUS</TranslatableMessage>
    <TranslatableMessage id="ConfigurationLicense" md5="308D03D6A85EB3B4C422550D2F6737AB">Licensing</TranslatableMessage>
    <TranslatableMessage id="ConfigurationLoggingConfiguration" md5="16D613CACE84ED77A6DD4530AE862A9E">Logging Configuration</TranslatableMessage>
    <TranslatableMessage id="ConfigurationSystemSettingPropertySheet" md5="AEA47BBB513C591D1D90FF6A31C71672">Property Sheet</TranslatableMessage>
    <TranslatableMessage id="ConfigurationGridManagement" md5="CE562B1CAA88440FABE0461E58BA6306">Grid Management</TranslatableMessage>
    <TranslatableMessage id="ConfigurationResourceBindingDefaults" md5="0C1E54138017CC60A5C676CB9061BA2B">Requirements</TranslatableMessage>
    <TranslatableMessage id="ConfigurationConnectionDefaults" md5="A4CEA25BA1FC544DB016B53B41E1A2DD">Advanced</TranslatableMessage>
    <TranslatableMessage id="ConfigurationSystemConfigDefaults" md5="DCB6A9291B0363CFF31F65E58FD144EF">System Settings</TranslatableMessage>
    <TranslatableMessage id="TenantConfiguration" md5="8D5FA45FD0A39EA623BACD18617D3963">Tenant Configuration</TranslatableMessage>
    <TranslatableMessage id="TenantAdvanced" md5="A4CEA25BA1FC544DB016B53B41E1A2DD">Advanced</TranslatableMessage>
    <TranslatableMessage id="TenantRequirements" md5="0C1E54138017CC60A5C676CB9061BA2B">Requirements</TranslatableMessage>
    <TranslatableMessage id="TenantSettings" md5="5BB77CACF1C0F2ACE9A99B2461A76199">Tenant Settings</TranslatableMessage>
    <TranslatableMessage id="SecondarySystemSettings" md5="1AC44D92327825FABDF70F4C7CE93FB0">Secondary Settings</TranslatableMessage>
    <TranslatableMessage id="DelegatedAdmin" md5="568F7F64D0890B522760C4D44BC1C52E">Administrator Roles</TranslatableMessage>
  </TranslatableMessages>
  <TranslatableMessages groupName="UiCommonLabels" purpose="ui">
    <TranslatableMessage id="Welcome" md5="63CEE0179A1AE1B22475B451FAA0EE04">Welcome</TranslatableMessage>
    <TranslatableMessage id="SearchPlaceholder" md5="4B289856AF88C1F655E32B9A1D76760F">Search</TranslatableMessage>
    <TranslatableMessage id="MenuTitlePlaceholder" md5="35106240D2F0DB35716E127EB80A0299">Administrator</TranslatableMessage>
    <TranslatableMessage id="TenantName" md5="4BADE6DD6841575E7FA1679940898D16">Tenant Name</TranslatableMessage>
    <TranslatableMessage id="AboutPlaceholder" md5="4F02C2F1CBB801F20D5D82A64F9E41F9">About Ericom Connect</TranslatableMessage>
    <!-- About text is replaced by the build processes -->
    <TranslatableMessage id="AboutText" parameters="version/int" md5="D4F8690EE73725C4AA2FF329FD298344">Version {0}</TranslatableMessage>
    <TranslatableMessage id="LogoutPlaceholder" md5="1E687EB34D7E5C0509EC815C5A3B3736">Sign Out</TranslatableMessage>
    <TranslatableMessage id="LocalTime" md5="6A52C3D651F8BD80B6AF7A50EBCDCED5">Local time</TranslatableMessage>
  </TranslatableMessages>
  <TranslatableMessages groupName="UiReportsGeneral" purpose="ui">
    <TranslatableMessage id="ReportsTitle" md5="D09A8981CE38355BB49B9BE1573DB2A1">Reports</TranslatableMessage>
    <TranslatableMessage id="CategoriesLabel" md5="7F5D6294AE8DAEF6321A13A50CA41309">Categories</TranslatableMessage>
    <TranslatableMessage id="ReportsLabel" md5="D09A8981CE38355BB49B9BE1573DB2A1">Reports</TranslatableMessage>
    <TranslatableMessage id="CategorySelectDefault" md5="1453675F627FDEDA15F87F2D96F3C548">-- Select Category --</TranslatableMessage>
    <TranslatableMessage id="ReportSelectDefault" md5="67D775261B56B1357E7208395936AEF9">-- Select Report --</TranslatableMessage>
    <TranslatableMessage id="ClearBtn" md5="F1B358DF4C9BE2D2F3E3A45A247D11D2">Clear</TranslatableMessage>
    <TranslatableMessage id="DefaultsBtn" md5="06F3F07DEECDCED769A8BCA2E7BAE664">Defaults</TranslatableMessage>
    <TranslatableMessage id="ExecuteBtn" md5="40BAA4131CBD244ACE66AEC041A5B1ED">Execute</TranslatableMessage>
    <TranslatableMessage id="ExportBtn" md5="39EB34FC70027C4E50F8EF25EFA44ABD">Export To CSV</TranslatableMessage>
    <TranslatableMessage id="DescriptionLabel" md5="654631A61F5A3700FEC5F2BE1B395743">Description</TranslatableMessage>
    <TranslatableMessage id="FiltersLabel" md5="48D353596F9A077BD6362F4C28E99199">Filters</TranslatableMessage>
    <TranslatableMessage id="LoadingLabel" md5="4BEACA5DA835C23BE36102B18B3DE9EF">Loading</TranslatableMessage>
    <TranslatableMessage id="NoResultsLabel" md5="76F5A0A3480D043732B7F6E9A000D504">No Results</TranslatableMessage>
    <TranslatableMessage id="ResultsLabel" md5="AD1BCC5F5D51EF853FBC927A4164430C">Results</TranslatableMessage>
  </TranslatableMessages>
  <TranslatableMessages groupName="UiNetworkCloudConnect" purpose="ui">
    <TranslatableMessage id="ServerStateTooltip" md5="7E885C95D5C000E6BADC705B77EFE0AC">Status is</TranslatableMessage>
    <TranslatableMessage id="ContactedWithin" md5="7BB223C065BD227273491910A3D41DC8">Last contacted within</TranslatableMessage>
    <TranslatableMessage id="CloudConnectTitle" md5="11906504DE537FAA64791B1ADFA28FD6">Connect Grid Services</TranslatableMessage>
    <TranslatableMessage id="GroupByLabel" md5="BB37ABE1FBD75A8359E708C7045109F7">Group By</TranslatableMessage>
    <TranslatableMessage id="GroupPropertiesLabel" md5="1650A9FECADDEA43C66685BFAD5CB3B7">Properties</TranslatableMessage>
    <TranslatableMessage id="GroupByServersLabel" md5="A67C27AEADF94E70B7860A02DCF7C8E6">Servers</TranslatableMessage>
    <TranslatableMessage id="GroupByTypeLabel" md5="6923B857AF58E2142D7044029EAB06C3">Type</TranslatableMessage>
    <TranslatableMessage id="GroupByNoneLabel" md5="156EF32B04D511039CBD9603B5280DBB">None</TranslatableMessage>
    <TranslatableMessage id="ComponentsLabel" md5="837ECC20EDF19C70FB17316A72948BB1">Components</TranslatableMessage>
    <TranslatableMessage id="DetailsLabel" md5="C93111F125230E5CB3ADB43D8E94CAA7">Details</TranslatableMessage>
    <TranslatableMessage id="StatusLabel" md5="3DE93EF5168B837FAE979F159515BE4E">Status</TranslatableMessage>
    <TranslatableMessage id="SettingsLabel" md5="A2087E42A8AB314CCFBD5F6443C9FF7B">Settings</TranslatableMessage>
    <TranslatableMessage id="LogsLabel" md5="8CB30F4A1AEDB3EBBB9BF1E9EAB36271">Logs</TranslatableMessage>
    <TranslatableMessage id="SearchPlaceholder" md5="4B289856AF88C1F655E32B9A1D76760F">Search</TranslatableMessage>
    <TranslatableMessage id="InstanceInfoText" md5="748951157ED668F92659C6AC3DCD4D58">To change the default settings for each service, click the Configuration icon in the title row of the service.</TranslatableMessage>
    <TranslatableMessage id="CommonInfoText" md5="FC50F2A9343CC74BD08DF2A61A3EBF55">These settings are inherited by all services of this type.</TranslatableMessage>
    <TranslatableMessage id="FilterPlaceholderLabel" md5="5862D8C5081AF9DB256FA21CDE6A4416">Filters:</TranslatableMessage>
    <TranslatableMessage id="FilterPortalLabel" md5="173726A41D28D948928F9C7788B92A13">Live Portal Sessions</TranslatableMessage>
    <TranslatableMessage id="FilterRDPLabel" md5="EF997B1E351F0103F3426BFFB008057B">Live Remote Sessions</TranslatableMessage>
    <TranslatableMessage id="ServerStateLabel" md5="2F66840B2E9C39E7D5A5C28710E6A7F0">Server State</TranslatableMessage>
    <TranslatableMessage id="AccessServerStateLabel" md5="703706F5F9ABA183DF17B840E685A1BD">Access Server State</TranslatableMessage>
    <TranslatableMessage id="ServerUpTimeLabel" md5="18019D3C8208A69697EA0BD7E7F77375">Contacted within</TranslatableMessage>
  </TranslatableMessages>
  <TranslatableMessages groupName="UiNetworkCloudConnectTable" purpose="ui">
    <TranslatableMessage id="NameLabel" md5="2DFFCF036379C6ECFCBD495538045821">Name</TranslatableMessage>
    <TranslatableMessage id="VerLabel" md5="84DE17DC9CADE9D2888857B968D9CE12">Ver.</TranslatableMessage>
    <TranslatableMessage id="ServerNameLabel" md5="A5D46B9284CE057C6C649D2F76F67180">Server Name</TranslatableMessage>
    <TranslatableMessage id="ServerTypeLabel" md5="E301A608D1D3D60A47315B21C40DF02C">Server Type</TranslatableMessage>
    <TranslatableMessage id="ServerIPLabel" md5="8FA8B61945996FA1E086F3FA2C455435">Server IP</TranslatableMessage>
    <TranslatableMessage id="StatusLabel" md5="3DE93EF5168B837FAE979F159515BE4E">Status</TranslatableMessage>
    <TranslatableMessage id="ESG" md5="CA2DFC9CC74595849F7B679795EAAD0F">ESG Service</TranslatableMessage>
    <TranslatableMessage id="EndUserWebService" md5="0A9F8A12EB08646770D23C9B308D6346">End User Web Service</TranslatableMessage>
    <TranslatableMessage id="AdminWebService" md5="CBE523DDF1C1C3837DCEF29747223F3B">Administration Web Service</TranslatableMessage>
    <TranslatableMessage id="CloudConnectBLService" md5="DFBFDE341B4FC28CBDD98E2FA1FDE505">Business Logic Service</TranslatableMessage>
    <TranslatableMessage id="RemoteAgent" md5="798E325A0CF5C56AF549E18ABED2EDFC">Remote Agent Service</TranslatableMessage>
  </TranslatableMessages>
  <TranslatableMessages groupName="UiNetworkRemoteHosts" purpose="ui">
    <TranslatableMessage id="AccessServerStateTooltip" md5="7CC16C5570B8EAB9CEB33D0D7993F24E">Access Server state is</TranslatableMessage>
    <TranslatableMessage id="ServerStateTooltip" md5="E7AC56C868E243EC4E3A81251F8C5E31">RemoteAgent state is</TranslatableMessage>
    <TranslatableMessage id="ContactedWithin" md5="7BB223C065BD227273491910A3D41DC8">Last contacted within</TranslatableMessage>
    <TranslatableMessage id="RemoteHostsTitle" md5="4325518CA552266C3A1EC431541CD92E">Servers and Workstations</TranslatableMessage>
    <TranslatableMessage id="TerminalServerLabel" md5="48700638220B4B9A83047689C3D775E1">System Information</TranslatableMessage>
    <TranslatableMessage id="AddToGroupLabel" md5="C7299700B2A460400E727A9F8D445D9C">Add to Group</TranslatableMessage>
    <TranslatableMessage id="GroupByServersLabel" md5="A67C27AEADF94E70B7860A02DCF7C8E6">Servers</TranslatableMessage>
    <TranslatableMessage id="GroupByTypeLabel" md5="6923B857AF58E2142D7044029EAB06C3">Type</TranslatableMessage>
    <TranslatableMessage id="GroupByNoneLabel" md5="156EF32B04D511039CBD9603B5280DBB">None</TranslatableMessage>
    <TranslatableMessage id="ComponentsLabel" md5="837ECC20EDF19C70FB17316A72948BB1">Components</TranslatableMessage>
    <TranslatableMessage id="DetailsLabel" md5="C93111F125230E5CB3ADB43D8E94CAA7">Details</TranslatableMessage>
    <TranslatableMessage id="StatusLabel" md5="3DE93EF5168B837FAE979F159515BE4E">Status</TranslatableMessage>
    <TranslatableMessage id="SettingsLabel" md5="A2087E42A8AB314CCFBD5F6443C9FF7B">Settings</TranslatableMessage>
    <TranslatableMessage id="LogsLabel" md5="8CB30F4A1AEDB3EBBB9BF1E9EAB36271">Logs</TranslatableMessage>
    <TranslatableMessage id="SearchPlaceholder" md5="4B289856AF88C1F655E32B9A1D76760F">Search</TranslatableMessage>
    <TranslatableMessage id="InstanceInfoText" md5="BFB9EB5421ADF0884CCD376B2890E33D">To edit the default settings, click the gear icon on the left navigation table.</TranslatableMessage>
    <TranslatableMessage id="CommonInfoText" md5="8090F0975076545B7118421ADF3C57B6">These settings are inherited by all servers.</TranslatableMessage>
    <TranslatableMessage id="UnsavedDataText" md5="A88070FEE1798AB3EB2103EBA55D54BD">There is unsaved data, do you wish to proceed?</TranslatableMessage>
  </TranslatableMessages>
  <TranslatableMessages groupName="UiNetworkRemoteGroups" purpose="ui">
    <TranslatableMessage id="RemoteGroupsTitle" md5="20C634FFF38ED695B6F8BF5CE213D5BB">Groups</TranslatableMessage>
    <TranslatableMessage id="TerminalServerLabel" md5="9AFABD621F47040FA00C78B0A23B42AB">Information</TranslatableMessage>
    <TranslatableMessage id="AddToGroupLabel" md5="C7299700B2A460400E727A9F8D445D9C">Add to Group</TranslatableMessage>
    <TranslatableMessage id="GroupByServersLabel" md5="A67C27AEADF94E70B7860A02DCF7C8E6">Servers</TranslatableMessage>
    <TranslatableMessage id="GroupByTypeLabel" md5="6923B857AF58E2142D7044029EAB06C3">Type</TranslatableMessage>
    <TranslatableMessage id="GroupByNoneLabel" md5="156EF32B04D511039CBD9603B5280DBB">None</TranslatableMessage>
    <TranslatableMessage id="ComponentsLabel" md5="837ECC20EDF19C70FB17316A72948BB1">Components</TranslatableMessage>
    <TranslatableMessage id="DetailsLabel" md5="C93111F125230E5CB3ADB43D8E94CAA7">Details</TranslatableMessage>
    <TranslatableMessage id="StatusLabel" md5="3DE93EF5168B837FAE979F159515BE4E">Status</TranslatableMessage>
    <TranslatableMessage id="SettingsLabel" md5="A2087E42A8AB314CCFBD5F6443C9FF7B">Settings</TranslatableMessage>
    <TranslatableMessage id="LogsLabel" md5="8CB30F4A1AEDB3EBBB9BF1E9EAB36271">Logs</TranslatableMessage>
    <TranslatableMessage id="SearchPlaceholder" md5="4B289856AF88C1F655E32B9A1D76760F">Search</TranslatableMessage>
    <TranslatableMessage id="BasicTab" md5="F58331BCA3D17B3E90C19C269DE9501E">Basic</TranslatableMessage>
    <TranslatableMessage id="ServersTab" md5="466F67960B43B6D77499634360A9701A">Systems</TranslatableMessage>
    <TranslatableMessage id="BindingTab" md5="0F62743F0F08A8B98906BAF91447B08C">Binding</TranslatableMessage>
    <TranslatableMessage id="CreateGroup" md5="C1320663E0B1109DFF0AA79CE540CAA7">Create Group</TranslatableMessage>
    <TranslatableMessage id="DeleteGroup" md5="C05F90F19FD75711DAF8E982ED5E2BF3">Delete Group</TranslatableMessage>
    <TranslatableMessage id="SearchGroup" md5="DF6131D090A329AC05E7930B0D21F4EE">Search Group</TranslatableMessage>
    <TranslatableMessage id="ByNameAscDropDownSelect" md5="1F66C224F33636ACD5A8DCC21B9328BF">By Name (A-Z)</TranslatableMessage>
    <TranslatableMessage id="ByNameDescDropDownSelect" md5="161E36370CE3D5B98047CDA7B1D45AD6">By Name (Z-A)</TranslatableMessage>
  </TranslatableMessages>
  <TranslatableMessages groupName="UiNetworkRemoteHostsTable" purpose="ui">
    <TranslatableMessage id="ServerNameLabel" md5="D6CED93A4F6F6EA3F609E5EF25AC0A07">System Name</TranslatableMessage>
    <TranslatableMessage id="IPLabel" md5="1AE7BFD07FFAFBE135DC1514718402B5">IP Address</TranslatableMessage>
    <TranslatableMessage id="AccessServerLabel" md5="B3B53357F830D67AE020A9756DB62B74">Access Server</TranslatableMessage>
    <TranslatableMessage id="StatusLabel" md5="E3FABA9B9DFEE086FB3E54FF44E48DD5">Remote Agent</TranslatableMessage>
    <TranslatableMessage id="ToolTipCommon" md5="461A1822E99DFB81059487CE5063A191">Open the Remote Hosts Common Information</TranslatableMessage>
  </TranslatableMessages>
  <TranslatableMessages groupName="UiDelegatedAdmin" namespace="Ericom.MegaConnect.Runtime.XapApi" purpose="ui">
    <TranslatableMessage id="DelegatedAdminTitle" md5="568F7F64D0890B522760C4D44BC1C52E">Administrator Roles</TranslatableMessage>
    <TranslatableMessage id="AddNewRoleTitle" md5="58B68512B2B134AB9C1A2C09FCE32A02">Create New Admin Role</TranslatableMessage>
    <TranslatableMessage id="PropertiesLabel" md5="1650A9FECADDEA43C66685BFAD5CB3B7">Properties</TranslatableMessage>
    <TranslatableMessage id="PropertiesTabLabel" md5="1650A9FECADDEA43C66685BFAD5CB3B7">Properties</TranslatableMessage>
    <TranslatableMessage id="RoleDefinitionsTitle" md5="1DBBB48907F2D9950E8E0C9BD4A4BA22">Required roles for complete functionality</TranslatableMessage>
    <TranslatableMessage id="PrivilegesLabel" md5="F8B9AB60B68438294551377F2A6832C8">Privileges</TranslatableMessage>
    <TranslatableMessage id="PrivilegesTabLabel" md5="F8B9AB60B68438294551377F2A6832C8">Privileges</TranslatableMessage>
    <TranslatableMessage id="UsersLabel" md5="A3D39A88B8C2B3CD673DC9B9516CD363">Users/Groups</TranslatableMessage>
    <TranslatableMessage id="UsersTabLabel" md5="A3D39A88B8C2B3CD673DC9B9516CD363">Users/Groups</TranslatableMessage>
    <TranslatableMessage id="CreateAdminRole" md5="5E469F5DCF427BC456F395A4A2C4D365">Create Admin Role</TranslatableMessage>
    <TranslatableMessage id="DeleteAdminRole" md5="65EECEF43E1C7387DC30156FC05552AC">Delete Admin Role</TranslatableMessage>
    <TranslatableMessage id="SearchLabel" md5="43C35357AA399BD0B24E751F51F9C5BC">Search Admin Roles</TranslatableMessage>
    <TranslatableMessage id="DeleteBtn" md5="220E909CB8C529803CC5FBA31FDA655F">Delete Admin Role(s)</TranslatableMessage>
    <TranslatableMessage id="DeleteConfimation" md5="954B492DCB76C6248B4529F3C1ECC9DB">Are you sure you want to delete the selected role(s)?</TranslatableMessage>
    <TranslatableMessage id="RoleName" md5="4E492CBC85ED3DBEEAB08703E5E3C2F2">Admin Role Name</TranslatableMessage>
    <TranslatableMessage id="RoleDescription" md5="A2BB1BC44D079F99D75330C8281DC7C4">Admin Role Description</TranslatableMessage>
    <TranslatableMessage id="Elements" md5="5433608BE44D59081D18ABD6684716D2">Elements (* Cross Tenant)</TranslatableMessage>
    <TranslatableMessage id="NoPrivileges" md5="4B3858082ACAF4B45C24F58DE0C0C66D">No Privileges</TranslatableMessage>
    <TranslatableMessage id="ReadOnly" md5="9B4AF5D2FF30616BC65A130538C472E5">View Only</TranslatableMessage>
    <TranslatableMessage id="ReadWrite" md5="02AFF03B1DEE3ACB0BD1D991B06CC894">View &amp; Manage</TranslatableMessage>
    <TranslatableMessage id="DashBoardPrivilege" md5="2D7C4C845895819E9D629A51988D8328">Dashboard</TranslatableMessage>
    <TranslatableMessage id="ReportsPrivilege" md5="D09A8981CE38355BB49B9BE1573DB2A1">Reports</TranslatableMessage>
    <TranslatableMessage id="ResourcesPrivilege" md5="CFD801FF99507BAB95EB4435553D5C35">Publish</TranslatableMessage>
    <TranslatableMessage id="UsersPrivilege" md5="0FC0DAF6C115D6363A74F2905FC48C78">Users</TranslatableMessage>
    <TranslatableMessage id="ConfigurationPrivilege" md5="5E092BE042B7A4CDB49418A3277233F0">Configuration</TranslatableMessage>
    <TranslatableMessage id="NetworkCloudConnectPrivilege" md5="05C57145828C93DD84258186DCB620C0">Connect Services</TranslatableMessage>
    <TranslatableMessage id="NetworkRemoteHostsPrivilege" md5="466F67960B43B6D77499634360A9701A">Systems</TranslatableMessage>
    <TranslatableMessage id="ConnectServersPrivilege" md5="05C57145828C93DD84258186DCB620C0">Connect Services</TranslatableMessage>
    <TranslatableMessage id="TenantsPrivilege" md5="DA416521DB00437A9E6B7B92BCCC57F7">Tenants</TranslatableMessage>
    <TranslatableMessage id="ErrorRoleNameEmpty" md5="9AFFE8760B520645DB796719BAC5C2B7">Please fill in the Role Name field</TranslatableMessage>
    <TranslatableMessage id="ErrorRoleDescriptionEmpty" md5="7217350834C7E4D99EFA31545090F92C">Please fill in the Role Description field</TranslatableMessage>
    <TranslatableMessage id="DashBoardRequiredPermissions" md5="8251BC3CD81EF0BD169A94E593E8A476">Dashboard, Users (View Only), Systems (View Only)</TranslatableMessage>
    <TranslatableMessage id="ResourcesGroupsRequiredPermissions" md5="CB808407B06C882C3439A214C599AF97">Publish (View &amp; Manage), Systems (View Only)</TranslatableMessage>
    <TranslatableMessage id="NetworkRemoteHostsRequiredPermissions" md5="68102466867AED02B9A94FC913BC80BA">System (View &amp; Manage), Reports</TranslatableMessage>
    <TranslatableMessage id="TerminalServersCommonRequiredPermissions" md5="8C22466D7D845D971044B40DD638FED4">System (View &amp; Manage), Reports, Tenant Configuration (View &amp; Manage)</TranslatableMessage>
    <TranslatableMessage id="ConnectServersRequiredPermissions" md5="A6AFED99486981A80F6A00FA3EC87B29">Configuration (View &amp; Manage), Reports</TranslatableMessage>
    <TranslatableMessage id="CurrentAdminRoleInListTooltip" md5="AC553472E6F2BF242EC55C31CA0D199F">This is the current admin role</TranslatableMessage>
  </TranslatableMessages>
  <TranslatableMessages groupName="UiLoginGeneral" purpose="ui">
    <TranslatableMessage id="EricomLabel" md5="4D675A06C6567ABD9EC659ABBA90AE89">Connect Administration</TranslatableMessage>
    <TranslatableMessage id="LoginBtn" md5="F5C9EC6644DB1C0455201AA25A59E79D">Sign In</TranslatableMessage>
    <TranslatableMessage id="UsernamePlaceholder" md5="288EB23354A31B17B7970F169705B369">Username</TranslatableMessage>
    <TranslatableMessage id="PasswordPlaceholder" md5="FCD9449DF6E7E5ADAA69B9CF32860E14">Password</TranslatableMessage>
    <TranslatableMessage id="TenantPlaceholder" md5="E25441103F5652435D0F894291520291">Tenant URL</TranslatableMessage>
    <TranslatableMessage id="LoginStateLabel" md5="F5C9EC6644DB1C0455201AA25A59E79D">Sign In</TranslatableMessage>
    <TranslatableMessage id="RememberMeLabel" md5="4AB54B02C18C51557EFE53AD524F0580">Remember me</TranslatableMessage>
    <TranslatableMessage id="TotalNumberOfResultsWasTruncatedTo" md5="E1D78E30DD2BCD14747B677D17FB2870">Number of results has been truncated to {number}.</TranslatableMessage>
    <TranslatableMessage id="TotalNumberOfResultsIs" md5="1547F0107654A6A3A8E853214A17CFCF">Number of results is {number}.</TranslatableMessage>
    <TranslatableMessage id="NoResults" md5="91EAEB139126A03D9101F6FF17AF3922">No results found.</TranslatableMessage>
  </TranslatableMessages>
  <TranslatableMessages groupName="UiUsers" purpose="ui">
    <TranslatableMessage id="UsersFilterPortalTooltip" md5="85DDDE4A41FA11DAE99543CE2585BBE3">A portal session is active</TranslatableMessage>
    <TranslatableMessage id="UsersFilterRDPTooltip" md5="0DCB63549CE56EC65A839FF4AB44C356">A RDP session is active</TranslatableMessage>
    <TranslatableMessage id="UsersDetailsTitle" md5="0FC0DAF6C115D6363A74F2905FC48C78">Users</TranslatableMessage>
    <TranslatableMessage id="UserListNameHeading" md5="2DFFCF036379C6ECFCBD495538045821">Name</TranslatableMessage>
    <TranslatableMessage id="UsersListAccountHeading" md5="43CC71789E89C2E73D0C5BAC1693B94E">Account</TranslatableMessage>
    <TranslatableMessage id="UsersListUserSession" md5="DCB2C89B00BA58F89D2FCCC8E4DE46AA">Portal Sessions</TranslatableMessage>
    <TranslatableMessage id="UsersListRemoteSessions" md5="FAFAA1C2A2877EBDB1D406E5D197CC3C">RDP Sessions</TranslatableMessage>
    <TranslatableMessage id="UsersListUserInformation" md5="2141E842554DAC217866A7FEE9DC4146">User Information</TranslatableMessage>
    <TranslatableMessage id="UsersListCurrentSessions" md5="418EF233B5C8885006DE3E27A543ACF6">Current Sessions</TranslatableMessage>
    <TranslatableMessage id="UsersListLogs" md5="8CB30F4A1AEDB3EBBB9BF1E9EAB36271">Logs</TranslatableMessage>
    <TranslatableMessage id="UsersListLaunchAnalysis" md5="F812B4981710480D3C2E3BD185EB77F3">Launch Analysis</TranslatableMessage>
    <TranslatableMessage id="ActiveDirectoryInformation" md5="484538881A432D3E08C69260B1647A69">Active Directory Information</TranslatableMessage>
    <TranslatableMessage id="EndUserSessionInfos" md5="C1AF56EBBE6BDC272642FADE98AB5A75">End User Session Information</TranslatableMessage>
    <TranslatableMessage id="RemoteSessionInfos" md5="462505E3C38FA256C150924267AA5C49">Remote Session Information</TranslatableMessage>
    <TranslatableMessage id="ResourceTree" md5="540C314D58BF7F6C4136A44EA1C32F0C">Resource Tree (click Icon for launch analysis)</TranslatableMessage>
    <TranslatableMessage id="AccountName" md5="0E35DEBEE72726F9978468FAFE378F4D">Account Name</TranslatableMessage>
    <TranslatableMessage id="AdAttributesOfInterest" md5="D3BA29B909B0ADF9031EA347C5C327FA">Active Directory Attributes of Interest</TranslatableMessage>
    <TranslatableMessage id="CanChangePassword" md5="9035956907C34391B2ACD99ED0DE433B">Can change Password</TranslatableMessage>
    <TranslatableMessage id="DistinguishedGroupNames" md5="0279F75DE62188BA9B3029C4D059A881">Distinguished Group Names</TranslatableMessage>
    <TranslatableMessage id="DistinguishedUserName" md5="0DACB56B25DF299E66B7C05E4797BE34">Distinguished User Name</TranslatableMessage>
    <TranslatableMessage id="DnsDomainName" md5="9054067DE30E311873590376B5C0A50A">DNS Domain Name</TranslatableMessage>
    <TranslatableMessage id="EncryptedPassword" md5="5EB1E49870FA52D7431CED52B18E7A8B">Encrypted Password</TranslatableMessage>
    <TranslatableMessage id="EndUserId" md5="8029F16E8938FE8640C0883F475BE30B">End User Id</TranslatableMessage>
    <TranslatableMessage id="Groups" md5="20C634FFF38ED695B6F8BF5CE213D5BB">Groups</TranslatableMessage>
    <TranslatableMessage id="DownLevelLogonName" md5="E0397C7CF162CBE2B33EA11FE4F70BEE">Down-Level Logon Name</TranslatableMessage>
    <TranslatableMessage id="AuthenticatedAs" md5="C37CD20A0B40075700FCE50EDBD6A848">Authenticated As</TranslatableMessage>
    <TranslatableMessage id="PersonName" md5="C633A723E510EF6B296D62C208DD5216">Person Name</TranslatableMessage>
    <TranslatableMessage id="NetBiosDomainName" md5="E58EC7460E0186E2ACD7D643C82DE90D">NetBios Domain Name</TranslatableMessage>
    <TranslatableMessage id="UserPrincipalName" md5="C9F120DC54823FDBFDF276CF6F887595">User Principal Name</TranslatableMessage>
    <TranslatableMessage id="TenantId" md5="179A74C5725212D8AA60991CA20F8585">Tenant Id</TranslatableMessage>
    <TranslatableMessage id="TenantName" md5="4BADE6DD6841575E7FA1679940898D16">Tenant Name</TranslatableMessage>
    <TranslatableMessage id="AppNames" md5="D1DECA42E02013B433652E8287988BCF">App Names</TranslatableMessage>
    <TranslatableMessage id="EndUserSessionId" md5="B24FAEDFA5BD44D90CB889EA11B55F00">End User Session Id</TranslatableMessage>
    <TranslatableMessage id="Host" md5="7C09623B24705B5B7189963F48612854">Host</TranslatableMessage>
    <TranslatableMessage id="RemoteHostId" md5="E750DD78D6CB03F50724FB04C4E19574">Remote Host Id</TranslatableMessage>
    <TranslatableMessage id="LastRemoteSessionTime" md5="7FD055EAE8B89E9C4585095DB38853F3">Last Remote Session Time</TranslatableMessage>
    <TranslatableMessage id="Status" md5="3DE93EF5168B837FAE979F159515BE4E">Status</TranslatableMessage>
    <TranslatableMessage id="CreationInfo" md5="C48F928457CB006CBE28EABEABA6A01B">Creation Info</TranslatableMessage>
    <TranslatableMessage id="SessionLastContactTime" md5="CB7464CCF32E182BA86CC645E890BD0E">Session Last Contact Time</TranslatableMessage>
    <TranslatableMessage id="SessionStartTime" md5="BAEF7C0E759025060ECA57F41C81507A">Session Start Time</TranslatableMessage>
    <TranslatableMessage id="ClientIp" md5="F28AD2F1A5D095FE8EE294BE27E3D043">Client IP</TranslatableMessage>
    <TranslatableMessage id="EsgInfo" md5="7F1D333112D1C7F3F674B5909FF20E00">ESG Info</TranslatableMessage>
    <TranslatableMessage id="PortalInfo" md5="C0379BB67E9DA228B67EFAABC9B6EE61">Portal Info</TranslatableMessage>
    <TranslatableMessage id="OSName" md5="EAF4B8F9D3B233618CDD7D7C95D573EC">OS Name</TranslatableMessage>
    <TranslatableMessage id="OSUserName" md5="C046F23B70A9608066E7F64A933E7393">OS User Name</TranslatableMessage>
    <TranslatableMessage id="LocalDeviceId" md5="FBAB3C0584823445F2D9E44BC886CAED">Local Device Id</TranslatableMessage>
    <TranslatableMessage id="ClientUuid" md5="73610072B8DE1FD3FF6FE40E8232B1AF">Client Uuid</TranslatableMessage>
    <TranslatableMessage id="Domain" md5="C7DF1F35DCFA2D790993E462A15413A8">Domain</TranslatableMessage>
    <TranslatableMessage id="MachineName" md5="D2BEAD0BE72BBC45C52AB4B9F141C76F">Machine Name</TranslatableMessage>
    <TranslatableMessage id="PortalDescription" md5="33E2D6EF26EA6D523535BAAE12DA4C9D">Portal Description</TranslatableMessage>
    <TranslatableMessage id="PortalVersion" md5="7552612691C0E42CE80D5E849F218221">Portal Version</TranslatableMessage>
    <TranslatableMessage id="PortalType" md5="7CE5FCE84340F9A9F7FED12A7F48576C">Portal Type</TranslatableMessage>
  </TranslatableMessages>
  <TranslatableMessages groupName="AdminWebServiceConfigurationProperties" purpose="ui">
    <TranslatableMessage id="UrlProtocol" md5="C159C5FD43854DF73869532978500EFA">URL Protocol</TranslatableMessage>
    <TranslatableMessage id="UrlHost" md5="F29005A4439F48FDA4E4F458CB7A64CD">URL Host</TranslatableMessage>
    <TranslatableMessage id="UrlPort" md5="C14DDBFFE8C852653A1A7761831B7E23">URL Port</TranslatableMessage>
    <TranslatableMessage id="UrlFolder" md5="E13F1AF8AD0F871622C066E6274BC924">URL Folder</TranslatableMessage>
    <TranslatableMessage id="CertificateFindBy" md5="C3CC2271956274CEEBACE4277C39EC60">Certificate Find By</TranslatableMessage>
    <TranslatableMessage id="CertificateFindValue" md5="EAFEFE6FC4F41D6A9F3611E8182A655F">Certificate Find Value</TranslatableMessage>
    <TranslatableMessage id="LoggingConfiguration" md5="16D613CACE84ED77A6DD4530AE862A9E">Logging Configuration</TranslatableMessage>
    <TranslatableMessage id="StandaloneServerKeepAliveFrequencySeconds" md5="B3EA9963BA59EE061F93425E4E454BE1">Standalone Server Keep Alive Frequency Seconds</TranslatableMessage>
    <TranslatableMessage id="AdminIdleTimeoutSeconds" md5="8CDF399D66D715742BB6E6AD99012F1B">AdminIdle Timeout Seconds</TranslatableMessage>
    <TranslatableMessage id="AdminIdleWarningSeconds" md5="622FF5EE48CD32538159A1C9A85DED46">AdminIdle Warning Seconds</TranslatableMessage>
  </TranslatableMessages>
  <TranslatableMessages groupName="AdminUiMessageDescriptors" namespace="Ericom.MegaConnect.Runtime.XapApi" purpose="ui">
    <TranslatableMessage id="DashboardLoggedInUsersWidgetTitle" parameters="" md5="CF9C851D5D39756282606976670C328F">Logged in Users</TranslatableMessage>
    <TranslatableMessage id="DashboardLoggedInUsersWidgetText" parameters="" md5="D04D18C3B07CB8EACB76D34780808B9C">Users Logged in now</TranslatableMessage>
    <TranslatableMessage id="DashboardSystemStatusWidgetTitle" parameters="" md5="162739632AD77AF2B19D5E28D8B908FD">Connect Status</TranslatableMessage>
    <TranslatableMessage id="DashboardSystemStartupTime" parameters="" md5="F2087427A01F611E10CEDCDBF129327F">Connect Server up since</TranslatableMessage>
    <TranslatableMessage id="DashboardRemoteHostStatusWidgetTitle" parameters="" md5="27BE6956A2A4F59CEB28A880B8908D56">Remote Systems Status</TranslatableMessage>
    <TranslatableMessage id="DashboardRemoteHostName" parameters="" md5="2DFFCF036379C6ECFCBD495538045821">Name</TranslatableMessage>
    <TranslatableMessage id="DashboardRemoteHostStatus" parameters="" md5="3DE93EF5168B837FAE979F159515BE4E">Status</TranslatableMessage>
    <TranslatableMessage id="DashboardRemoteHostCpu" parameters="" md5="7F1E1200AD724623C96F2D407D310724">CPU</TranslatableMessage>
    <TranslatableMessage id="DashboardRemoteHostMemory" parameters="" md5="D1082B160B7E6B4F1F624C24B7096A70">Memory</TranslatableMessage>
    <TranslatableMessage id="DashboardRemoteHostNumSessions" parameters="" md5="81AC9CC0B43ECD85AAC5F2CE910BAC04">Sessions</TranslatableMessage>
    <TranslatableMessage id="DashboardResourcesStatusWidgetTitle" parameters="" md5="327B8D2FBBE1595765B328D46B85A3A2">Resource Status</TranslatableMessage>
    <TranslatableMessage id="DashboardResourceName" parameters="" md5="2DFFCF036379C6ECFCBD495538045821">Name</TranslatableMessage>
    <TranslatableMessage id="DashboardResourceNumSessions" parameters="" md5="CEE38F4CB800578E18C34E767FC70027"># of active sessions</TranslatableMessage>
    <TranslatableMessage id="DashboardRecentLaunchesWidgetTitle" parameters="" md5="E3DB27E8E06E8C5D7F442EA7A3708EB4">Recent Application Launches</TranslatableMessage>
    <TranslatableMessage id="DashboardSessionStartupTime" parameters="" md5="FE51455A4DFE13439CAB1899ED621722">Time</TranslatableMessage>
    <TranslatableMessage id="DashboardSessionStatus" parameters="" md5="3DE93EF5168B837FAE979F159515BE4E">Status</TranslatableMessage>
    <TranslatableMessage id="DashboardResourceDisplayName" parameters="" md5="4B54788222F10C980E26AD29DA1630C7">Resource</TranslatableMessage>
    <TranslatableMessage id="DashboardUserName" parameters="" md5="288EB23354A31B17B7970F169705B369">Username</TranslatableMessage>
    <TranslatableMessage id="DashboardUserAccountName" parameters="" md5="352505A56AFEDD9397EC1E004F6A7EA5">User account name</TranslatableMessage>
    <TranslatableMessage id="DashboardOverloadedHostsWidgetTitle" parameters="" md5="E4CA1B103FA3B30F63BDEC9539D5928B">Overloaded Servers (CPU / Memory)</TranslatableMessage>
    <TranslatableMessage id="DashboardStatusIndicatorWidgetTitle" parameters="" md5="B9EA4A0F969ABCF43DC2216E4753CDEC">System Health</TranslatableMessage>
    <TranslatableMessage id="DashboardStatusIndicatorIndicatorName" parameters="" md5="263CF1AFF3FE3FBFB48801C15E96EC96">Indicator</TranslatableMessage>
    <TranslatableMessage id="DashboardStatusIndicatorIndicatorValue" parameters="" md5="3DE93EF5168B837FAE979F159515BE4E">Status</TranslatableMessage>
    <TranslatableMessage id="DatabaseStatus" md5="C6F396D59F0A9CA4AF5CF843CC6DEFF5">Database Status</TranslatableMessage>
    <TranslatableMessage id="GridStatus" md5="C5473951DD83B9890E91CC2CCD124FD8">Grid Status</TranslatableMessage>
    <TranslatableMessage id="EsgConfigured" md5="6A206CD06B7CB51B3F4C17F2C4F47647">ESG Host Address</TranslatableMessage>
    <TranslatableMessage id="LogMessageQueue" md5="9740387DA2B890C7A4D08AEB1B276DF4">Queued Log Messages</TranslatableMessage>
    <TranslatableMessage id="ActiveRdpSessions" md5="7D4FC556717AE013C6FFA3FCF097A220">Active Sessions</TranslatableMessage>
    <TranslatableMessage id="DisconnectedRdpSessions" md5="AA0C889F87ED52B6ECD6ED2F7C3B7150">Disconnected Sessions</TranslatableMessage>
    <TranslatableMessage id="LicenseStatus" md5="0A05AAB21EA45EDE54C060624CA46284">License Status</TranslatableMessage>
    <TranslatableMessage id="EsgNotConfiguredVal" parameters="" md5="4C1FE1A76373DD3F78C0A3C7A64D2375">Not configured</TranslatableMessage>
    <TranslatableMessage id="DatabaseStatusVal" parameters="status/string" md5="92A6A401577739F2CF341CBF4EB2A6D6">{0:T}</TranslatableMessage>
    <TranslatableMessage id="DatabaseStatusOnlineVal" parameters="" md5="77C9B29E57A95D7A3F8EEA92F89F51D6">Online</TranslatableMessage>
    <TranslatableMessage id="DatabaseStatusOfflineVal" parameters="" md5="6BD977CD45127E3F821F755CC0AEEED4">Offline</TranslatableMessage>
    <TranslatableMessage id="GridStatusVal" parameters="SystemState/object" md5="92A6A401577739F2CF341CBF4EB2A6D6">{0:T}</TranslatableMessage>
    <TranslatableMessage id="GridStatusCompromisedVal" parameters="" md5="67D0AD35636BB6296F1C504EC495BCBD">Compromised</TranslatableMessage>
    <TranslatableMessage id="LogMessageQueueNumberVal" parameters="numLoggingRequests/int" md5="EC38C180DDCB14F889CBF0A3ACB4671E">{0}</TranslatableMessage>
    <TranslatableMessage id="ActiveRdpSessionsNumberVal" parameters="numActiveSessions/int" md5="EC38C180DDCB14F889CBF0A3ACB4671E">{0}</TranslatableMessage>
    <TranslatableMessage id="DisconnectedRdpSessionsNumberVal" parameters="numDisconSessions/int" md5="EC38C180DDCB14F889CBF0A3ACB4671E">{0}</TranslatableMessage>
    <TranslatableMessage id="LicenseStatusVal" parameters="numLicenseInUse/int maxUsers/int licPercent/int" md5="10C357EDD7AB3704A11A99105A51861B">{0}/{1} {2}%</TranslatableMessage>
    <TranslatableMessage id="LicenseExpiration" md5="E517D14F210E84D61EE33618F6DFE56B">License Expiration</TranslatableMessage>
    <TranslatableMessage id="LicenseExpirationVal" parameters="ExpirationDate/object" md5="EC38C180DDCB14F889CBF0A3ACB4671E">{0}</TranslatableMessage>
    <TranslatableMessage id="LicenseMaintenanceExpirationDate" md5="132948F04FB17357874D7932A312C3B9">Maintenance Expiration</TranslatableMessage>
    <TranslatableMessage id="LicenseMaintenanceExpirationDateVal" parameters="MaintenanceExpirationDate/object" md5="EC38C180DDCB14F889CBF0A3ACB4671E">{0}</TranslatableMessage>
    <TranslatableMessage id="LicenseNumberOfTerminalServersAllowed" md5="79ED2E09A915DCDF47767A839B4682DF">Terminal Servers</TranslatableMessage>
    <TranslatableMessage id="LicenseNumberOfTerminalServersAllowedVal" parameters="numTerminalServersInUse/int maxTerminalServers/int numOfTerminalServersPercent/int" md5="10C357EDD7AB3704A11A99105A51861B">{0}/{1} {2}%</TranslatableMessage>
    <TranslatableMessage id="LicenseNumberOfTerminalServersAllowedMaxVal" parameters="numTerminalServersInUse/int" md5="94B91A0328CD04BEDD986D367C5E1897">Terminal servers in use {0} of unlimited</TranslatableMessage>
    <TranslatableMessage id="LicenseNumberOfWorkstationsAllowed" md5="42E27DDCA0DB328D603180AC2A57C828">Desktops</TranslatableMessage>
    <TranslatableMessage id="LicenseNumberOfWorkstationsAllowedVal" parameters="numWorkstationsInUse/int maxWorkstations/int numOfWorkstationsPercent/int" md5="10C357EDD7AB3704A11A99105A51861B">{0}/{1} {2}%</TranslatableMessage>
    <TranslatableMessage id="LicenseNumberOfWorkstationsAllowedMaxVal" parameters="numWorkstationsInUse/int" md5="E0F71FB45358270A7541B0C2D2B3C749">Desktops in use {0} of unlimited</TranslatableMessage>
    <TranslatableMessage id="LicenseNumberOfApplicationsAllowed" md5="3AF39DA75BAD92021A53112662B369B7">Published Applications</TranslatableMessage>
    <TranslatableMessage id="LicenseNumberOfApplicationsAllowedVal" parameters="numApplicationsInUse/int maxApplications/int numOfApplicationsPercent/int" md5="10C357EDD7AB3704A11A99105A51861B">{0}/{1} {2}%</TranslatableMessage>
    <TranslatableMessage id="LicenseNumberOfApplicationsAllowedMaxVal" parameters="numApplicationsInUse/int" md5="4BBE187AED301E4BE59A0692CA7F0AFE">Applications in use {0} of unlimited</TranslatableMessage>
    <TranslatableMessage id="LicenseNumberOfTenantsAllowed" md5="DA416521DB00437A9E6B7B92BCCC57F7">Tenants</TranslatableMessage>
    <TranslatableMessage id="LicenseNumberOfTenantsAllowedVal" parameters="numTenantsInUse/int maxTenants/int numOfTenantsPercent/int" md5="10C357EDD7AB3704A11A99105A51861B">{0}/{1} {2}%</TranslatableMessage>
    <TranslatableMessage id="LicenseNumberOfTenantsAllowedMaxVal" parameters="numTenantsInUse/int" md5="3BB4690D9B7334FE2813710850E6AB37">Tenants in use {0} of unlimited</TranslatableMessage>
  </TranslatableMessages>
  <TranslatableMessages groupName="LoggingPriorityLevel" namespace="Ericom.MegaConnect.Runtime.XapApi" purpose="ui">
    <TranslatableMessage id="Verbose" md5="56BB77A73F30D4EC08D2C9408459F3CC">Verbose</TranslatableMessage>
    <TranslatableMessage id="Debugging" md5="9ED287CFE9805D0F18FEBCEDDCE71ADF">Debugging</TranslatableMessage>
    <TranslatableMessage id="Info" md5="9AFABD621F47040FA00C78B0A23B42AB">Information</TranslatableMessage>
    <TranslatableMessage id="Warning" md5="CF63118E2DA7B4FD7625271A7BF0BD9D">Warning</TranslatableMessage>
    <TranslatableMessage id="Error" md5="847F9DCE3478DB6F05BC5BE39852B375">Error</TranslatableMessage>
    <TranslatableMessage id="Reporting" md5="C755E8BE29489B8FCD0863BA68DE941D">Reporting</TranslatableMessage>
    <TranslatableMessage id="Critical" md5="932DBB4333EC57985FAEE526004CECA5">Critical</TranslatableMessage>
    <TranslatableMessage id="Audit" md5="B4CE73F26CDF1E90C51B1680C6E731AC">Audit</TranslatableMessage>
  </TranslatableMessages>
  <TranslatableMessages groupName="LoggingComponent" namespace="Ericom.MegaConnect.Runtime.XapApi" purpose="ui">
    <TranslatableMessage id="Server" md5="DCBFBF44C538D746812F6385B0B79E38">Server-side components</TranslatableMessage>
    <TranslatableMessage id="Esg" md5="5DBBA046FF90F11E794E51EA60FA78AF">Secure Gateway service</TranslatableMessage>
    <TranslatableMessage id="BlService" md5="5E966EBCB8FC521093F08509031C888D">Grid management service</TranslatableMessage>
    <TranslatableMessage id="Euws" md5="57DA10D39A314292F30F80D9BB5E6205">End user web service</TranslatableMessage>
    <TranslatableMessage id="RemoteAgent" md5="B136F21125FBAB6E564CCFBE5451BD71">Remote agent service</TranslatableMessage>
    <TranslatableMessage id="AdminWs" md5="B21C2385E03A70C41B651D05BFACB9EC">Admin web service</TranslatableMessage>
  </TranslatableMessages>
  <TranslatableMessages groupName="UiAdminLicense" purpose="ui">
    <TranslatableMessage id="AuthorizationTitle" md5="AB3F0F572C10E2CD309561D738B0AE01">Initial XML</TranslatableMessage>
    <TranslatableMessage id="AuthorizationDescription" md5="627FDF17D13D787315DF280AFABA7D88">Send the full text below to Ericom to request a license.</TranslatableMessage>
    <TranslatableMessage id="LicenseTitle" md5="673FA0463D6B4796125ABC0B6F5AFD4E">Activation XML</TranslatableMessage>
    <TranslatableMessage id="LicenseDescription" md5="F77627614474516345590404ECA54734">Paste the license received from Ericom into the text field below and &lt;br/&gt; press ‘Save’ to activate the new license</TranslatableMessage>
  </TranslatableMessages>
  <TranslatableMessages groupName="UiCountDowndModal" purpose="ui">
    <TranslatableMessage id="Title" md5="E2B224828B267B9CD406F25E1DA834A1">System idle warning</TranslatableMessage>
    <TranslatableMessage id="Content" md5="21CFAF3FD313BF76EFE887BF7ADA068B">Logging out in - {number} seconds</TranslatableMessage>
  </TranslatableMessages>
  <TranslatableMessages groupName="UiDisconnectedModal" purpose="ui">
    <TranslatableMessage id="Title" md5="562941BEA976203E3207F7315BB674D1">Connection error</TranslatableMessage>
    <TranslatableMessage id="Content" md5="3BEDF97914D8F4EA7BC2C5532E610866">The server seems to be offline</TranslatableMessage>
    <TranslatableMessage id="RetryBtn" md5="DBC8D708B7C7F8C936B5E35DC6721E9E">Retry</TranslatableMessage>
  </TranslatableMessages>
  <TranslatableMessages groupName="TranslatedPropertyystemsRegistered.Settings" purpose="ui">
    <TranslatableMessage id="SampleText" md5="331FD6E35E312896D726F3193D201F88">Sample Text</TranslatableMessage>
  </TranslatableMessages>
  <TranslatableMessages groupName="TranslatedProperty.AppsDesktop.Advanced" purpose="ui">
    <TranslatableMessage id="Normal" md5="B1805FBEE51D3643DF3856099B42D50F">Normal</TranslatableMessage>
    <TranslatableMessage id="FullScreen" md5="954082518FEA91BF389A1ED3BEFFB0F1">Full Screen</TranslatableMessage>
    <TranslatableMessage id="Yes" md5="E5A2E318CEED637A86B492ECB02E7DC3">Yes</TranslatableMessage>
    <TranslatableMessage id="No" md5="F8F06480B128D187067BF28EEB2FC576">No</TranslatableMessage>
    <TranslatableMessage id="Pinned" md5="A70B821DCE1938DB5EECEB223445C4A6">Pinned</TranslatableMessage>
    <!--
        <TranslatableMessage id="Current">Current</TranslatableMessage>
        <TranslatableMessage id="UseAll">Use all</TranslatableMessage>
        <TranslatableMessage id="SpanAll">Span all</TranslatableMessage>
        <TranslatableMessage id="Monitor3">Monitor #3</TranslatableMessage>
        <TranslatableMessage id="Monitor2">Monitor #2</TranslatableMessage>
        <TranslatableMessage id="Monitor1">Monitor #1</TranslatableMessage>

        <TranslatableMessage id="HighColor15Bit">High Color 15 Bit</TranslatableMessage>
        <TranslatableMessage id="HighColor16Bit">High Color 16 Bit</TranslatableMessage>
        <TranslatableMessage id="TrueColor24Bit">True Color 24 Bit</TranslatableMessage>
        <TranslatableMessage id="HighestQuality32Bit">Highest Quality 32 Bit</TranslatableMessage>

        <TranslatableMessage id="Local">Local</TranslatableMessage>
        <TranslatableMessage id="Remote">Remote</TranslatableMessage>

        <TranslatableMessage id="None">None</TranslatableMessage>
        <TranslatableMessage id="Modem">Modem</TranslatableMessage>
        <TranslatableMessage id="BroadbandLow">Broadband Low</TranslatableMessage>
        <TranslatableMessage id="Satellite">Satellite</TranslatableMessage>
        <TranslatableMessage id="BroadbandHigh">Broadband High</TranslatableMessage>
        <TranslatableMessage id="Wan">WAN</TranslatableMessage>
        <TranslatableMessage id="Lan">LAN</TranslatableMessage>
        <TranslatableMessage id="AutoDetect">Autodetect</TranslatableMessage>

        <TranslatableMessage id="Low">Low</TranslatableMessage>
        <TranslatableMessage id="Fair">Fair</TranslatableMessage>
        <TranslatableMessage id="Good">Good</TranslatableMessage>
        <TranslatableMessage id="High">High</TranslatableMessage>
        <TranslatableMessage id="Best">Best</TranslatableMessage>
        <TranslatableMessage id="Lossless">Lossless</TranslatableMessage>

        <TranslatableMessage id="PlayOnClient">Play on Client</TranslatableMessage>
        <TranslatableMessage id="PlayOnServer">Play on Server</TranslatableMessage>
        <TranslatableMessage id="DontPlay">Don't play</TranslatableMessage>

        <TranslatableMessage id="Minimized">Minimized</TranslatableMessage>
        <TranslatableMessage id="Maximized">Maximized</TranslatableMessage>

        <TranslatableMessage id="Microsoft">Microsoft Technology</TranslatableMessage>
        <TranslatableMessage id="Ericom">Ericom Technology</TranslatableMessage>

        <TranslatableMessage id="Off">Off</TranslatableMessage>
        <TranslatableMessage id="Native">Native</TranslatableMessage>
        <TranslatableMessage id="Universal">Universal</TranslatableMessage>
        <TranslatableMessage id="Both">Both</TranslatableMessage>
        -->
  </TranslatableMessages>
  <TranslatableMessages groupName="TranslatedProperty.SystemsGroups.Basic" purpose="ui">
    <TranslatableMessage id="SampleText" md5="331FD6E35E312896D726F3193D201F88">Sample Text</TranslatableMessage>
  </TranslatableMessages>
  <TranslatableMessages groupName="TranslatedProperty.Configuration" purpose="ui">
    <TranslatableMessage id="SampleText" md5="331FD6E35E312896D726F3193D201F88">Sample Text</TranslatableMessage>
  </TranslatableMessages>
  <TranslatableMessages groupName="UiApiErrors" purpose="ui">
    <TranslatableMessage id="GeneralServerError" md5="C0C340B16DD7A0AA5FC5840E70F26A90">There was a server-side error</TranslatableMessage>
    <TranslatableMessage id="ApiServerError" parameters="unknown/String" md5="CD13DC1634BCF5529BFB9CF47399C1CE">There was a server-side error when accessing '{0}'</TranslatableMessage>
  </TranslatableMessages>
  <TranslatableMessages groupName="UiApiMessages" purpose="ui">
    <TranslatableMessage id="LoadingMessage" md5="678407D19EF4F80944E6ADA551B8AC2B">Loading...</TranslatableMessage>
    <TranslatableMessage id="UnsavedDataConfirm" md5="82F9729FD514B030F0F2CCEE72931782">You have unsaved data. Do you wish to continue?</TranslatableMessage>
    <TranslatableMessage id="SaveWithWarningsConfirm" md5="2929FAC0ECC6DE58023442517C669F86">Some fields have warnings. Do you wish to save anyway?</TranslatableMessage>
    <TranslatableMessage id="DeleteConfirm" parameters="resourcesNames/string" md5="FDC611B3FDF97A4DF0D785488510E288">Do you want to delete {0} ?</TranslatableMessage>
    <TranslatableMessage id="NothingSelected" md5="17E88D85B2BE0AFA84EB70E91CE2AD7F">There is nothing selected</TranslatableMessage>
    <TranslatableMessage id="SearchTruncated" parameters="recordCount/int" md5="8E8DBD81D4B8B09C5DECE32B0640C520">Search truncated to {0} records</TranslatableMessage>
    <TranslatableMessage id="NoRecordsFound" md5="EE13995255C22FE84531A9DC9685BCA9">No records found</TranslatableMessage>
    <TranslatableMessage id="RecordsFoundCount" parameters="RecordsFoundCount/int" md5="F2BB8FD457F949AEFD59224EB295527F">Records found: {0}</TranslatableMessage>
    <TranslatableMessage id="DeleteFollowingGroups" md5="718F8E88812D215C9B27289D3A811243">Do you want to delete the following groups?</TranslatableMessage>
  </TranslatableMessages>
  <TranslatableMessages groupName="UiMiscStrings" purpose="ui">
    <!-- I can not see where we need the next 2 -->
    <TranslatableMessage id="WebServiceNotFound" parameters="unknown/string unknown/string" md5="038C8BAA95994AADE9DF7E0088392496">Web service not found {0}: {1}</TranslatableMessage>
    <TranslatableMessage id="ErrorReceivingData" parameters="unknown/string unknown/string" md5="14D02475FD00F34429F2C0FE8DDCC118">Data received is incorrect {0}: {1}</TranslatableMessage>
    <TranslatableMessage id="NoPermissionsReLogin" md5="350DFF2108B28FC83B56D7F568A9F708">You do not have access permissions.  Do you want to login as someone else?</TranslatableMessage>
    <TranslatableMessage id="LoginFailedCheckCredAndRetry" md5="DBDA0AB72E49A525D45E399FA2E5715C">Login failed.  Please check your credentials and try again.</TranslatableMessage>
    <!-- I can not see where we need the next 1 -->
    <TranslatableMessage id="ProblemAuthenticating" parameters="unknown/string" md5="F6A9625627E16CBD62BF568DC4E725FF">There was a problem with credentials authentication: {0}.</TranslatableMessage>
    <TranslatableMessage id="DesktopContentDeterminedByServer" md5="FB6EEE416164A5D1086E10862FF6ECE3">The content of the desktop is determined by its connection to a server.&lt;br/&gt;To connect to a server , &lt;a href="#"&gt;Add To Group&lt;/a&gt; and go to the Servers Tab in the &lt;a href="#"&gt;Group Page&lt;/a&gt;.</TranslatableMessage>
    <TranslatableMessage id="YouSaidYes" md5="E5A2E318CEED637A86B492ECB02E7DC3">Yes</TranslatableMessage>
    <TranslatableMessage id="YouSaidNo" md5="F8F06480B128D187067BF28EEB2FC576">No</TranslatableMessage>
    <TranslatableMessage id="LocalstoragessDisabled" md5="5ED804BC9D39417FEE8FB3F3343CFDA9">LocalStorage is disabled/unavailable on this browser</TranslatableMessage>
  </TranslatableMessages>
  <TranslatableMessages groupName="AdminLoginError" purpose="ui">
    <!-- this is for both invalid user and invalid password -->
    <TranslatableMessage id="NoSuchUser" md5="8CBBD80F1FEFA09AA694FFCEEF7E4BE1">Invalid administrator credentials.</TranslatableMessage>
    <TranslatableMessage id="DomainNotOperational" md5="44B7079EC995C217D53F7A531EA05B55">Domain not operational</TranslatableMessage>
    <TranslatableMessage id="MissingUserPrincipalName" md5="721505350D1EF54BC664762D823D8758">Account does not have an explicit user principal name</TranslatableMessage>
    <TranslatableMessage id="UserAccountDisabled" md5="48A161DDC5EDB3ADB8F1CAF40B18C5B3">Account is disabled</TranslatableMessage>
    <TranslatableMessage id="UserAccountExpired" md5="1E8F93960F5B09B7842BD6268A61CAAC">Account is expired</TranslatableMessage>
    <TranslatableMessage id="UserAccountLockedout" md5="36C71CB21293A22CB4053B8ACF5B7270">Account is locked</TranslatableMessage>
    <TranslatableMessage id="PasswordMustBeChangedNextLogin" md5="B4912666DDD6C0FB87B4874C537EFE90">Password must be changed</TranslatableMessage>
    <TranslatableMessage id="PasswordExpired" md5="A55DEEFBDDBB999BC38B9C777F5EF259">Password expired</TranslatableMessage>
    <TranslatableMessage id="DeniedLogonTime" md5="F3DD58E729F478182F71A27475EEC36A">Denied logon time</TranslatableMessage>
    <TranslatableMessage id="UnknownUserAuthenticationFailureReason" md5="FE85B6BCF1A2AB7285776194C85B2015">Unknown user authentication failure reason</TranslatableMessage>
  </TranslatableMessages>
  <TranslatableMessages groupName="TranslatedProperty.Misc" purpose="ui">
    <TranslatableMessage id="ServerState.Any" md5="D358F02B8557276F7DD51D57CAE0FD85">Any</TranslatableMessage>
    <TranslatableMessage id="ServerState.Uninitialized" md5="E32EC307923F844439A2456DC915A824">Uninitialized</TranslatableMessage>
    <TranslatableMessage id="ServerState.Registered" md5="39D1D7DAC6F749EC921C4F6F2FBAE3B9">Registered</TranslatableMessage>
    <TranslatableMessage id="ServerState.Running" md5="1350ACCF79B72BBA9EDD84C15397A0A6">Running</TranslatableMessage>
    <TranslatableMessage id="ServerState.UnableToFunction" md5="7D37107C24E3CD5602C8AE6BF4E8D530">Unable To Function</TranslatableMessage>
    <TranslatableMessage id="ServerState.Stopped" md5="B08EF2FCFEB442E1147144456FA82966">Stopped</TranslatableMessage>
    <TranslatableMessage id="ServerState.LostContact" md5="959517F91397BE82BCEAA537E1FA926C">Lost Contact</TranslatableMessage>
    <TranslatableMessage id="ServerState.None" md5="156EF32B04D511039CBD9603B5280DBB">None</TranslatableMessage>
    <TranslatableMessage id="ServerState.PermanentlyDisconnected" md5="ACEF9E2054472DEDB0B3634013FE9E8A">Permanently Disconnected</TranslatableMessage>
    <TranslatableMessage id="ServerState.TemporarilyDisconnected" md5="B1A49EDC130801FF19451414B93447C5">Temporarily Disconnected</TranslatableMessage>
    <TranslatableMessage id="ContactedWithin.Today" md5="64334BBA63F7E118947EB7F4DCA454F7">Today</TranslatableMessage>
    <TranslatableMessage id="ContactedWithin.SevenDays" md5="1894B69C7FAADB7BE47AF449F43A66DB">7 Days</TranslatableMessage>
    <TranslatableMessage id="ContactedWithin.ThirtyDays" md5="FBE16B80DDF8F9284B181540C617C4BA">30 Days</TranslatableMessage>
    <TranslatableMessage id="AccessServerState.Unknown" md5="AEA4110BC80AA3F6CB0C220EAFBC7805">Unknown</TranslatableMessage>
    <TranslatableMessage id="AccessServerState.Error" md5="847F9DCE3478DB6F05BC5BE39852B375">Error</TranslatableMessage>
    <TranslatableMessage id="AccessServerState.NotInstalled" md5="8268F5422FCF27ACC2EE8D1714950D17">Not Installed</TranslatableMessage>
    <TranslatableMessage id="AccessServerState.NotRunning" md5="0DF835B3A8D196F5286D32E040D99FD2">Not Running</TranslatableMessage>
    <TranslatableMessage id="AccessServerState.NotResponding" md5="A2F820809BFA1C1C83685372DE5C9EFC">Not Responding</TranslatableMessage>
    <TranslatableMessage id="AccessServerState.Stopped" md5="B08EF2FCFEB442E1147144456FA82966">Stopped</TranslatableMessage>
    <TranslatableMessage id="AccessServerState.OK" md5="A2CE4C7B743725199DA04033B5B57469">OK</TranslatableMessage>
    <TranslatableMessage id="AccessServerState.None" md5="156EF32B04D511039CBD9603B5280DBB">None</TranslatableMessage>
    <TranslatableMessage id="Sections.SessionConfiguration" md5="894E2F898949113FD6A152F747EE501F">Session Configuration</TranslatableMessage>
    <TranslatableMessage id="Sections.PrinterConfiguration" md5="7B8FFBDD6CC596EF910B3B85899D1AA2">Printing Configuration</TranslatableMessage>
    <TranslatableMessage id="Sections.AppliesToMacUsersOnly" md5="22BCA946BC0458D2DC77774C406A804C">Applies to Mac Users Only</TranslatableMessage>
    <TranslatableMessage id="Sections.AdvancedResourceServerSettings" md5="0BF46FCE6889E35BE0A2449DA995FE9D">Advanced Resource Server Settings</TranslatableMessage>
  </TranslatableMessages>
</TranslatableMessageGroups>