<?xml version="1.0" encoding="utf-8"?>
<TranslatableMessageGroups xmlns:xsi="http://www.w3.org/2001/XMLSchema-instance" xsi:noNamespaceSchemaLocation="..\GenericUtilities\TranslatableMessages.xsd">
  <TranslatableMessages groupName="ValidationErrors" namespace="Ericom.Utilities.Generic" purpose="validation">
    <TranslatableMessage id="IntOutOfRange" parameters="value/int minallowed/int maxAllowed/int" md5="8DBC4D472E63235BD5DB5275364FA3AE">Value {0} not in range [{1},{2}]</TranslatableMessage>
    <TranslatableMessage id="NumberValuesOutOfRange" parameters="unknown/int unknown/int unknown/int" md5="5C8F5DAAEFED068985401530ED904FEC">Number of values given {0}, must be in range [{1},{2}]</TranslatableMessage>
    <TranslatableMessage id="InvalidHostOrIP" parameters="unknown/String" md5="7E4710ACEA2C9B9A2E85F46DA0004E60">Invalid host or IP address: '{0}'</TranslatableMessage>
    <TranslatableMessage id="InvalidIPAddress" parameters="unknown/String" md5="0C94A796FF884E80FF1540E7E37D8AEB">Invalid IP address '{0}'</TranslatableMessage>
    <TranslatableMessage id="InvalidHostNotIP" parameters="unknown/String" md5="4BA1FF6DCD589ADACE9D84363452FB5D">Invalid host name '{0}'. Must not be an IP Address</TranslatableMessage>
    <TranslatableMessage id="InvalidIPAddressRange" parameters="unknown/String" md5="FB0CB9B1E37AA027C12D4D35792979D9">Invalid IP address range: '{0}'</TranslatableMessage>
    <TranslatableMessage id="InvalidIPv4AddressRange" parameters="unknown/String" md5="98AA52E0783B5463B1A2DCB0880A2EA8">Invalid IPv4 address range: '{0}'</TranslatableMessage>
    <TranslatableMessage id="InvalidIPv6AddressRange" parameters="unknown/String" md5="44BC3095587B7CAAE06DEBBBAEF78BA8">Invalid IPv6 address range: '{0}'</TranslatableMessage>
    <TranslatableMessage id="InvalidTcpPort" parameters="unknown/int" md5="B5CF00A6DB98B458557354175690321B">Invalid TCP port: '{0}'. Must be in the range [1,65535]</TranslatableMessage>
    <TranslatableMessage id="InvalidEmailAddress" parameters="unknown/String" md5="F7C75EC79CCC82EEE5A809E1D8A93FE1">Invalid email address: '{0}'.</TranslatableMessage>
    <TranslatableMessage id="InvalidPathname" parameters="unknown/String" md5="C362C70DB85F4BC256F7CD3F753CDC40">Invalid Pathname: '{0}'.</TranslatableMessage>
    <TranslatableMessage id="InvalidUrl" parameters="unknown/String" md5="C1765FAD8CE696D475712E1F33F67530">Invalid URL: '{0}'.</TranslatableMessage>
    <TranslatableMessage id="BlankNotAllowed" parameters="" md5="5014DB8BE2C1DB823FE8D6F9EEFFE05D">Field may not be blank</TranslatableMessage>
    <TranslatableMessage id="ConditionalBlankNotAllowed" parameters="unknown/String" md5="9BF7AD73CC10341E0E1448DA4C61992F">Field may not be blank because {0} is false</TranslatableMessage>
    <TranslatableMessage id="FailsRegex" parameters="unknown/String unknown/String" md5="931D7AB930DC20179B104702B6914DD6">Did not pass regex '{0}' for '{1}'</TranslatableMessage>
    <TranslatableMessage id="SyntaxErrorInFormula" parameters="formula/String message/String" md5="CAB5896B51A965DE0DF386471DB17B5F">Syntax error in formula '{0}': '{1}'</TranslatableMessage>
    <TranslatableMessage id="UndefinedVariableName" parameters="unknown/String unknown/String" md5="EBFD27CEB08047F4DAD8C520D75090A7">Variable '{0}' is not defined. Valid possibilities are '{1}'.</TranslatableMessage>
    <TranslatableMessage id="InvalidIcon" parameters="" md5="DC3E8BE8DFDF9271D25267730402A990">Invalid icon string</TranslatableMessage>
  </TranslatableMessages>
  <TranslatableMessages groupName="PropertySetFlattenedDescriptors" namespace="Ericom.Utilities.Generic" purpose="ui">
    <TranslatableMessage id="InheritedFromPropertySet" parameters="unknown/String" md5="C4CB0E18D4030C56CCB26654DA0320A3">Inherited value from {0}</TranslatableMessage>
    <TranslatableMessage id="InheritedFromBuiltInDefault" parameters="" md5="D86DFC394DF46AD8C488CA2C46C48C0C">Inherited from built-in default value</TranslatableMessage>
    <TranslatableMessage id="NotInheritable" parameters="" md5="2E7107EE20C2AB59985626B78072F142">Value is not inheritable</TranslatableMessage>
  </TranslatableMessages>
  <TranslatableMessages groupName="UtilityError" namespace="Ericom.Utilities.Generic" purpose="exception">
    <TranslatableMessage id="DirectoryDoesNotExist" parameters="unknown/String" md5="403866686880FE3A750AA1894A99C350">Did not delete {0}</TranslatableMessage>
    <TranslatableMessage id="DidNotCreateDirectory" parameters="unknown/String" md5="512D5812BD3795304B543E9AB9169725">Did not create {0}</TranslatableMessage>
    <TranslatableMessage id="UserNotFound" parameters="unknown/String" md5="07E857D1B6B7C72F001027A6F3F89DB6">User {0} not found</TranslatableMessage>
    <TranslatableMessage id="GroupNotFound" parameters="unknown/String" md5="204DD50A777FB743FF16B8F995618A9E">Group {0} not found</TranslatableMessage>
    <TranslatableMessage id="NotYetImplemented" parameters="" md5="07C24AAF76B315F6920A771E3A955D3C">Not yet implemented</TranslatableMessage>
    <TranslatableMessage id="TheHelperProvidedByTheActivedirectorysetMustBeUsed" parameters="" md5="AE93AB5181410C35104533768A477D31">The helper provided by the ActiveDirectorySet must be used</TranslatableMessage>
    <TranslatableMessage id="DidNotFindGroupname" parameters="unknown/String" md5="6599DDA103A2D1F6E1CC642726CF3FF4">Did not find groupName {0}</TranslatableMessage>
    <TranslatableMessage id="IasyncresultIsNotOfCorrectType" parameters="unknown/String" md5="B2D4987F6B58A7685B5E86E058AD9B06">IAsyncResult is not of correct type:'{0}'</TranslatableMessage>
    <TranslatableMessage id="ThisApplicationRequiresAdministrativeRights" parameters="" md5="43C38912AAC720DDA30AFA348ACA465E">This application requires administrative rights</TranslatableMessage>
    <TranslatableMessage id="CommandArgumentFileNotFound" parameters="unknown/String" md5="6EBC6896D72B4A33FC138FA2754EEAD9">Command argument file {0} not found</TranslatableMessage>
    <TranslatableMessage id="AllCommandsMustHaveACommandhander" parameters="" md5="898FDD3042F8D329EAC34EDC7A27BF31">All commands must have a CommandHander</TranslatableMessage>
    <TranslatableMessage id="MissingCloseQuoteIn" parameters="unknown/String" md5="99A6133FA56F2101E056F403025CE53C">Missing close quote in: {0}</TranslatableMessage>
    <TranslatableMessage id="NoOptionNamed" parameters="unknown/String" md5="CB11F4F2A38B508B14FB45DB5E7C7194">No option named '{0}'</TranslatableMessage>
    <TranslatableMessage id="MustBeAMemberOrAField" parameters="unknown/String" md5="D71ADE8D10A086153727EF98C2E543DC">Must be a member or a field: {0}</TranslatableMessage>
    <TranslatableMessage id="TheOptionDoesNotSeemToHaveBeenIncludedInTheCommandOptionList" parameters="unknown/String" md5="E431D29D2EDC8B45232DE91E0CCE18DC">The {0} option does not seem to have been included in the Command.Option list</TranslatableMessage>
    <TranslatableMessage id="CouldNotGetConsoleWindow" parameters="" md5="C84FE41C517543762B05F1DBDA41DEFC">Could not get console window</TranslatableMessage>
    <TranslatableMessage id="NotSpecified" parameters="unknown/String" md5="E68751A1088863FDF0102CEC1D789A9F">param /{0} not specified</TranslatableMessage>
    <TranslatableMessage id="ParameterMustBeMoreThanOrEqualZero" parameters="" md5="E4128267FA06CB7245B950B352A4A103">parameter must be &gt;= 0</TranslatableMessage>
    <TranslatableMessage id="ParameterTooLarge" parameters="" md5="47B5310BC7DB5B70A1F47EFF493F18E6">parameter too large</TranslatableMessage>
    <TranslatableMessage id="BulkInsertExpectedButGot" parameters="unknown/String unknown/String" md5="7C50D4863DBF213DC18253A733F8D938">bulk insert - expected {0} but got {1}</TranslatableMessage>
    <TranslatableMessage id="InoperatorvalueLongInvokedWithAnEmptyList" parameters="" md5="0EDC0197A3C792AC09D6E2858E6EF1B5">InOperatorValue -long invoked with an empty list</TranslatableMessage>
    <TranslatableMessage id="DatabaseFileAlreadyExists" parameters="unknown/String" md5="53E8B169A1D94B1369E76556B05643B4">Database file '{0}' already exists</TranslatableMessage>
    <TranslatableMessage id="DbFileDoesNotExist" parameters="unknown/String" md5="74286EF63D841E86C2D229428A13B568">Database file {0} does not exist</TranslatableMessage>
    <TranslatableMessage id="NoLocalSqlServerFound" parameters="" md5="41898481B5009FAE28530BCCC990CCB6">No local SQL server found</TranslatableMessage>
    <TranslatableMessage id="TheDatabaseAlreadyExists" parameters="" md5="F46ABA9E7E12780105FA6C5CCEADDE68">The Database already exists</TranslatableMessage>
    <TranslatableMessage id="DatabaseWasNotSuccessfullyCreated" parameters="" md5="DF50D81BD3B305744B58DBBABAA8120A">Database was not successfully created</TranslatableMessage>
    <TranslatableMessage id="CannotFindIncludeScript" parameters="unknown/String" md5="769DFC489F2BAFA3F97A695907FE5121">Cannot find include script: {0}</TranslatableMessage>
    <TranslatableMessage id="CannotParseFilenameCommand" parameters="" md5="21BEF0D16D1E9977D1A63A3B0CA03529">Cannot parse filename command</TranslatableMessage>
    <TranslatableMessage id="ThisDebugmonitorIsAlreadyStarted" parameters="" md5="AF3C7B8AFDC92BA0121C3028819739EF">This DebugMonitor is already started.</TranslatableMessage>
    <TranslatableMessage id="DebugMonitorOnlySupportedMicrosoftOperatingSystems" parameters="" md5="5BBD9D9C7F458970CFEF0DC7F04D86F4">This DebugMonitor is only supported on Microsoft operating systems</TranslatableMessage>
    <TranslatableMessage id="ThereIsAlreadyAnInstanceOfDbmonNETRunning" parameters="" md5="787107924529995E28550759FA5941AD">There is already an instance of 'DbMon.NET' running.</TranslatableMessage>
    <TranslatableMessage id="FailedToInitializesTheSecurityDescriptor" parameters="" md5="1360BDB93E2023C3495B5245092A95A0">Failed to initializes the security descriptor.</TranslatableMessage>
    <TranslatableMessage id="FailedToCreateEventDBWINBUFFERREADY" parameters="" md5="7E51A3EDDECABF62679611C81838D2BE">Failed to create event 'DBWIN_BUFFER_READY'</TranslatableMessage>
    <TranslatableMessage id="FailedToCreateEventDBWINDATAREADY" parameters="" md5="B0D5E29C987D5EDC39C0CEC67E6E844A">Failed to create event 'DBWIN_DATA_READY'</TranslatableMessage>
    <TranslatableMessage id="FailedToCreateAFileMappingToSlotDBWINBUFFER" parameters="" md5="79C3E2597322CEEF6DFB4176D916089E">Failed to create a file mapping to slot 'DBWIN_BUFFER'</TranslatableMessage>
    <TranslatableMessage id="FailedToCreateAMappingViewForSlotDBWINBUFFER" parameters="" md5="0C839EF16A1A3C7BEAE86A2C1234D136">Failed to create a mapping view for slot 'DBWIN_BUFFER'</TranslatableMessage>
    <TranslatableMessage id="FailedToCloseHandleForAckevent" parameters="" md5="4BAB9AAFA2794973A1D836FC6A7BFDBB">Failed to close handle for 'AckEvent'</TranslatableMessage>
    <TranslatableMessage id="FailedToCloseHandleForSharedfile" parameters="" md5="E7ADE321AB3074BC986D0BFF334ADCD9">Failed to close handle for 'SharedFile'</TranslatableMessage>
    <TranslatableMessage id="FailedToUnmapViewForSlotDBWINBUFFER" parameters="" md5="A4BF851684F05A6F8CFDB9D68A5DA42C">Failed to unmap view for slot 'DBWIN_BUFFER'</TranslatableMessage>
    <TranslatableMessage id="ThisDebugmonitorIsNotRunning" parameters="" md5="EA5652F07089BD6CBE152BF0F9E2F1FC">This DebugMonitor is not running.</TranslatableMessage>
    <TranslatableMessage id="FileDoesNotExist" parameters="unknown/String" md5="E59904C6FA8F67F8543E0621DD0FC064">File {0} does not exist</TranslatableMessage>
    <TranslatableMessage id="DoesNotExist" parameters="unknown/String" md5="07586D247E7B6D9BF1F8F94E3A5C19F7">{0} does not exist</TranslatableMessage>
    <TranslatableMessage id="CannotFindConstructorForWithArgs" parameters="unknown/String unknown/String" md5="B221D9CC62C131FE1F9C6A3CF7BCE81E">Cannot find constructor for {0} with args {1}</TranslatableMessage>
    <TranslatableMessage id="IsNotAnExceptionClass" parameters="unknown/String" md5="C56E266E5A5A7C8BAC30DBB6A83A9BB6">{0} is not an exception class</TranslatableMessage>
    <TranslatableMessage id="ProbabilityMustBeInRange01Not" parameters="unknown/double" md5="40BE254D3EDC77BA438E622A35BE1619">Probability must be in range [0..1], not {0}</TranslatableMessage>
    <TranslatableMessage id="RegexpMustBeNonNullAndNonBlank" parameters="" md5="8F1DBCDA19A45E63FD395BDFCEA822BB">Regexp must be non-null and non-blank</TranslatableMessage>
    <TranslatableMessage id="InvalidRegularExpression" parameters="unknown/String" md5="F45807A9A475E9721857D2DF0B3E13C7">Invalid regular expression: {0}</TranslatableMessage>
    <TranslatableMessage id="DoNotKnowHowToParse" parameters="unknown/Object" md5="1C38BC05D09F96A02CDAAADCDAC8642B">Do not know how to parse {0}</TranslatableMessage>
    <TranslatableMessage id="CannotParse" parameters="unknown/String" md5="21696169637FA4DCEACE2CCA88629C71">cannot parse {0}</TranslatableMessage>
    <TranslatableMessage id="CannotAssignNullTo" parameters="unknown/Type" md5="E803CA9A48422FEB5B43DAD1D5B05504">Cannot assign null to {0}</TranslatableMessage>
    <TranslatableMessage id="CannotSetToBe" parameters="unknown/Object unknown/Object" md5="DC07D2A77B3891E54BF62D1095654CE2">Cannot set {0} to be {1}</TranslatableMessage>
    <TranslatableMessage id="NoDataToSave" parameters="" md5="195A3DBC8BDB701A8EB8D9E488C010CC">No data to save</TranslatableMessage>
    <TranslatableMessage id="FilesDontSeemToBeTheSameSize" parameters="" md5="BEB9407524BC1B572AA0542392345FE0">Files don't seem to be the same size</TranslatableMessage>
    <TranslatableMessage id="ItemsShouldNotBeNull" parameters="" md5="DE35B88BAE017D2AA80C0B1AF7D26648">items should not be null</TranslatableMessage>
    <TranslatableMessage id="RandomElementExpectsANonEmptyList" parameters="" md5="52E00843078E438D59CE1F56AD0CAAA4">RandomElement expects a non-empty list</TranslatableMessage>
    <TranslatableMessage id="ValuesMustBeDistinct" parameters="" md5="90524A5189A34AC24526EA21A4B8F95E">Values must be distinct</TranslatableMessage>
    <TranslatableMessage id="AllValuesMustBePositive" parameters="" md5="581B283D4456D8466FB316B12BADD94A">All values must be positive</TranslatableMessage>
    <TranslatableMessage id="LogInitializeMustNotBeCalledWithAnEmptyString" parameters="" md5="6BC57F3B25B7122F5971B1A33A15C20F">Log.Initialize must not be called with an empty string</TranslatableMessage>
    <TranslatableMessage id="LogDestinationMustBeCoutCerrDebugstreamNoneFilename" parameters="" md5="AC5A61F06341804A70B2550CE95C4A3D">Log destination must be:cout|cerr|DebugStream|none|&gt;filename</TranslatableMessage>
    <TranslatableMessage id="LoadLogMessageDescriptorsAlreadyInitialized" parameters="" md5="E8B2BDCCF823DE0A3ED629B3EB5678D9">LoadLogMessageDescriptors already initialized</TranslatableMessage>
    <TranslatableMessage id="DuplicateEntriesFor" parameters="unknown/String" md5="79E23FC373DB9C6E5BE6A3C6A1697EDC">Duplicate entries for {0}</TranslatableMessage>
    <TranslatableMessage id="LogMessageInfoWithNameNotDefined" parameters="unknown/String" md5="BD1ADC032DCA7C3EC72B9EAD38509FEC">LogMessageInfo with name '{0}' not defined</TranslatableMessage>
    <TranslatableMessage id="NoTranslationForIn" parameters="unknown/String unknown/String" md5="79BB7D4987C393E51BBCD552E08A7616">No translation for {0} in {1}</TranslatableMessage>
    <TranslatableMessage id="NoLanguageDictionaryFor" parameters="unknown/String" md5="D2319241E331F325C60F2FC586156027">No language dictionary for {0}</TranslatableMessage>
    <TranslatableMessage id="CouldntFindATCPV4V6ConnectionBasedOnTheFiltersProvided" parameters="" md5="98098A830308438C7019FEEC631FC758">Couldn't find a TCP v4/v6 connection based on the filters provided.</TranslatableMessage>
    <TranslatableMessage id="TheUserPrincipalArgumentCannotBeNull" parameters="" md5="78DAB248ECE68C12CCE2D3A1B22D0C4B">The 'user_principal' argument cannot be null</TranslatableMessage>
    <TranslatableMessage id="InvalidBlobLengthGot" parameters="" md5="30820C63483CE14928C97FA5A20B7D17">Invalid blob length got</TranslatableMessage>
    <TranslatableMessage id="InvalidHour" parameters="" md5="739767B4C7D6CC9EAB0B0031AF5066C6">Invalid hour</TranslatableMessage>
    <TranslatableMessage id="SizeOfJobObjectBasicLimitInformationIsButExpectItToBe" parameters="unknown/int unknown/int" md5="1306A20D925FBD6145E8092B9621FED7">Size of JOBOBJECT_BASIC_LIMIT_INFORMATION is {0} but expect it to be {1}</TranslatableMessage>
    <TranslatableMessage id="SizeOfJobObjectExtendedLimitInformationIsButExpectItToBe" parameters="unknown/int unknown/int" md5="D74819ECB353A0BE9C679C719C944A1F">Size of JOBOBJECT_EXTENDED_LIMIT_INFORMATION is {0} but expect it to be {1}</TranslatableMessage>
    <TranslatableMessage id="CouldNotOpenCompletionPort" parameters="" md5="185B38672F36ECAB56FDF1C9CBA50712">Could not open completion port</TranslatableMessage>
    <TranslatableMessage id="IncorrectReturnSizeFromQueryInformationJobObject" parameters="" md5="3E03B6B5B89F8E9B135D0B5F51AD57EC">Incorrect return size from QueryInformationJobObject</TranslatableMessage>
    <TranslatableMessage id="CannotFindCmdExe" parameters="" md5="962FBA4AF65C9CFE9DE11F6B8FB1D28E">Cannot find cmd.exe</TranslatableMessage>
    <TranslatableMessage id="CannotFind" parameters="unknown/String" md5="E73E20E20625282009A25974198985E4">Cannot find {0}</TranslatableMessage>
    <TranslatableMessage id="MustSpecifyAtLeastOnProcessIdOrName" parameters="" md5="3576E42889544A068C33DAEFD18028A3">Must specify at least on process id or name</TranslatableMessage>
    <TranslatableMessage id="CannotFindFeatureNamed" parameters="unknown/String" md5="A61EA4B0CE30C018F4B827982B36BE27">Cannot find feature named {0}</TranslatableMessage>
    <TranslatableMessage id="MustInheritFromIPropertySetWithTheSameDefinition" parameters="" md5="8A244F4E19C123AE4381C978B2CE7217">Must inherit from IPropertySet with the same definition</TranslatableMessage>
    <TranslatableMessage id="WhileEvaluatingExpressionReturnedType" parameters="unknown/String unknown/String unknown/String" md5="F6F973DF46B287CA43BDB38F8A929A5F">While evaluating {0}...expression returned type {1} but expected {2}</TranslatableMessage>
    <TranslatableMessage id="MustHaveADefaultForPropertiesWithANonLiteralDefaultComputation" parameters="unknown/String" md5="969AB2D3859F4A5A7C7FB9E366096BC3">Must have a 'default' for properties with a non-Literal defaultComputation: {0}</TranslatableMessage>
    <TranslatableMessage id="DefaultComputationAndDefaultMustBeExplictilyGivenFor" parameters="unknown/String" md5="9D31C8843BDCBAA0EF3A3B9D8ADD5233">defaultComputation and default must be explicitly given for {0}</TranslatableMessage>
    <TranslatableMessage id="MustHaveVariablesWhenVariableIsSet" parameters="" md5="46FD0A7C9DCBEDBFDB5833C01DC98E70">Must have variables when Variable is set</TranslatableMessage>
    <TranslatableMessage id="MustNotHaveVariablesUnlessVariableOrFormulaIsSet" parameters="" md5="FE73073AD646F7C79D6020FC772D7018">Must not have variables unless Variable or Formula is set</TranslatableMessage>
    <TranslatableMessage id="VariablebindingsMustBeNonNullForVariablenameAndPropertyname" parameters="unknown/String unknown/String" md5="84746C5CBC0842940ABAACBFDEAE64E9">variableBindings must be non-null for variableName={0} and propertyName={1}</TranslatableMessage>
    <TranslatableMessage id="DoesNotSupportInherit" parameters="unknown/String" md5="ACA31560A505D05C397C24CBC034FB5C">'{0}' does not support Inherit</TranslatableMessage>
    <TranslatableMessage id="UnexpectedComputeBy0" parameters="" md5="3DD718CE6569BAFDA95A74FFBCA92600">Unexpected ComputeBy</TranslatableMessage>
    <TranslatableMessage id="IsNotADefinedVariable" parameters="unknown/String" md5="B446517F563C1D76AA783D938D2B8203">{0} is not a defined variable</TranslatableMessage>
    <TranslatableMessage id="IsNotADefinedVariableFor" parameters="unknown/String unknown/String unknown/String" md5="EE669B12A0EB35915E850DDC3AB65043">{0} is not a defined variable for {1} ({2})</TranslatableMessage>
    <TranslatableMessage id="CanNotSetTheValueOfAREADOnlyValue" parameters="" md5="0E63E822B41CE9AAE67326667BBFC25A">Can not set the value of a READ only value</TranslatableMessage>
    <TranslatableMessage id="UnexpectedComputeBy1" parameters="unknown/object" md5="7CF448D99562B24B707B2066554F5046">Unexpected compute by {0}</TranslatableMessage>
    <TranslatableMessage id="ShouldBeMultivaluedIfNoValueAttribute" parameters="" md5="0966FA4B73B43DF95C49B1D7F9E886C2">Should be multivalued if no 'value' attribute</TranslatableMessage>
    <TranslatableMessage id="ExpectTypeOfToBeButHaveNULL" parameters="unknown/String unknown/String" md5="A1FC691078AB3DDF1262B97F2DCD1C81">Expect type of {0} to be {1} but have NULL</TranslatableMessage>
    <TranslatableMessage id="ExpectTypeOfToBeButHaveValueOfType" parameters="unknown/String unknown/String unknown/string" md5="1DDAD50AE7816E2837D3A5D68B470448">Expect type of {0} to be {1} but have value {2}</TranslatableMessage>
    <TranslatableMessage id="ValueIsNullButTheUnderlyingTypeIsNotNullable" parameters="" md5="4AF5058F0152263A7EB6045284A0F9A6">Value is null but the underlying type is not nullable</TranslatableMessage>
    <TranslatableMessage id="HowDidWeGetHereWhereAreWeUsingEnumsAsNumbers" parameters="" md5="A7852D4A60E175BB4C39D816A872CDC4">internal error in PropertySetFlattened.FixValue</TranslatableMessage>
    <TranslatableMessage id="CannotConvertFromTo" parameters="unknown/String unknown/String" md5="0836F1B2042ABA4FEDDDD271719F0335">Cannot convert from {0} to {1}</TranslatableMessage>
    <TranslatableMessage id="RegexmatchExpectsTwoStrings" parameters="" md5="3346D9D1F053A732217A5C1ACB34E5F7">RegexMatch expects two strings</TranslatableMessage>
    <TranslatableMessage id="RegexmatchExpectsAStringListAndString" parameters="" md5="00EA4C7CC87E041FA3202BEA53E00A0D">RegexMatch expects a string list and string</TranslatableMessage>
    <TranslatableMessage id="CannotChangePropertySetInRecursiveCallToEvaluate" parameters="" md5="47A255B9B05EEF4334DE0ED99AEE805B">Cannot change propertySet in recursive call to Evaluate</TranslatableMessage>
    <TranslatableMessage id="CannotChangePropertySetInRecursiveCallToCheckSyntax" parameters="" md5="20E37F0897CE93C17EA32FA6F1DDF328">Cannot change propertySet in recursive call to CheckSyntax</TranslatableMessage>
    <TranslatableMessage id="UndefinedVariable" parameters="unknown/String" md5="F19A3F5039DD14815FC84D1E3A101638">Undefined variable: {0}</TranslatableMessage>
    <TranslatableMessage id="UnknownArgtype" parameters="unknown/object" md5="07F23BAB76D84E2A71B338CB54AC221B">Unknown argtype: {0}</TranslatableMessage>
    <TranslatableMessage id="UndefinedFunction" parameters="unknown/String" md5="788A15175E6A7CECD378FDC40BA2431C">Undefined function: {0}</TranslatableMessage>
    <TranslatableMessage id="ExpectsAtLeastArgumentsButHas" parameters="unknown/String unknown/int unknown/int" md5="BAA749BBDD44665A470665D7CC4490BB">{0} expects at least {1} argument(s) but has {2}</TranslatableMessage>
    <TranslatableMessage id="ExpectsParameterToBeAStringVariable" parameters="unknown/String unknown/int" md5="B81B71936AB99A4F9B55C86F0CE6F792">{0} expects parameter {1} to be a string variable</TranslatableMessage>
    <TranslatableMessage id="ExpectsParameterToBeAStringLiteral" parameters="unknown/String unknown/int" md5="9C51DF7D20E0E79224B7F9DFEF031B83">{0} expects parameter {1} to be a string literal</TranslatableMessage>
    <TranslatableMessage id="ParameterIsNotAValidRegex" parameters="unknown/String unknown/int" md5="3290EABBC5F0635DF6AA76FC6BC4B6E4">{0} parameter {1} is not a valid regexp</TranslatableMessage>
    <TranslatableMessage id="ExpectParameterToBeAStringLiteral" parameters="unknown/String unknown/int" md5="9C51DF7D20E0E79224B7F9DFEF031B83">{0} expects parameter {1} to be a string literal</TranslatableMessage>
    <TranslatableMessage id="ExpectParameterToBeAStringList" parameters="unknown/String unknown/int" md5="F49CFDE30A6963AD5427AE866C5C743D">{0} expects parameter {1} to be a string list variable</TranslatableMessage>
    <TranslatableMessage id="ExpectParameterToBeADictionary" parameters="unknown/String unknown/int" md5="C4B400E07365AE52732C5E80715F54D6">{0} expects parameter {1} to be a Dictionary variable</TranslatableMessage>
    <TranslatableMessage id="MultipleAddsOfSamePropertySetTypeInfoWithDifferentTypes" parameters="" md5="C8E1FE62118703475B4744F41AF3C96F">Multiple adds of same PropertySetTypeInfo with different types</TranslatableMessage>
    <TranslatableMessage id="UnexpectedDataType" parameters="" md5="91539554DE424FBBD3569B56AC05A6A2">Unexpected data type</TranslatableMessage>
    <TranslatableMessage id="IsNotAValidBuiltInValidationtype" parameters="unknown/String" md5="7E336CD890BE6DD9540C5AE64921607B">{0} is not a valid BuiltInValidationType</TranslatableMessage>
    <TranslatableMessage id="ValidatorShouldBeSpecifiedIfAndOnlyIfValidationCustom" parameters="" md5="431552AD446958534FE35414B9FAD529">validator should be specified if and only if validation == custom</TranslatableMessage>
    <TranslatableMessage id="BadRegexForWith" parameters="unknown/String unknown/String" md5="28B77E1B7032CA062F4FA71D3D65C5A0">bad regex for '{0}' with '{1}'</TranslatableMessage>
    <TranslatableMessage id="CannotFindCustomValidator" parameters="unknown/String" md5="F44B030694B9E75A7E2015DA8FDB6A87">Cannot find custom validator {0}</TranslatableMessage>
    <TranslatableMessage id="CannotDefaultConstruct" parameters="unknown/String unknown/String" md5="C81173655C98D1B0B761AE162AA85EC0">Cannot default construct {0}: {1}</TranslatableMessage>
    <TranslatableMessage id="DoesNotImplementIpropertysetvalidator" parameters="unknown/String" md5="DBC1308D16AB9B94C1B6F7645DF90D19">{0} does not implement IPropertySetValidator</TranslatableMessage>
    <TranslatableMessage id="UnsupportedValidationType" parameters="unknown/object" md5="1A00B7CF02FA97EC3D63FE77B6A53563">Unsupported validation type: {0}</TranslatableMessage>
    <TranslatableMessage id="BlankAllowedDoesNotReferToADefinedProperty" parameters="unknown/String" md5="BABE304AF855BD3B143457F31E492C40">BlankAllowed does not refer to a defined property: {0}</TranslatableMessage>
    <TranslatableMessage id="ValidationHandlerIsNullPossibleSerializationIssue" parameters="" md5="00E783E9CAD6817F86537257870E2DEC">Validation handler is null ... possible serialization issue</TranslatableMessage>
    <TranslatableMessage id="MissingHostname" parameters="" md5="FDD04995BB6E6501E71BE3ED2CA09803">Missing HostName</TranslatableMessage>
    <TranslatableMessage id="MissingSharedSecret" parameters="" md5="AD06EBD709D89EF67AB5E5AB931D08B1">Missing sharedSecret</TranslatableMessage>
    <TranslatableMessage id="EmptyKey" parameters="" md5="A44FD7FBAD9D4B993E2A8FC9671053DF">Empty key</TranslatableMessage>
    <TranslatableMessage id="MissingPassword" parameters="" md5="5F0B0D0F20320C50417F39C46E5CF34D">Missing password</TranslatableMessage>
    <TranslatableMessage id="MissingUsername" parameters="" md5="3034F5B01DC610223A106E2397CD6A2B">Missing username</TranslatableMessage>
    <TranslatableMessage id="MissingPasswordOrPasscode" parameters="" md5="BFCF123CE7A28126B368C60AF26C6C54">Missing password or passcode</TranslatableMessage>
    <TranslatableMessage id="UserNameDoesNotMatch" parameters="" md5="21E166DE77F49D752A3F0F01A7EC3CE7">User name does not match.</TranslatableMessage>
    <TranslatableMessage id="ResourceNotFoundAvailableRN" parameters="unknown/String unknown/String" md5="2A13071CB5120D030E89C10D55C97A4D">Resource '{0}' not found.  Available:\r\n  {1}</TranslatableMessage>
    <TranslatableMessage id="MustBeTheFirstTermSearchRequest" parameters="unknown/String" md5="823667EA3EEC9F138A1393B60F6FF2EA">'^' must be the first term (search request: \"{0}\".)</TranslatableMessage>
    <TranslatableMessage id="MustBeTheLastTermSearchRequest" parameters="unknown/String" md5="1964D6610D89A3C30618993F42550158">'$' must be the last term (search request: \"{0}\".)</TranslatableMessage>
    <TranslatableMessage id="HaveAsTheLastCharacterInAnExpressionSearchRequest" parameters="unknown/String" md5="8E3C2BC95A8D003FC1835E600144F98C">Have '\\' as the last character in an expression (search request: \"{0}\".)</TranslatableMessage>
    <TranslatableMessage id="NotSupportedSearchRequest1" parameters="unknown/String" md5="F0887C6021F8BC7A12A6C1CF3BA69B63">^ not supported (search request: \"{0}\".)</TranslatableMessage>
    <TranslatableMessage id="NotSupportedSearchRequest2" parameters="unknown/String" md5="D7FE5E228BC2B040C976FA656A1ACCC2">$ not supported (search request: \"{0}\".)</TranslatableMessage>
    <TranslatableMessage id="NotSupportedSearchRequest3" parameters="unknown/String" md5="911C9E7A164952FBE4AC4450E3AAB954">? not supported (search request: \"{0}\".)</TranslatableMessage>
    <TranslatableMessage id="QueryMayNotHaveNonPrintableCharacters" parameters="" md5="6C85D2F90884DDCCF075D446DA866E94">Query cannot have non-printable characters</TranslatableMessage>
    <TranslatableMessage id="CannotFindInLocalMachineUsersTryNetbiosUser" parameters="unknown/String" md5="181397F25ED2C04220A618558199979F">Cannot find {0} in local machine users. Try netbios\\user</TranslatableMessage>
    <TranslatableMessage id="SaltShouldBe8Bytes" parameters="" md5="B90979E8511D90E3213D5EACB85815C6">salt should be 8 bytes</TranslatableMessage>
    <TranslatableMessage id="VariableNotDefined" parameters="unknown/String" md5="3D71EDA851D2C58DEBA7F13318C932F6">Variable {0} not defined</TranslatableMessage>
    <TranslatableMessage id="TrailerLengthMustBeMaxlength" parameters="" md5="FECF12BB248893E0FB8DAF07C7DD8759">trailer.Length must be less than maxLength</TranslatableMessage>
    <TranslatableMessage id="RunsimultaneouslyDidNotFinishInTime" parameters="" md5="D3F1A3353185A579674848E6F36D3F6C">RunSimultaneously did not finish in time</TranslatableMessage>
    <TranslatableMessage id="LangidNotFound" parameters="" md5="6C602A145C2A80CFE952F409F1517F1B">langId not found</TranslatableMessage>
    <TranslatableMessage id="LanguageIsNotDefined" parameters="unknown/String" md5="42B13858B99804B62F2957839C22B85A">Language '{0}' is not defined</TranslatableMessage>
    <TranslatableMessage id="NotAIClientChannel" parameters="" md5="105D6B24BDBC52EEC853ED005060EF23">Not a IClientChannel</TranslatableMessage>
    <TranslatableMessage id="CannotConvertToAnInt" parameters="unknown/String" md5="952198A1FB056C9B612CA910879C8922">Cannot convert {0} to an int</TranslatableMessage>
    <TranslatableMessage id="CannotConvertToALong" parameters="unknown/String" md5="EB62892E16C5F1682F2EDF74213264B3">Cannot convert {0} to a long</TranslatableMessage>
    <TranslatableMessage id="CannotConvertToADouble" parameters="unknown/String" md5="1B2AE88E7A43E1E4DD98C43F3E0A1374">Cannot convert {0} to a double</TranslatableMessage>
    <TranslatableMessage id="CannotConvertToAUTCDatetime" parameters="unknown/String" md5="8E42E44D49380209D0C25E08824B4BA7">Cannot convert {0} to a UTC DateTime</TranslatableMessage>
    <TranslatableMessage id="NoValueFor" parameters="unknown/String" md5="B7F19F47971921121C103AC4A30A9CA2">No value for {0}</TranslatableMessage>
    <TranslatableMessage id="CannotConvertToABool" parameters="unknown/String" md5="51DCF300453337FE444B05FC2E562DB6">Cannot convert {0} to a bool</TranslatableMessage>
    <TranslatableMessage id="StringIdIsNotDefined" parameters="unknown/String" md5="E294F12E9A6A75C309DCF7B8A605D15F">StringId '{0}' is not defined</TranslatableMessage>
    <TranslatableMessage id="IsNotASupportedLanguageLanguagesAre" parameters="unknown/String unknown/String" md5="5BF063ACB70E9F90D9E82C6468E16265">'{0}' is not a supported language.  Languages are: {1}</TranslatableMessage>
    <TranslatableMessage id="EnvironmentVariableMustBeABooleanValue" parameters="unknown/String unknown/String" md5="1EACEF57C485B4F59AE33A4BD700D2AA">Environment variable {0} must be a boolean value, not {1}</TranslatableMessage>
    <TranslatableMessage id="CannotFindFileInAssmLocation" parameters="unknown/String" md5="525D0E607D1ED5FB536C233D54FFC077">Cannot find file in assm location: [{0}]</TranslatableMessage>
    <TranslatableMessage id="ContainsUndefinedEnvironmentVariable" parameters="unknown/String" md5="5A8D59D3EB482A7D40E6C40EA551423D">{0} contains undefined environment variable</TranslatableMessage>
    <TranslatableMessage id="ContainsUndefinedSpecialFolder" parameters="unknown/String unknown/String" md5="B65A180F9171FBD692C584752D92AA87">{0} contains undefined special folder {1}</TranslatableMessage>
    <TranslatableMessage id="SessionIsNotValid" parameters="unknown/object" md5="D8F55953D9CBFA086B27C27B0EB96B96">session is not valid {0}</TranslatableMessage>
    <TranslatableMessage id="NotConnectedToServer" parameters="" md5="CBA198E581936B104D3E303AA4EC09FB">Not connected to server</TranslatableMessage>
    <TranslatableMessage id="DidNotGetCreationEventInTime" parameters="" md5="4C3C9141BC09269B6D43D55FCD476ECF">Did not get creation event in time</TranslatableMessage>
    <TranslatableMessage id="Requires" parameters="unknown/String unknown/String" md5="8F6AE6D4633F105BEC332B54E287390D">{0} requires /{1}</TranslatableMessage>
    <TranslatableMessage id="RequiresExactlyOneOf" parameters="unknown/String unknown/String" md5="2F16778012D993A6ACDE339868F2BEA4">{0} requires exactly one of: /{1}</TranslatableMessage>
    <TranslatableMessage id="RequiresAtMostOneOf" parameters="unknown/String unknown/String" md5="E87CE05B235A95069F41C7BFC83B1CD2">{0} requires at most one of: /{1}</TranslatableMessage>
    <TranslatableMessage id="DoesNotSupportLiteral" parameters="unknown/String" md5="EF9D6E7A9379FAF6EB720D3AD2EC704A">'{0}' does not support Literal</TranslatableMessage>
    <TranslatableMessage id="TooManyColumnsToSendToExcelThisVersionOfExcelSupports" parameters="unknown/int unknown/int" md5="E75B126E9B4865E81CC18DCA8F853109">Too many columns to send to Excel: {0}. This version of Excel supports {1}</TranslatableMessage>
    <TranslatableMessage id="CouldNotFindDomain" parameters="" md5="7C36904B8A24DEF421513FBB8F932DF7">Could not find the Domain</TranslatableMessage>
    <TranslatableMessage id="CouldNotFindDNSHostName" parameters="" md5="FD3C9B34E01B959C6E22983B1DFACDB1">Could not find the DNS Host Name</TranslatableMessage>
  </TranslatableMessages>
  <TranslatableMessages groupName="UtilityException" namespace="Ericom.Utilities.Generic" purpose="exception">
    <TranslatableMessage id="ActiveDirectoryBadPassword" parameters="adName/String" md5="16A5506B9F2D5DE041C2BA34DB846527">Could not retrieve information from {0}. Verify active directory credentials are correct.</TranslatableMessage>
    <TranslatableMessage id="FailedLoadingCertificateWithFindTypeAndFindValue" parameters="unknown/object unknown/String" md5="E94DF1E01A4D64A3D4E5F6A5D57866C1">Failed loading certificate with find type {0} and find value {1}</TranslatableMessage>
    <TranslatableMessage id="IPEndpointIsAlreadyBoundToADifferentApplicationIDAborting" parameters="unknown/String unknown/String" md5="75F1F9AFD88B918831D36F99DC105D8D">IP endpoint {0} is already bound to a different application ID {1}. Aborting.</TranslatableMessage>
    <TranslatableMessage id="BindCertificateFailednReasonEMessage" parameters="unknown/String" md5="A97CB8D82D11A430A3CD8F5D6A523F33">BindCertificate failed.\nReason: '{0}'</TranslatableMessage>
    <TranslatableMessage id="FailedToGetTheDNSHostNameOf" parameters="unknown/String" md5="2F35B8DD0B65B4FE928B425E4CF627B3">Failed to get the DNS host name of '{0}'.</TranslatableMessage>
    <TranslatableMessage id="FailedToGetTheDNSHostNameOfFromTheIPAddress" parameters="unknown/String unknown/String" md5="22DF94B44C3A0B46FDA8327708872273">Failed to get the DNS host name of '{0}' from the IP address {1}.</TranslatableMessage>
    <TranslatableMessage id="DNSBackTranslationTestFailedConvertingTo" parameters="unknown/String unknown/String" md5="5A694966516B1376C279032B72672451">DNS back translation test failed converting '{0}' to '{1}'.</TranslatableMessage>
    <TranslatableMessage id="DNSBackTranslationTestFailedConvertingViaTo" parameters="unknown/String unknown/String unknown/String" md5="55A98F15E4DD715DCE95EFA182914B6C">DNS back translation test failed converting '{0}' via {1} to '{2}'.</TranslatableMessage>
    <TranslatableMessage id="ReturnedPacketIdentifierDoesNotMatch" parameters="" md5="9341574206A82FA63975ABFB203263CA">Returned packet identifier does not match.</TranslatableMessage>
    <TranslatableMessage id="ReturnedPacketAuthenticatorDoesNotMatch" parameters="" md5="E151A54DD8128B141EF3C8EF62236B9F">Returned packet authenticator does not match.</TranslatableMessage>
    <TranslatableMessage id="NotAbleToConnectToRADIUSServer" parameters="unknown/String unknown/int" md5="7D9481BD7BC5112CD3DF6DE6C83AFE4F">Not able to connect to RADIUS server '{0}:{1}'.</TranslatableMessage>
    <TranslatableMessage id="UserIsNotAnAdministrator" parameters="unknown/String" md5="7D6C620393F1AC0ED33E2ECC3672B4DC">User '{0}' is not an administrator.</TranslatableMessage>
    <TranslatableMessage id="UnsupportedOptionType" parameters="unknown/String" md5="92910B710F40963B29243186B2306AF7">Unsupported optionType {0}</TranslatableMessage>
    <TranslatableMessage id="UnexpectedOptionValue" parameters="unknown/object" md5="FAE41F657E478E00F1EC692FDF7B43BD">Unexpected option value: {0}</TranslatableMessage>
    <TranslatableMessage id="ExtensionMustBeEitherCsvXlsOrXlsx" parameters="" md5="A00B74FDCDDA44B555656BD006D56523">Extension must be either .csv, .xls or .xlsx</TranslatableMessage>
    <TranslatableMessage id="CannotParseFeatureOfTypeThis" parameters="unknown/object" md5="A286395619DB5236EA37998384CC6F3C">Cannot parse feature of type '{0}'</TranslatableMessage>
    <TranslatableMessage id="DoesNotExist" parameters="unknown/String" md5="6F3472CBF8ED531FFB25A2DA870253A3">'{0}' does not exist</TranslatableMessage>
    <TranslatableMessage id="DoNotKnowHowToDeepCompare" parameters="unknown/String" md5="8520A661713EFA9432DB94455F805218">Do not know how to DeepCompare {0}</TranslatableMessage>
    <TranslatableMessage id="WhileGettingValueOfTheVariableIsNotDefined" parameters="unknown/String unknown/String" md5="A87E7EAFF9540B8C512F7244C8444DC0">While getting value of {0}.  The variable {1} is not defined</TranslatableMessage>
    <TranslatableMessage id="UnrecognizedPsuedoUrl" parameters="unknown/String" md5="C22FE493E3CD9E517D7D6C40DB36C0CC">Unrecognized psuedoUrl: {0}</TranslatableMessage>
    <TranslatableMessage id="ErrorLoading" parameters="unknown/String unknown/String" md5="A32D61F2B1D02A97D9B85242F0DA944F">Error loading '{0}': {1}</TranslatableMessage>
    <TranslatableMessage id="SchemaValidationError" parameters="unknown/String unknown/String" md5="62EC42C211B6AAE9B51FCD2F285C21DB">Schema validation error of {0}\r\n{1}</TranslatableMessage>
    <TranslatableMessage id="BadValue" parameters="" md5="C372E00403BF0F18AC26E2661F5544D3">bad value</TranslatableMessage>
    <TranslatableMessage id="CannotGetIconFrom" parameters="unknown/String" md5="7ABFAC8F4D7F8B97987470631FC2AA89">Cannot get icon from {0}</TranslatableMessage>
    <TranslatableMessage id="ExceptionOnHostAddressLessThanGreaterThan" parameters="unknown/String" md5="DBDA929D40059CA056A26455AA57BB31">Exception on host address = ({0}).</TranslatableMessage>
  </TranslatableMessages>
</TranslatableMessageGroups>